temperature,voltage,rpm,label
29.11541438766307,3.2050021510445337,1455.0058636738238,0
25.785685905190583,3.3472942428328025,1535.3398974845823,0
31.137436541638763,3.217387766525883,1484.384363937054,0
24.238377755504562,3.243727594960721,1501.0710576206725,0
24.21228775747091,3.2397675301373297,1529.9768875559046,0
28.35953184482573,3.2440881244081394,1517.8531367751818,0
30.475443653422612,3.2012997519356126,1561.1638503665615,0
29.585115159905815,3.2680501033035982,1431.0958999623563,0
31.65770457765425,3.2673189090225256,1418.5491686760297,0
24.77373101466771,3.369498873269492,1520.7452062733782,0
30.45702618619504,3.3459463573387636,1507.2456182909402,0
31.784926111834963,3.2757068754416707,1510.4081262546454,0
30.63523731402396,3.3237039504728494,1572.3413800621554,0
28.618817162054096,3.3409143672429846,1409.1648767311324,0
25.823186205212373,3.2578775927204213,1415.9583953847255,0
25.862327090888243,3.220200285881946,1455.5947206220185,0
29.085475554115202,3.272966435794017,1474.0361934233765,0
25.676056246171903,3.2533955644098227,1587.3309175424988,0
29.184283081972747,3.3218262011333977,1434.2277296396194,0
29.833014383602794,3.232680498752386,1475.8910883515296,0
31.916186805092764,3.3279999519708188,1511.3899487549293,0
29.476914007918996,3.368570384037962,1555.199982309249,0
25.832384575712837,3.206420048780808,1463.0906096118165,0
26.14192700780562,3.2421965687172656,1588.5819428670109,0
31.01094101178135,3.2629355761596956,1531.087733058976,0
27.165055208485313,3.3829095179481086,1491.7703705174797,0
26.11904133198442,3.249325501538797,1512.2736268326303,0
26.101932868183482,3.3169171980447083,1579.5645767204953,0
27.195204041123176,3.2438641518314566,1599.507521299022,0
28.076210349411717,3.218181882434759,1409.423275084947,0
24.877193042805274,3.325489208340618,1558.415872872593,0
27.377279734397472,3.2127055412303918,1476.3238573013073,0
31.968971041920774,3.3058228690198272,1594.2156755227236,0
30.886237617875985,3.202296204388564,1544.1443638720389,0
29.4536829522126,3.307394066081759,1453.3650379905087,0
29.127694388638464,3.2223104347191756,1486.953050133821,0
27.62978965063365,3.390763185504216,1575.1705880756388,0
26.107112406008724,3.30011722261006,1435.7303761060264,0
31.301022714758563,3.3741037139673535,1459.6889582897265,0
29.111595958928042,3.3217940422876344,1430.567853709927,0
30.10008640060121,3.307875806023925,1555.7252957261117,0
28.24282937756142,3.200114379225589,1464.8312114009345,0
24.15581393908666,3.3858197232529235,1575.7443755646368,0
30.653324234889435,3.2615028250805325,1411.5850332988375,0
31.024076793632325,3.389389889059599,1417.1306904135758,0
27.88792370653291,3.213842503693677,1552.1204330514463,0
30.1266754344559,3.2256782928999526,1495.0564756197464,0
28.39842874795955,3.253011325788012,1574.4866082170515,0
27.385103521607096,3.2423596410884166,1507.8592177558917,0
29.83944855271981,3.240230212677939,1462.343258260179,0
31.961194853287157,3.3299756115278907,1487.6200167829008,0
28.140606728284723,3.2242008391736534,1444.9394674063115,0
26.70468449717964,3.317661743691447,1446.0229465193154,0
25.761739075612475,3.2141986172018067,1526.2205914540198,0
25.831534270489236,3.3810840026012254,1571.9270800507493,0
24.566858799109227,3.2476009268737993,1533.795555659256,0
25.71389445896351,3.226462369745005,1587.1028481161343,0
28.568344746602275,3.2945342052623587,1556.9238848581506,0
30.459975982133148,3.2380819828723757,1419.3861628457646,0
27.44840945925102,3.284715724603984,1493.404933607335,0
29.832606795678807,3.3346729094586602,1596.8330422731933,0
24.787342969215672,3.280524256420454,1467.8605210789926,0
30.89338029082233,3.249731266784057,1438.0417816881622,0
27.588908382665053,3.2843763279668807,1455.709028933388,0
25.998451583056806,3.3846531198552023,1488.6261490106913,0
30.890792838094644,3.3100650624899695,1410.1176659049763,0
31.99425974730181,3.3672055170159902,1593.7992514569503,0
31.41093586406502,3.369739146882861,1433.2622221207828,0
27.885129003605748,3.2427494598398363,1480.2080585098906,0
24.46908319977743,3.275794623795383,1597.0617687559452,0
26.121624465377216,3.3568141203897137,1491.0016734678286,0
27.384059887921303,3.3914635281719345,1599.0845378985427,0
28.446146587244947,3.343681655059265,1430.959365054813,0
26.373662603956515,3.393741872993832,1515.8360581632512,0
28.337561610994193,3.349595112075813,1411.4330545814967,0
28.67342075567177,3.300570076583903,1570.543978409657,0
25.259461823515867,3.39215578065489,1416.0222930481173,0
25.486599687845786,3.3190070212900054,1535.042510720818,0
25.88163116000745,3.223977322789425,1578.0574628258876,0
25.969722782309,3.318903830706688,1523.8763020664205,0
27.35379932268698,3.316734457858245,1504.5565431063917,0
31.477650061891417,3.2408518398847073,1543.2383601578829,0
25.909487620926768,3.279157169358251,1534.3380445919943,0
26.399976638390097,3.263235439254371,1550.3728984828804,0
24.580344915945258,3.291657104523717,1599.6908881708885,0
31.968771582840755,3.2146521442199267,1442.630862453408,0
26.12160331800321,3.3866518755987416,1576.172834737288,0
31.03416193987634,3.273905417747777,1431.5493664714463,0
30.669959637118456,3.3407079850174743,1522.33555314519,0
31.897864509052035,3.3307952635421465,1401.5646214304315,0
30.536833080923692,3.2598757504399956,1532.6777429932154,0
31.511440031416832,3.2268582228786737,1423.0857340838204,0
24.85628782167534,3.310644728176963,1454.4696424629633,0
28.83863861624179,3.3435224374277595,1440.7194624654906,0
29.073903671080636,3.252796780326082,1497.7063704298753,0
31.242691928634585,3.369220742658971,1418.4596935425466,0
27.38860618050981,3.2553360447944506,1400.7091378175564,0
30.16895378415702,3.327422675460276,1452.3910524868697,0
29.929847266783447,3.3103360842252783,1485.5373837961358,0
24.07735759686672,3.2150487720147534,1576.6212786600286,0
31.231428572479146,3.3091180578411046,1566.9190039772034,0
28.660076531918353,3.2296187571134967,1425.4891038564278,0
26.46606679944107,3.379796297748518,1559.2244609776083,0
30.885620656007223,3.3797849273052947,1442.0153076679508,0
25.996237913783396,3.2205587243343574,1556.0232483742884,0
31.07307761160807,3.2812754779664233,1524.1323020301425,0
25.23642670665764,3.3859762031387346,1572.921139243993,0
31.809648263447702,3.362154343988079,1576.283240932665,0
24.198290895185508,3.3473128943510164,1466.4370935892857,0
31.446527088386603,3.3604470277874277,1572.8128056750559,0
30.48599453259511,3.2533611419188944,1557.4749018270943,0
24.864765011223657,3.3744333565812177,1571.7186502675563,0
25.779469740365315,3.3633173211193856,1492.0606469357883,0
26.441526938708805,3.359069099830572,1445.5190974815541,0
24.18931547761161,3.238625957665542,1465.6523902395413,0
30.91482353624229,3.3933778208096723,1455.8249985443742,0
29.13185390886102,3.2799356768720123,1596.229937439652,0
28.289725859829776,3.387847428064943,1423.0683503702855,0
31.763204888177825,3.235713563234493,1592.506863152311,0
26.123730900183748,3.221680509442942,1486.9127517129289,0
29.828360485221634,3.2627354628389984,1521.2417706612287,0
28.091384477355824,3.2770390866689456,1515.3176086993199,0
26.037780049108655,3.341757056766834,1400.338255643726,0
31.40460132399266,3.3076903994185582,1543.885999828969,0
29.93560062271581,3.3341257008866,1472.844294356253,0
24.55979048901048,3.3328475369822543,1466.0400072085192,0
26.51132516046688,3.369603055901267,1543.95085260279,0
26.402578145690114,3.261856932441731,1481.6785817238433,0
27.219203096461797,3.2591310405051894,1425.4575598118306,0
27.363570670183265,3.3880727341460366,1535.4635890545467,0
31.22244436586066,3.3231029831902763,1460.189974913113,0
28.383497705085585,3.2000811879394577,1457.3827433737854,0
27.43910519991868,3.3159969562391365,1530.9411247406142,0
27.719905521976113,3.2884319598609615,1442.74028019782,0
27.78548948727461,3.380236165165651,1559.204952025356,0
25.357531169584437,3.2169591073450245,1503.0904019830432,0
29.063526846126365,3.26703765108196,1563.6846929073329,0
30.009105100325858,3.3345591341114336,1444.9281331994578,0
25.593039461812612,3.2048850775453652,1448.96850881567,0
27.80109075375044,3.3699475389249463,1414.5656458369137,0
27.315528087981754,3.3259530761475427,1438.887047347942,0
29.57083400392404,3.2988754338020874,1448.7968879156879,0
29.248464088894274,3.2011089636276067,1550.1928953236945,0
30.1603695085922,3.221317459312708,1485.0292387885468,0
25.40709345365225,3.391593208455908,1503.5915500887481,0
24.401747081125126,3.2498396559319946,1569.667269470332,0
27.65169460376138,3.360283320344453,1533.5155465172706,0
31.903139624531583,3.319090463693884,1590.007921688631,0
31.131407406483497,3.3225304645523526,1543.8547922551934,0
28.038225318595217,3.366113833944283,1509.5743901221656,0
31.177664825866096,3.348731088431917,1494.9348873646106,0
26.073532387720157,3.249447947501932,1527.5322873552313,0
30.126509474377322,3.3042599625655966,1525.3496873963563,0
26.196779575340308,3.2154966707729473,1457.1456301726305,0
26.173720856657475,3.2639419136837526,1508.0304445036913,0
25.106992492129244,3.2462522959456375,1538.7899624598103,0
29.65135313355642,3.212845770142776,1481.5198739333173,0
28.34088912403132,3.283154846820631,1441.3668779028822,0
27.361148142187403,3.3809676956680352,1516.815882840845,0
29.564183891983745,3.3713464064607868,1553.1189152236138,0
27.043048231421693,3.201179216716799,1470.351760534365,0
30.027801000475087,3.370689590113821,1590.6860676940212,0
27.352170261038573,3.34950313379561,1509.2264619467678,0
28.82602071152993,3.244107738864764,1443.8843269242873,0
27.48668780837309,3.205804963989343,1467.2259087396765,0
29.433135080226798,3.2808633338275275,1433.0089462407018,0
27.73912119385848,3.225525559456232,1524.451392194813,0
24.2157316152411,3.278804051267941,1512.8783966049548,0
24.216816370722498,3.3285499296018672,1427.1398974461129,0
27.693587552412094,3.2100569266977255,1475.8207728376278,0
25.693282273691853,3.265369160976262,1552.2459415788055,0
27.03300972451309,3.350401964710957,1566.3848570310545,0
26.018172254259046,3.2163812465523285,1403.876657410002,0
28.31535238338027,3.3999815657018417,1469.9920687440367,0
29.201152745999,3.356246609922179,1530.350931048778,0
30.03386563247621,3.3899223465431976,1439.8721364725066,0
24.163040138562657,3.230476469156958,1425.2441949748413,0
29.355670756959285,3.3127939163860036,1443.5929081813008,0
29.595719769969207,3.353379619671248,1433.5578286735604,0
28.857979951127454,3.3495851303910573,1422.9065742757796,0
30.55440939448868,3.3929441546068175,1421.6197499315213,0
24.205427403979726,3.262391448878939,1535.4694573700817,0
31.66538270564717,3.2793308883033254,1543.0029410098937,0
24.60797182274448,3.338122883186596,1525.448479120209,0
24.815210443567814,3.354496176990245,1570.0586478177593,0
28.80329291853475,3.224211013013463,1596.7688703029344,0
30.26108277088816,3.26944075306169,1485.6756026469488,0
26.96456700974445,3.3011921579354158,1468.2462349722566,0
30.79660501599662,3.3644661836180116,1421.1077741287997,0
31.68630053771663,3.327117021220289,1565.7414622004917,0
29.658469149648617,3.2870974290015353,1546.7590608026783,0
31.72378984990462,3.2540164792774804,1561.6398437613511,0
28.305383251586047,3.296699500776639,1487.1148986007788,0
29.848209714440976,3.253679107609845,1570.3426320038664,0
30.645848151124827,3.217332579611135,1576.3262368005544,0
25.950907513527646,3.2929416933206466,1522.0663408461041,0
27.031914433026113,3.205739999554018,1570.1905672624919,0
25.454718857261533,3.242423970035948,1559.5664713656192,0
26.72271074531427,3.376063995951645,1540.2367500664404,0
26.21014860604948,3.2020302228877355,1589.6125155554062,0
24.68490369566417,3.344014932820839,1497.7155693697575,0
30.06531722785973,3.3381218678893045,1529.1805799481904,0
27.92657068062869,3.3585865736264635,1418.6106701109343,0
25.77277120378024,3.3383574310590403,1461.2412060260176,0
28.65244468265894,3.294652097751905,1506.1843862291535,0
27.404030501641717,3.349187087342722,1466.158259439186,0
29.62283953748615,3.2541832853952393,1450.2807352401883,0
24.965247078018447,3.2385168586903035,1423.9109482510105,0
28.28691172307,3.3524379218968208,1437.0299684875324,0
25.731077119028846,3.2968397174425417,1544.9170002186104,0
31.812856183064454,3.3049273738217217,1456.599740654991,0
24.804208864726327,3.238823515618215,1445.496632696511,0
25.435532349483225,3.202829673451213,1506.8270178535327,0
26.194490614266137,3.3948589862205476,1510.6717933597217,0
29.579339143281555,3.2252558985916817,1573.6922394525889,0
27.92702955619023,3.3745439469997067,1514.8128439252664,0
27.755175559444083,3.288093759627202,1436.8727340780163,0
24.411013737468622,3.3882127193536205,1495.5458374531374,0
30.576925162395444,3.280141488450388,1414.816434051128,0
29.035565655615986,3.210721814858507,1429.839516894731,0
28.502716776676515,3.2607671023684457,1598.783624542044,0
24.947612497691694,3.3528886890652387,1521.2635302485926,0
30.325926638747355,3.245137427413007,1504.5145070260435,0
27.604115719110034,3.288544200803866,1572.033333165236,0
31.920250083734384,3.261076048863872,1524.2054642144296,0
28.87704729796104,3.348017861096909,1589.5180400650756,0
25.66230324658841,3.2422050390610786,1532.0856274384073,0
25.256456747047018,3.234762709665287,1415.0129737802336,0
24.021405780823088,3.2901007409235405,1518.7622390239126,0
26.33007431224822,3.246295246911205,1541.3911659758066,0
29.623900464749738,3.2908062652814087,1537.4769840142485,0
31.39128835586039,3.3575656053293463,1525.0116014328444,0
29.289464342826943,3.3867336916891024,1485.0277932208423,0
28.356499029684628,3.329526944680496,1581.6822890425212,0
30.613049277200478,3.214281967371163,1433.1845578441448,0
26.46089450091386,3.349791544413925,1513.8414098638184,0
26.308884706446733,3.2248707316349416,1537.7355982424187,0
29.597869479805738,3.3885352481488082,1500.094435423585,0
27.950361754760674,3.21608837037986,1407.9721568367227,0
27.45622931328618,3.2644643166716603,1450.0735804824008,0
24.73061509304788,3.3923822204385674,1567.1917227812362,0
28.601592873759444,3.3901572555612702,1599.9144833754904,0
29.378252674425916,3.253902205193411,1408.0463346289232,0
30.050150643300455,3.294100164650327,1530.3018978867372,0
31.32858230341414,3.2362978294446254,1517.065925055571,0
29.078277755632694,3.2983451604382026,1418.2484812587654,0
26.783688450357204,3.2666616787330183,1534.0267019042371,0
30.86186475520282,3.265960732715793,1538.7347347966866,0
26.305742362891646,3.389038707912642,1562.7132069475945,0
28.400772871774265,3.290965181720346,1462.9034314340336,0
26.58619029020796,3.3940369453617154,1480.8350114001491,0
28.11677001863284,3.397623842956351,1531.5320772966259,0
28.34074875485756,3.282649514159864,1437.5165082789053,0
26.894234873213403,3.3512886308111147,1525.081748429002,0
30.079924288488137,3.240711647670055,1509.8439278170663,0
31.42138208675558,3.287623219014476,1539.6500058244344,0
24.97140866690096,3.3946293631643387,1521.774333416393,0
25.914379698621204,3.2316756327610467,1510.167801400534,0
28.418011272429865,3.218641840256305,1598.4514278790439,0
31.303439027873345,3.292289578835757,1423.4932298179115,0
30.65714539015121,3.299675100941439,1543.3206651983583,0
28.070976120556093,3.254684979342655,1566.9447891153388,0
31.841957060827003,3.2487461812150276,1510.253015376094,0
27.0686881059772,3.384373629986312,1501.6481783185789,0
31.03461004117181,3.3728053868857177,1455.2494805644083,0
30.320049456024908,3.2829884847102693,1586.849678736504,0
28.06190140647725,3.3641098946371155,1456.5677966565654,0
26.388446798174137,3.3173875444828322,1599.7804666458678,0
27.91712277324561,3.229719083676558,1507.7161155407748,0
26.76099153354406,3.3103834834141623,1508.6860125917347,0
27.64275693493201,3.2643554700458077,1437.7304747414212,0
29.57998742096457,3.3143595283969804,1446.7124892115787,0
30.20435580079407,3.2087294598194607,1548.9410303130392,0
29.64182304820002,3.3622817805129754,1477.2157504981965,0
29.30951063587628,3.364149510341911,1596.163627731957,0
27.96262919693139,3.2074039222691155,1500.4582300265931,0
28.721443434476537,3.373940062672443,1574.8380748108616,0
27.522449678165415,3.3051902173615124,1491.3856148948485,0
29.77955062056514,3.2819957239492727,1530.9562652855468,0
25.234889750172393,3.2938981201969466,1593.8407261148434,0
26.708489872411455,3.3385409197173765,1529.9673305158544,0
30.814122338805532,3.3704682673131785,1571.8684368336533,0
27.04007518018124,3.26333223078668,1543.7434850445966,0
30.075214474674908,3.374476603479707,1407.1798199675372,0
24.54736597745241,3.326232203370928,1584.1858197560593,0
31.979407383649722,3.3493532733475853,1486.7942943846251,0
24.787545011065582,3.3267495657561583,1574.515846521418,0
27.549428413293647,3.338800232558647,1580.6848124100973,0
24.367927749417703,3.3592286930324424,1458.6735551930417,0
26.998728718202518,3.22911395913988,1506.233263629752,0
28.527424495327494,3.3585038947761907,1433.9967298136194,0
24.631746805279956,3.374167919728971,1523.9420737074831,0
25.926638334850505,3.382565803204711,1428.623544025702,0
27.68919930683998,3.2507954678827087,1451.0653416318307,0
24.075179451638967,3.3609266153950292,1580.2418847197766,0
29.420887085592636,3.2315951244143575,1488.3459567207628,0
26.764524995544654,3.3175143410252845,1527.7877404720025,0
27.394471507687182,3.25001964488154,1569.0607850285198,0
25.59373599287114,3.276938649793469,1496.6416122118433,0
25.897645615420597,3.314384538470148,1514.962386035729,0
31.94153634901518,3.259046150776654,1595.5888969153725,0
29.265838527429445,3.254896076035646,1513.1858033911399,0
29.486395941872097,3.348933768233065,1409.8088501552,0
28.851251944611796,3.2993454573047742,1580.831058178745,0
26.289553211673557,3.35977202390152,1521.4129996328531,0
26.81856764668253,3.3273235756011785,1524.178232626061,0
29.422115668986876,3.344185675334142,1531.8363080633508,0
30.706696935700133,3.3256496207373796,1580.6807408145935,0
29.170724871124182,3.261786576790527,1488.1646380325624,0
28.636590442947224,3.3464719535878475,1418.0266751492438,0
26.36088361303324,3.349496172987674,1435.1280140888614,0
25.057278381974267,3.3078815517968843,1594.297916242268,0
28.24681898962228,3.3826973948963395,1566.0945239134794,0
26.055760676506097,3.364937962508481,1496.3695659747482,0
30.451907950350133,3.349311870143409,1467.7430507603772,0
24.921357659598076,3.3925786585737754,1428.1514030011765,0
31.732001675702016,3.372028119379764,1544.8433424151037,0
31.839537942255227,3.3934539494600062,1560.9175288041124,0
26.926200395244532,3.3581363937177873,1402.7837310201803,0
28.292578466152474,3.290957205546775,1534.5656763747506,0
29.378726378808103,3.316912018330433,1564.4834602453548,0
31.522335134236435,3.2216692204398463,1446.7643804423167,0
24.20019719717186,3.3768469690429703,1512.2814764499758,0
31.322047269945276,3.244273440014798,1412.643408232039,0
30.59084281112358,3.381877527685578,1460.4380349058501,0
27.2663668463633,3.2279554025014443,1589.2523065763892,0
26.43491667484804,3.2985249237956413,1419.4383997243642,0
31.09807446822802,3.2271328097412675,1490.7287513777785,0
29.36388975080137,3.3486280243046345,1589.1948171558865,0
27.353014027317784,3.3484538029530633,1430.904580481967,0
27.319076219494455,3.2198043269421057,1497.8694075579228,0
27.264927085581604,3.390304305076212,1406.5432573710093,0
26.964239669875482,3.28867661721214,1590.1110339702855,0
30.843601546447637,3.219870924921226,1537.136053096257,0
28.35572689185716,3.3955685058904095,1471.7347682424636,0
27.185117141954983,3.237961712432216,1424.4319438174527,0
30.78426550770945,3.2909434737141035,1532.5537476123957,0
29.133635737865742,3.319429191903909,1404.271490947274,0
30.294356723636934,3.248713779432805,1425.1847770616087,0
28.516623807263706,3.2137220305648713,1553.0314751777169,0
25.65725896277327,3.243190270383735,1573.939085353909,0
26.628476427457844,3.2295108359882887,1580.1062071263516,0
24.02268441184013,3.3716812252760353,1428.9375960641016,0
25.039937051547493,3.250130839345625,1434.8994241802786,0
29.288461140778534,3.20515602995724,1402.9720654461419,0
30.31987731387803,3.2475863212180927,1464.7542923924045,0
25.393969611249418,3.2104798035722353,1548.34361139083,0
28.208684212782938,3.3491330550067993,1495.24919308465,0
30.224136314513622,3.3026475915218385,1421.8108020007692,0
28.03070951828657,3.389083128594021,1408.6730073798344,0
30.265815967843036,3.3733961815519677,1504.2902429426167,0
27.664340176781458,3.3928052366244055,1412.1650814989011,0
27.831855287986905,3.2803234509025123,1537.2194992124466,0
27.9221508331538,3.3819401658230457,1414.6981431532902,0
24.646323819286337,3.321659484726688,1413.1364466640227,0
26.200127996463625,3.326615344860203,1509.6712868096722,0
26.601483546549343,3.3989255511721845,1506.111367486265,0
27.629723340603775,3.3210853583070628,1419.8356923358083,0
29.61423534836853,3.370558547459115,1530.183332976261,0
30.15170184083791,3.34416798333152,1443.0046132654993,0
27.612439327722253,3.245698714872917,1467.7863237670351,0
27.627991223259578,3.283197930052299,1419.0171678551262,0
27.414112050087663,3.333021572612062,1474.8602046871074,0
25.22111139814979,3.3845970071468767,1413.4266616273296,0
30.654175107798835,3.2186460203407354,1419.312886513157,0
29.910367987909726,3.3623538570554783,1511.27414712307,0
28.691720661915816,3.3123172827984146,1465.929196283241,0
24.977850282836474,3.2707196159267538,1533.0681040005832,0
30.002274002011827,3.373618429773813,1544.21213574923,0
31.747189002491794,3.3200820182449355,1470.3292371386299,0
28.62334814711884,3.2425477611344014,1531.3472605976303,0
25.793958952860525,3.2216436763854537,1569.074683720269,0
26.940488404922803,3.3525211263873698,1514.8200008662925,0
30.457770969218757,3.3690310322656716,1594.9093204251417,0
30.547414876325355,3.322714656107093,1528.5398327659664,0
24.210030651628667,3.385816858198987,1565.8921579919327,0
26.139581801232886,3.236083214392171,1540.539754573121,0
26.47187751063928,3.267964931355452,1401.2211578807317,0
30.958901652291505,3.313264218952275,1480.1568687999031,0
25.13499723321015,3.326634402531103,1406.1314196761812,0
29.968894096045652,3.2430265760067023,1483.9664987529006,0
26.72716785415466,3.2740106184954008,1544.3191935485347,0
30.21468495973393,3.3135187113228795,1416.9914079954358,0
24.420870611404176,3.2314819794214307,1523.567636385206,0
29.391749684904905,3.254420568709244,1532.3877385616522,0
27.88529363912797,3.288408837339556,1454.633368872954,0
30.039545149346964,3.2227635016220404,1485.982726679578,0
26.265971760643595,3.3356972509520264,1497.32655067285,0
29.337060469890798,3.2090834725208857,1479.0526792175258,0
28.794599655555604,3.201537417179977,1460.2838724036874,0
25.6898718337625,3.2274469610514656,1451.103900804292,0
26.624978847502728,3.2015459813138625,1549.4028246859536,0
25.405558415006738,3.276041489143047,1540.7342526765328,0
28.002098772449706,3.366670840483976,1561.2400373133528,0
24.576603972737264,3.3723528724045178,1408.4604523125583,0
24.149932292685165,3.3842324869004825,1572.4220027224133,0
28.60607328589465,3.3146799361771686,1541.8997923137867,0
27.341551678747845,3.2230346745327596,1404.1713118049497,0
26.59814543556411,3.3602644308620904,1523.625052660848,0
30.656207304573655,3.383953950348277,1417.6259762595769,0
30.755874878517574,3.2486632949645466,1517.7742576605824,0
28.191700344005053,3.2791533393718666,1462.0549123671722,0
26.71610624918771,3.2666137244986264,1433.6265416091373,0
28.083866276337186,3.2228053279677105,1501.9904124645943,0
31.2473818526404,3.2698750530944762,1545.4758211347807,0
30.551588812198816,3.3630074011500026,1447.253769789345,0
25.171553746221555,3.239454360564797,1520.479797054633,0
30.081722364375135,3.3311018021037477,1435.4292257894458,0
30.18278471398048,3.298823405003478,1550.8891650493972,0
30.079017196861987,3.2897810513990127,1584.830851677132,0
28.515934267222395,3.327059663812119,1524.9043558883789,0
30.91397499865133,3.3254434813799545,1430.1914802786155,0
24.546290067966048,3.288441612767257,1460.5640870278025,0
26.197389339889273,3.211234424042616,1501.4673770579557,0
26.483262804850487,3.2903827727401365,1411.3780101667905,0
30.65357305330497,3.2153462002346913,1572.8500067850478,0
30.842346971648723,3.3230016776831146,1501.413563466791,0
27.70169327141818,3.310863274267661,1558.3635594530717,0
31.167014124454422,3.2899467407301812,1561.9631835395942,0
29.21469963718888,3.264305352576086,1495.125805588614,0
25.20688861356511,3.2123747400202203,1420.7003754540783,0
31.19301467164619,3.2686875551676535,1542.8631098334924,0
28.03639201200766,3.234511782287273,1449.548744719657,0
27.502066194473862,3.287884358352525,1504.5496070531092,0
25.26996966385233,3.2745703964202657,1456.5787157228835,0
27.270155177978562,3.267673429368284,1519.577172476598,0
30.313815452509317,3.3294610713938613,1413.1823708559434,0
24.756047580120754,3.3356758689680164,1456.8293947756229,0
29.789869240019694,3.3313128172820954,1581.2685394327355,0
30.986237296484312,3.2666724072121114,1516.5479029172839,0
25.131427044674542,3.269964157507169,1593.539301538549,0
29.587839702495046,3.2783915968670723,1519.008245630315,0
31.504017596526086,3.261916377483192,1475.33586121126,0
30.33329566290835,3.36263695676296,1534.0232799989444,0
30.631671783155717,3.3477549344258963,1537.0828880555152,0
28.21114671787339,3.3292049641466974,1484.6812732644207,0
26.89462477077428,3.272519533796409,1436.0525845753689,0
25.713541289671202,3.389533653506869,1497.2541841745456,0
25.8123443722711,3.227513070635416,1415.4330168601753,0
30.755427109487066,3.2202281527335788,1554.1749440726203,0
30.68095861307645,3.3767364330985123,1407.5494984715122,0
26.694114975714253,3.3532615208894483,1426.2098082859015,0
27.0137589665802,3.2324494424176904,1566.269011337825,0
30.168782509847908,3.36180874392786,1433.1078331488118,0
27.501387241106773,3.2821717222993065,1535.2725844377067,0
25.9002416115754,3.288839741961055,1456.9855865126717,0
29.98829214476349,3.289785592606668,1506.8022299396523,0
26.475743172502316,3.3617247742181573,1493.8031210064505,0
30.68090714180566,3.2735681916450066,1589.4260340488245,0
31.87551834825262,3.2923359956881977,1456.3543465407552,0
27.054979473525684,3.3054919576922965,1593.2536306411894,0
30.53512991664992,3.3602518448303096,1427.6797069206862,0
26.000025692712057,3.3282358072408895,1574.8233890104475,0
28.43632596339545,3.220517946349682,1569.1784553466878,0
30.80932838467823,3.2570126028118658,1552.6233660583382,0
26.182330396730855,3.3810612417956483,1429.469731198321,0
27.499780481559846,3.3892826526023523,1444.407601381396,0
27.609023921765672,3.2699170156277297,1405.3340381605876,0
24.426055097368597,3.300401422938647,1447.1556147726865,0
31.95620280990633,3.2749825346835535,1405.63750910563,0
31.446607237999626,3.367835257522321,1529.9921368588364,0
30.33104509985741,3.2275199175451745,1457.3758794626535,0
30.63809266522258,3.339214397715197,1427.7585383636372,0
29.644289402312644,3.2897202947964495,1401.0502396611237,0
24.63380617016577,3.251184785687409,1566.9926198564763,0
28.390433963550684,3.3454469570649863,1505.5543011773448,0
24.889494882593908,3.2576203156078463,1460.230238917244,0
24.38199557295081,3.2839651087506887,1558.7798217278876,0
27.65690893309159,3.222171579058003,1581.0293771323998,0
28.773912342551576,3.203287070441179,1503.0751460418812,0
25.935505075367946,3.228715368049252,1485.8477786206668,0
28.918476662207606,3.248112847761309,1483.3135190417079,0
29.314970413936074,3.2171227909974527,1594.9308981904444,0
24.541434583270767,3.305211889064434,1501.4655393159574,0
31.90665188477174,3.310830390483639,1478.0907465120129,0
27.761080625267887,3.327134158293726,1596.207884510312,0
26.029202088553703,3.2032484462217896,1557.704003255903,0
26.758419945307132,3.3465882042901285,1525.6513924951314,0
30.172010992878874,3.3470373969624623,1466.503721674397,0
24.354685506361665,3.3092027490415385,1562.7017731112176,0
25.40071301641367,3.3558285186956565,1492.9245799494076,0
29.563114015968512,3.3263471695516675,1562.2995363695213,0
24.504804296257795,3.3552380799406842,1491.5359154894707,0
26.347540569400252,3.208761255131825,1439.8939667430377,0
24.335247535443056,3.3866741959900795,1503.0767178508997,0
31.91298161836899,3.3086061395308373,1450.6627530405235,0
30.02632735055092,3.238220686146782,1471.3948352070727,0
30.246732535827398,3.3731596554156114,1466.3849372762688,0
24.995800065955066,3.273603834862935,1577.8973034024564,0
29.94646164415697,3.3789274989910107,1477.3289536521384,0
31.789788674522473,3.2992406453074046,1499.5046784987255,0
31.394483733015708,3.3038551707069885,1560.2296174803548,0
29.816650594741084,3.2157854012110936,1520.4906597660454,0
30.578730236319092,3.3090948794689274,1464.242285642919,0
24.640551288599962,3.3321838442916274,1461.2991712181506,0
28.8209730218448,3.285223214576609,1537.9529616890973,0
26.812375870175938,3.208471032570026,1574.0074350112784,0
26.82047448246786,3.39963011955461,1454.9110720149715,0
31.840218233554232,3.3895808757206174,1415.008232997632,0
29.100100303066387,3.2726622261301967,1560.219195112434,0
29.43528486251752,3.3905578792559217,1428.55589367251,0
28.860583226566842,3.3562623939486933,1406.9597931597084,0
24.53786690449687,3.355703074701373,1473.2656946214297,0
27.062835213510223,3.313448928344824,1521.018965770957,0
29.43249645530716,3.389764705853111,1474.4026756941366,0
30.104675774388635,3.314784355666779,1505.891976307258,0
27.1842723676196,3.329912147341206,1449.9223306186796,0
24.907588900680146,3.3471349718958856,1499.8087920512933,0
27.09589904031411,3.3123345421519295,1452.355335317499,0
26.082318169119226,3.289254622481123,1599.273022430952,0
26.284615021585264,3.383295781908376,1498.2400390508449,0
24.981099375231768,3.3705652580768644,1490.4085370490795,0
31.189432246289844,3.289022238548491,1417.5581482209461,0
29.455434082005098,3.36910424379494,1463.917554419994,0
26.779402357908516,3.2129878156632143,1508.4342722451124,0
31.130653458831112,3.370272410150625,1542.3618208014425,0
31.418595653785424,3.3275400045128034,1558.7392767690005,0
28.070045961394406,3.2242724910156917,1440.1960742355373,0
25.111014976306926,3.3580746121615497,1405.256805361653,0
28.432171498076762,3.273782233100244,1560.7323452577173,0
28.41317547141142,3.322389672524104,1417.2430963303866,0
26.474325740227698,3.399919008786877,1543.773931978144,0
28.2055652386424,3.3538329100749396,1564.6678799016781,0
24.59000570328991,3.394475946302753,1528.4677178772763,0
27.59979596530397,3.336021798129916,1468.90295614054,0
31.023681213203293,3.3560525857676615,1527.9587858733325,0
25.455705092417098,3.393252922786821,1486.523657296395,0
31.2856981675751,3.2110825700035557,1424.8322241278024,0
25.224123734481605,3.232931415978025,1464.5321502309112,0
29.67465706023397,3.269204616468375,1588.1808109863068,0
31.159407334568996,3.369186741231173,1450.1210617963998,0
29.080456731101968,3.310168283096628,1425.0340590253804,0
26.42259684887101,3.306695605953676,1500.5146289482525,0
25.349087213981655,3.388321397573719,1430.8388533759125,0
29.269862987070034,3.3441265536874547,1521.0277815723712,0
30.74024003290711,3.312723606886259,1565.0472534653263,0
24.22698790319102,3.2090923606582686,1528.290746764872,0
28.61416985181903,3.33022599549712,1553.3918001832621,0
27.332694269305968,3.327798238441774,1499.6076120272232,0
29.017312082384674,3.257934331360321,1591.330033990881,0
27.863558545403357,3.3609376308431465,1536.9981682391353,0
26.37947097143794,3.214594605101069,1411.9826065869338,0
27.51684399936329,3.296850226021472,1440.8046027126798,0
28.85328210256509,3.2625164998493865,1543.6725770224875,0
29.873598038436374,3.372155473150865,1595.074825582976,0
25.046129212419093,3.2741080396100584,1512.3302431496738,0
26.552927091225257,3.2932945134081275,1453.4943348908364,0
25.983351060204363,3.2193623305121144,1458.0424009939802,0
27.07319866801285,3.3230754888327936,1449.6540560762373,0
30.922460013765743,3.2319399324260325,1465.487164160239,0
28.62149630314877,3.2625429841724545,1552.6242750277256,0
27.98612433647927,3.302944967846297,1499.7519416795308,0
26.468323856435433,3.2046352596432706,1589.0465608138475,0
28.043555704190172,3.393337326110495,1443.0288845052482,0
26.823160710850843,3.2101080809255786,1498.9788407050353,0
31.058715810945607,3.3308520073779233,1494.1173706736392,0
28.293525994311416,3.3694344730786936,1486.185553869508,0
31.059645847348744,3.345501612671878,1552.771352832398,0
26.927498820140503,3.280116324202951,1514.0563287762059,0
25.557242415101754,3.3106445853242303,1414.7063499485685,0
28.034044232985636,3.3528808229414477,1455.9441355247964,0
31.91272560496578,3.336079728023772,1423.7622039447178,0
31.800662523310272,3.2787807425457216,1558.9794456761892,0
26.712682399620522,3.387789713391075,1550.9930344585587,0
25.5924630524196,3.3018245032450366,1500.0155807141289,0
24.362426819736598,3.2274072747135043,1466.6081410705535,0
27.78995320316152,3.291397711856575,1521.2521044807609,0
28.124045857178032,3.2655931695273055,1522.6136242129355,0
25.300016367015516,3.3981231475122278,1547.8638721147208,0
26.393874740226547,3.2672746904303356,1565.657877191475,0
28.25871863900701,3.3417479612870875,1459.9581129474827,0
30.525990665950594,3.273671561973154,1534.7612784946034,0
31.839184249433295,3.3167404283697572,1559.3509627860294,0
29.802593700414842,3.337608730240554,1405.3294309927667,0
27.796721712680483,3.39341413923441,1556.5807982862843,0
30.209296201376578,3.3155268791728365,1544.2800224592613,0
28.66818621638112,3.234102412349332,1525.8050482290728,0
28.957886444008714,3.368233424991653,1429.5551416600663,0
29.44581516040543,3.20631410266842,1589.6410341568603,0
24.879164170669576,3.2037874735013228,1462.7384966891711,0
25.211450064954764,3.338100052183705,1482.075481864541,0
30.199778414456727,3.384104189979442,1574.5635417824642,0
29.88669817014945,3.2124562572028865,1427.616497157042,0
25.658733639769956,3.265009906885211,1532.4453599428698,0
28.20381721120028,3.2627505197475637,1434.6364847714656,0
31.296993287392084,3.268465403536369,1470.8573977289625,0
30.175918273189925,3.3441849122654586,1528.6618199998923,0
29.546506480238566,3.3220153160157504,1438.4528338273426,0
25.97215308421888,3.311617330161481,1444.9734075985634,0
31.783285020724552,3.2595229130553816,1457.800827480705,0
25.658222358837122,3.3409976519480393,1463.4081490036897,0
26.79042539361045,3.38674007495416,1559.0810712004668,0
26.187660294043383,3.2243748211465433,1535.3244491565092,0
27.037553482995058,3.3960321074642725,1563.6754920261124,0
31.63687090713169,3.360923166791314,1458.0905303985871,0
26.301042732913118,3.3428282574996793,1469.2727028191232,0
27.539008894918684,3.2512887950946965,1495.8158526032967,0
25.61654405760477,3.3077155847417306,1586.6047867566615,0
29.56937040517458,3.2274545909601846,1523.1354068828985,0
28.694643988566522,3.2484916076820576,1533.9667929786208,0
28.248331917862394,3.3275889146817277,1410.4982213678925,0
27.306410928386068,3.343471611250049,1420.1089809554696,0
30.166128464786233,3.201036289281426,1510.0705131559234,0
31.432797441359824,3.2813814903093768,1587.0064197192303,0
31.027196972113828,3.295489704088179,1439.8911949335204,0
31.711312311127486,3.2642335404238336,1529.179583578054,0
31.26349566988498,3.2178921441023034,1514.8266706350746,0
28.281218215148836,3.3446235356484846,1587.3338759501253,0
31.30583780535882,3.2350129550961926,1576.4489946329666,0
25.4063096603109,3.383926962370187,1599.434360617702,0
27.1759565942264,3.2990767794643516,1587.3217489555525,0
31.69705104066674,3.3852079395792884,1575.3486335835846,0
24.074137347840797,3.313592373732899,1421.4601381547077,0
31.863951106968052,3.2569123304700094,1597.8198940177447,0
28.3464038684558,3.2987824840683637,1587.7121003481745,0
30.808477908623974,3.293604153801258,1438.562279654762,0
24.901174088161234,3.232498852507948,1491.7828942064723,0
26.058119041836154,3.2372398138256138,1547.3235790984513,0
30.326141315402047,3.3135562444841877,1551.4565500515123,0
25.40395931070772,3.3712293008546914,1579.408552356795,0
30.615918602210478,3.3030561317919593,1417.3475539696713,0
29.35404682727963,3.236956240209468,1428.1223751268597,0
26.58881336068066,3.249609416733429,1452.1570554130888,0
25.88417002241227,3.3507513303562915,1590.8069645309824,0
26.41556671753292,3.3445765056801995,1402.2871468388337,0
29.22946693656159,3.338553718084548,1412.4248663601072,0
24.94579878243178,3.2613612684007243,1481.0833225936794,0
28.020163769907118,3.3790236739632507,1540.7114070204511,0
26.487823587077283,3.2234831491689553,1583.2260771701272,0
26.360300801249974,3.32292508962877,1443.8257201870688,0
25.068550257574433,3.230637112937836,1549.5469674301712,0
28.845911584712553,3.283169123086245,1509.846901763673,0
27.76662461503449,3.3075035375386403,1532.8188878679327,0
25.747292981258607,3.2494930858617157,1550.9479099449732,0
30.985080467901867,3.216374061294655,1489.3495954992966,0
29.63012900124698,3.215620544429488,1512.833744454695,0
24.49406438045347,3.3095298497421863,1501.0974112185193,0
28.581613393822916,3.229970476276483,1465.6235275484414,0
28.162732329478295,3.223248004436933,1441.0802971078724,0
28.66518142752814,3.2181883288903377,1502.0750708065668,0
30.4695366654179,3.2906864600359564,1502.6495686403282,0
27.65438780569501,3.211547356186505,1492.4756611477846,0
30.45532282043514,3.3446560159650005,1479.1897419906516,0
30.531625807465044,3.3491608965663633,1515.662253011807,0
24.36231842182263,3.268905773312427,1412.7519824224166,0
31.952989283815363,3.386916559776989,1413.8038292320628,0
31.470204500679444,3.206346974204616,1481.7733871638497,0
30.15177650066786,3.353165536584742,1595.6666569848203,0
29.167046544777307,3.2840723877764657,1598.5713197161758,0
27.059836950810976,3.373924057062142,1581.3534623049145,0
27.0051642704159,3.336546070820308,1532.3585076250936,0
28.31440211135088,3.3307068196837406,1469.55397742783,0
25.427789032032894,3.3074516972796,1505.768507908802,0
29.822865127249024,3.2445380431932533,1400.6946589889815,0
24.181882618575735,3.2596725977405963,1534.6999715553134,0
28.355562712200168,3.3063867216993517,1564.6720874751568,0
25.980096308030205,3.2692319469975253,1455.1299455590254,0
31.499282889080533,3.345004789181784,1422.5689277532954,0
30.475825468313555,3.2838481196983507,1553.2106935027807,0
31.070052974762994,3.2031291592727102,1441.216324370043,0
24.807173704740055,3.2067152551508564,1519.5569793463105,0
29.62629013491943,3.2097352642487498,1548.1082156959724,0
27.21812280648725,3.2468678556975124,1443.4538420355107,0
30.90984194136045,3.2112888070048924,1500.779169788187,0
26.31410761083135,3.3631572513526633,1546.3034966232037,0
26.551229570953538,3.3195835348554525,1534.5063802873829,0
26.565320923143865,3.2603528870288407,1428.6520868326656,0
29.281699390485947,3.2442085480892064,1460.100190751484,0
24.487661096854097,3.389704051005344,1575.9427781927766,0
31.292621324964355,3.325198627529666,1485.4401164589087,0
27.964966299944166,3.394458047068737,1588.3172819663823,0
29.37074019796578,3.3571609191961036,1463.7468914632625,0
27.330597067371556,3.2298435215650327,1475.2920377014264,0
30.035328777905,3.294703764082444,1569.868186452008,0
26.40589135036118,3.3415153594975946,1561.1552319869775,0
31.317929390527244,3.3124771899173817,1593.5572377093254,0
28.458294065594185,3.226818550211816,1448.571703217917,0
25.626693864480437,3.329341170309589,1584.4452209022445,0
30.777067087356894,3.218492799305373,1544.9169424614404,0
25.523852947445906,3.253692317570996,1534.7343841269158,0
28.823376359912608,3.374724091697908,1437.632658786551,0
30.09357134029768,3.3448610479704297,1511.7700952545053,0
27.835153651767317,3.3738947703049074,1466.5928621637643,0
31.656158084213384,3.203066741245699,1587.4319526404495,0
31.696620448915674,3.223463239888667,1599.9144014035624,0
27.831367010738926,3.2485186363691483,1520.8803068157563,0
25.63610514382315,3.3830252919187114,1510.415858509563,0
30.20411105651016,3.2761323488745844,1506.7300254832526,0
26.874076444412605,3.2523123254770705,1502.5633080047546,0
27.978218344807868,3.219721646313096,1596.2636913693154,0
27.75592337618047,3.367946236312737,1582.8660997794977,0
26.965639371450067,3.282786034115725,1512.5049454928708,0
25.7701927865298,3.22918454262051,1452.154821981954,0
31.478066002370827,3.31582858520748,1483.5156147110347,0
25.219291281473147,3.265973057195572,1475.9679549482307,0
30.666901722295883,3.2998602964738644,1530.9215932242043,0
29.47877289876725,3.2514653515269765,1564.3183879384712,0
31.73206613800275,3.3283388908797416,1498.1191165161565,0
25.345869167612328,3.358995102870727,1433.8531421720363,0
29.76250824609675,3.2976632642508266,1583.3798779388733,0
28.337094842810842,3.3283618926364733,1411.746410316146,0
24.270590057317524,3.3693394766365445,1589.0376222401796,0
29.34572434714522,3.352867768714404,1482.4784444831184,0
30.74035773460279,3.246286678415489,1541.433912740692,0
24.073131693525294,3.301146583938613,1474.6401385373624,0
28.942681887014423,3.333350945910668,1523.3038722168676,0
27.865633228974602,3.2975708768006142,1401.3224713984318,0
28.413148487290055,3.202370193625579,1505.88352936833,0
26.197925897582657,3.3954958696465023,1403.4285195204855,0
30.505257767311278,3.334806590423842,1561.2335397894858,0
31.278186927990127,3.221403285738899,1419.2627780502817,0
25.191179885922004,3.2383864113983227,1505.2911970800433,0
30.52171512570626,3.253464947335327,1479.3792844996142,0
26.984412667709456,3.2812054819747773,1513.0004364895938,0
31.921864253117818,3.2451714505254845,1536.8083250940772,0
30.782936816252285,3.3307471439118306,1571.6438318042374,0
30.07668680141476,3.218700101085422,1475.852804447963,0
28.42161151623756,3.2112229878257934,1401.8900345308261,0
25.371068601768382,3.2999716786225584,1486.7819303943324,0
30.275010486320888,3.313171325590207,1571.5920626727338,0
24.76289468376584,3.3056318371283298,1408.510351523409,0
25.691336447076377,3.373623378116321,1577.5108614068986,0
27.804002301162186,3.209312394148349,1414.8696119851302,0
31.404678480647384,3.3798623301730015,1512.7019728095968,0
24.263214241227775,3.385753272250932,1462.8969386453302,0
31.691753519008046,3.317407220816898,1550.450893969373,0
29.701691199594876,3.2796592040790244,1415.3874982882692,0
25.299602005717645,3.2480944388608575,1566.9301120183504,0
27.11325285893887,3.379305153400544,1466.3459679243656,0
30.044874116167136,3.2279901188470395,1597.6955915828207,0
29.793308560754518,3.300158570327545,1594.8646654871993,0
24.42957145557915,3.2874176505687,1567.734931522635,0
26.724741971800846,3.3538011306730886,1590.9716793829332,0
27.173624394471677,3.3547109832262643,1405.925131789033,0
26.186616229030378,3.3985171756901593,1498.1206912221587,0
26.846489581646782,3.388228568994145,1486.3695892479088,0
29.43755886470527,3.332134381502975,1417.138823527347,0
28.948927122079102,3.3596110347605492,1542.621706535677,0
24.656304077385187,3.230844192773104,1542.3354309557233,0
29.071207055704406,3.3479310577953187,1463.3356457363072,0
24.85240734169009,3.201039044474006,1461.6534910272596,0
26.87933997877517,3.2539532886478773,1426.5014008988398,0
25.499134268223017,3.2897687354042904,1510.9480001217735,0
27.2643534006651,3.2052523808026594,1470.7828574690518,0
24.744514083678993,3.3196087595588546,1464.8860661144824,0
27.08190333916787,3.2583694702592645,1477.5599118756788,0
24.677596135428182,3.3802272089712866,1581.0415148626716,0
31.8253845121111,3.314392086149908,1433.9165846784651,0
27.045856187909944,3.2277680117918837,1460.2262530750138,0
27.944991537686278,3.212653430055391,1486.935253852549,0
27.368818718180194,3.2968462627867856,1415.3842722790314,0
26.013597902311222,3.249318013669401,1525.006737553779,0
28.75045118431263,3.239109644976052,1421.3944735161804,0
26.437263966010057,3.389764692478913,1466.4434430623253,0
28.961537502997516,3.3608152923914765,1465.908343255852,0
26.677889789975655,3.3630950940006006,1571.901693420167,0
31.793803012036854,3.227224894315653,1464.1330310750175,0
31.57823137612893,3.2401702977404145,1462.8366562390884,0
31.71659698475835,3.393745044349339,1458.2896303160107,0
29.55966214137688,3.2982014625784206,1515.175856324992,0
25.939394374244586,3.2752110604648297,1563.2989030865826,0
27.143481037915677,3.2227775647223997,1512.7701017257573,0
28.737816274003084,3.3091258170901643,1536.3425266260176,0
28.40079325597978,3.390600922297259,1492.3244445666296,0
29.666936410048507,3.287690990861782,1458.266241597059,0
29.542682234594743,3.3637931136008916,1559.131367199191,0
27.27313272195921,3.299860643057792,1526.6672079307327,0
25.93616934136639,3.3317325937064637,1543.0472782598852,0
30.312614105760503,3.2147930271164578,1598.1401228873935,0
27.83387759818101,3.280161019465875,1501.3225286059019,0
31.363137475826367,3.3383417731796214,1508.7290406774955,0
30.325767336394073,3.271905898603252,1579.1003030721797,0
28.295247888196702,3.3276360734021684,1416.9963868101975,0
30.151632383360322,3.3315203289161532,1471.001763889698,0
29.175998783867236,3.20885933870557,1596.7216411903964,0
29.419775166913485,3.2799235492450167,1550.5365555459211,0
31.725734221710624,3.2860911087780367,1402.109554556916,0
26.069906963229244,3.302135248105009,1503.75955336987,0
28.644146364192032,3.3150470796540854,1489.1557103009814,0
27.129073349420022,3.3544684464924863,1517.7179913080295,0
28.003726252957875,3.2689934775199037,1404.912530605154,0
24.836394864048494,3.2831950857051426,1592.345573135994,0
24.928554703671796,3.3881352316292386,1428.3350353663097,0
26.495122751180332,3.2910665270451753,1441.3734652416629,0
27.863407990235107,3.295232506241833,1487.6331876546055,0
29.574106124189328,3.26378189484354,1460.0528166363881,0
30.481487495349583,3.2230170533397575,1569.836001609382,0
29.18375933822171,3.335427866578177,1432.8708185701407,0
31.871203764706223,3.2487825893103985,1434.8906465648267,0
25.281085689722875,3.311969790497973,1591.69252434679,0
25.854844379291283,3.2810094872560507,1436.8903550302787,0
29.123831013280626,3.2864268904858567,1405.838454868478,0
28.912855498975357,3.2394648871564495,1518.4406316720738,0
27.110686242845656,3.3409471231919468,1441.1568958734645,0
30.018603962883933,3.361745957726252,1412.5127502938328,0
24.81401638981714,3.374395866001977,1437.3919671264186,0
26.60787929279055,3.2915100844412373,1452.4706790904722,0
30.901092379658458,3.3055430039255564,1527.82171713323,0
28.77576663426395,3.3222616842278003,1517.4009429130435,0
26.783397099494035,3.3691035605339117,1523.472535867285,0
30.50990603408747,3.341197672189196,1459.4889669398704,0
28.915876125703356,3.2169503937246056,1426.7895539301421,0
24.942893221293254,3.2610760005071,1436.6089036662968,0
29.547492333731565,3.3021649738974324,1483.6478212422517,0
25.10293838827646,3.2767419925675374,1437.1507398585532,0
29.084013136469082,3.338686585305871,1529.05201901599,0
31.999196420504738,3.3109825151664993,1497.9284052384419,0
25.122372280782375,3.262916002932169,1490.2001941493302,0
24.428890101046694,3.271807834434274,1401.9166879126562,0
25.092277717299968,3.3630431881307725,1592.765817882988,0
28.043504157845362,3.2989939695732806,1536.9393341119974,0
27.325043482192896,3.3679783604202447,1497.739902387937,0
24.661365006291735,3.2061721411286013,1552.2113237090848,0
26.33671927646965,3.254970583654707,1507.521723640964,0
25.34567181949259,3.29146427745469,1548.5036503859574,0
30.127356439549526,3.3099452369076103,1422.6421990584047,0
24.91365321087175,3.355022605572799,1564.6565615995132,0
26.93489417684337,3.3645221855592524,1408.3221044540467,0
29.751841929040346,3.309270654944393,1597.9551455753367,0
24.819331511019985,3.366014143308508,1550.2690989487344,0
26.38167148082315,3.3998625338557815,1489.9464685660828,0
26.78861581457851,3.3633457170232877,1487.8139806766667,0
31.951661474548935,3.3551263299761547,1447.3892110733364,0
30.48562173471528,3.317584779395362,1470.126168222798,0
29.686031675950396,3.3265541261854277,1433.1963235380517,0
25.113879727414208,3.2413239312373547,1441.3885441503533,0
24.474862669114728,3.2701630957905663,1456.2170037580395,0
28.310148368381103,3.2647307231709366,1540.8107523510378,0
26.314665947719547,3.2534686132556163,1571.6033689892515,0
31.883906418094355,3.335859863184662,1419.0450327628685,0
31.702175959950335,3.3571382096582596,1583.753742365965,0
31.939889805157396,3.373409518086756,1425.377633722762,0
30.928630359929254,3.249935448387628,1542.2789697678338,0
30.62785442158906,3.352294717495971,1535.2469107399893,0
27.915669807325102,3.3154851058608323,1453.7434304174972,0
27.3138007149203,3.290398344510073,1526.7255526700596,0
31.04100065045859,3.2186189568085237,1503.1226944175398,0
26.225805502814268,3.387267222817715,1473.8142348150843,0
31.602032630923063,3.265457856032186,1400.494617028397,0
30.193082323501546,3.3465448053078974,1546.1863874974106,0
27.667594053437742,3.3328287641663685,1471.6445458681974,0
24.506645488481396,3.306884892877513,1443.565987003041,0
27.43714480548189,3.2423702932815477,1453.7073676628845,0
30.626748936390463,3.2675510310341576,1515.5867280521902,0
28.529136887337124,3.297067580801701,1468.7479241105239,0
29.460415408745646,3.2096818522303447,1419.9149483832412,0
30.271118094724546,3.2919163525347135,1424.8474358460796,0
30.861212799428912,3.2882571897752855,1400.1351863024208,0
31.664254154431777,3.2404636412794803,1537.718376382302,0
25.05530469907211,3.3299994398681307,1431.795492581164,0
31.461804501807393,3.2548038916190567,1530.9175928837587,0
26.00311422839287,3.274368753529353,1580.7600537671315,0
25.32420063327475,3.2792683133864466,1461.101848968846,0
29.59553097219659,3.246828768296884,1531.097045676707,0
29.629584318112354,3.200217260738345,1495.3613416521828,0
25.061598336319893,3.2452381722918813,1535.9965450243158,0
24.07429558086768,3.33911942145761,1563.4218053826596,0
31.905239275714177,3.2844627867550122,1426.435030218512,0
24.566626443204097,3.2766139851351546,1546.1526763527943,0
24.819417363596052,3.2626702954881814,1576.1977989960542,0
25.097034357948367,3.354692096730125,1550.6315601982137,0
25.0651698494897,3.398588031049277,1428.5706133669787,0
28.244066212373447,3.201694948390602,1530.0040426315613,0
27.520795366238815,3.3444864052728644,1525.6160076681806,0
25.210993046754247,3.2823419788719357,1537.313233975148,0
30.8797001968172,3.217337606693198,1420.0930224955277,0
30.01956517238362,3.3179147835523026,1476.8063818686242,0
31.705989684426115,3.262900733636434,1427.9660377618468,0
26.21574125555876,3.2168497431995977,1510.679326356946,0
28.80006293780682,3.3215186197831046,1555.793930502652,0
29.52380860011723,3.3695784208879918,1531.6810740170288,0
26.41319466861759,3.3035498255594478,1501.9045132229426,0
29.982749127849996,3.2591084102484134,1410.9138262030506,0
31.183300482855916,3.3909343022694305,1498.9775439886535,0
24.901949300830466,3.2999165082545314,1518.7859536275446,0
28.226292007489473,3.395539389568667,1597.3765065686378,0
31.471395213393727,3.2263965761465405,1572.1628007873494,0
28.547043110183687,3.27308249256962,1536.5884098004854,0
30.101807503164686,3.3908905967881773,1554.0734098449227,0
24.13351521416685,3.2135065138545538,1452.4370554324134,0
24.318614895497518,3.2120937719176412,1557.8579997986183,0
28.052884834199418,3.3257141392121152,1500.209793101415,0
27.323455955003215,3.340362127724703,1416.4855623849292,0
28.292518528560123,3.3232094111333494,1455.493547146912,0
26.479255084933136,3.3022609396590665,1440.6394987915655,0
30.464480647765228,3.307278034577892,1478.1463005936698,0
29.074353978826053,3.3669052938369504,1536.2111369418421,0
24.528920668969718,3.3397351763210983,1545.9916754863084,0
30.77174492112621,3.2115811888046264,1417.2425596782978,0
27.475868708848154,3.2906743684594284,1521.7664808854888,0
26.47432051098821,3.3483387018115107,1548.1316360468356,0
24.9555440552631,3.3415801214236196,1540.2999222447731,0
25.31066104748326,3.3906032403509396,1504.6010725456817,0
30.263896812349966,3.344153103618692,1433.3925908384763,0
25.015444859848998,3.3562247959873974,1453.752897281849,0
31.091318077925248,3.354286058097925,1405.8712502345606,0
30.45686277325896,3.2543961190042707,1412.7743978246297,0
29.698585985603962,3.315330334942837,1415.4140062572772,0
27.64158222143542,3.272024779104351,1499.9220011522766,0
28.5350890259076,3.2735375555713624,1451.0232162078157,0
24.823239320174956,3.314782461038411,1544.5556746651732,0
25.827235385226007,3.3017649769821293,1408.8075814525619,0
30.903427959220892,3.2489102900713407,1494.3529179155476,0
27.063835794939195,3.2300169336482303,1586.232015431437,0
30.859881581983778,3.310572957699173,1582.789533904226,0
29.925326624852616,3.2838738608725597,1464.3604028944123,0
27.330052788010523,3.3440575842856393,1454.2515916019634,0
24.623096559735295,3.2745616333475724,1500.4081885119165,0
31.21552807406617,3.2358688700544613,1560.8676038917513,0
31.85131091153196,3.3908158814920855,1413.785287554549,0
27.72075342333509,3.256461374124181,1568.9693008522656,0
26.61840737380895,3.3106182790648138,1401.5938347114911,0
25.605369227623648,3.3127613481648375,1460.7818614536166,0
28.981740191136836,3.2927853381161,1518.3381869969633,0
27.94688540683908,3.354522652590105,1439.0844847745648,0
31.203546377811385,3.3520964440643395,1449.0253748753166,0
24.051023062014433,3.282007221913204,1446.5995483719487,0
26.77138958191525,3.367914801379235,1575.439722850315,0
31.607922097147547,3.200292408107116,1531.4607700351996,0
30.792047902231374,3.3454430078081945,1420.789803870312,0
28.2385159124801,3.2476335189041734,1498.4057753699794,0
24.479160605225516,3.3993918540215096,1542.3304949400206,0
24.744213106864706,3.3842548805944213,1579.4574943862917,0
28.158073747936296,3.340169381939736,1474.498394814816,0
31.79643832134601,3.2169804835032982,1419.115401067477,0
25.068110802007656,3.363992578378843,1414.9660968659755,0
28.542565826313666,3.286996575686997,1592.8436549465482,0
25.894173877935174,3.252198187784722,1463.0017830819515,0
30.406534575995963,3.3401451212643085,1547.0705737564736,0
26.544461754128804,3.254391174366491,1414.937487160496,0
25.62170101023387,3.3559873964937728,1516.9416071608257,0
25.243284410575495,3.232874996139954,1493.2110224873325,0
27.25210041527371,3.307184909818005,1592.9269444500458,0
25.661089804882828,3.261661543642501,1453.0015853829416,0
24.95930845084315,3.2315230754131035,1537.210968590103,0
30.611093503517196,3.3393755966474155,1408.0659616217326,0
30.68739800790389,3.2655587317769585,1418.2425807582697,0
25.98575031569004,3.2711485511008567,1502.691935075746,0
29.417467015912575,3.252033358544245,1598.1353240815815,0
24.248656746870076,3.280878445289435,1490.4402338802126,0
29.984627577669674,3.2499705256443105,1492.4086497752478,0
30.431174027550803,3.2279586078546245,1402.3913846338826,0
30.642978655157087,3.3965134474967242,1426.1430475087957,0
30.589387321506848,3.2744479487631994,1526.059509720765,0
29.157480125668016,3.3164647602828126,1451.7641304693052,0
30.501976732908915,3.2043600365477225,1412.894407209382,0
31.219968655466253,3.2886862647671977,1425.7583097994009,0
31.240623763041224,3.3658712354434837,1466.3099782504553,0
24.341570552723446,3.2921989844003883,1433.5978417458114,0
28.591073598453782,3.3643370803064565,1478.999737644384,0
24.23585834400233,3.3366425833503364,1434.5614423661577,0
25.717728847760213,3.2374302227422325,1455.9709108561447,0
31.067390391149008,3.206929888746301,1523.8353097691793,0
25.966278233961965,3.2590210325999434,1482.398441259233,0
28.405509321631843,3.2121958137865687,1455.9551974877943,0
25.09788813705652,3.2398915613333172,1576.930503244993,0
28.20651246602224,3.326150877764951,1560.4336165542254,0
30.35876995441496,3.3978807231523067,1556.383153369085,0
26.87289687870052,3.3089035612068103,1496.9358970881017,0
31.301416132786937,3.3004786511087483,1477.67625491386,0
25.438526989582954,3.263775513465876,1443.804037614619,0
31.166118252914508,3.355707656265695,1411.7182460556237,0
31.932250587444567,3.3058864583930863,1553.3684336900546,0
31.996845974490768,3.3947959723467003,1420.0268674609915,0
29.254915371009872,3.2533054002131365,1563.257032321747,0
31.338075860563524,3.21118173117049,1599.2784097012914,0
25.7552926883514,3.3693010180930267,1559.4781374758818,0
26.83843707652128,3.367844450461182,1569.0441804732561,0
25.40880294063992,3.3185039018362827,1561.2420450718778,0
29.58101250879664,3.382796000825707,1405.6413139454319,0
29.604486426811345,3.389511747014003,1512.7212973566388,0
28.504871126912146,3.237646732981051,1597.6012420809286,0
31.053010879182082,3.298445344779081,1461.810614430244,0
27.923491361019835,3.2180514753701805,1446.5246716166478,0
25.750471533532618,3.305289702829702,1400.1366992767662,0
31.343169487365174,3.2402928766704284,1426.0979091238364,0
29.735501061526527,3.383756157461441,1568.8568172875302,0
26.588710490438697,3.2043825792487146,1517.321835018242,0
31.337793179848948,3.3548732997639785,1569.296177515827,0
30.885355732732407,3.3921117500551516,1474.7181560166746,0
31.535385707744332,3.279119112470771,1420.2064340361374,0
26.414121229803754,3.227290333771498,1431.5007772033691,0
31.589548256210588,3.3583685049999743,1592.1324200737477,0
29.193442125158512,3.234840534191106,1593.7485792666334,0
29.548483186340345,3.385769041797085,1557.3983585191154,0
25.785897711845138,3.317790031156621,1435.0703259980442,0
26.454585834383664,3.3376996879197915,1425.469672944707,0
29.830647647487993,3.3897576208442572,1589.7396319699806,0
27.132811418220815,3.398856626109526,1593.0367880575102,0
24.2590619434167,3.3204777334901943,1584.2076432836159,0
31.740253484927486,3.2441790500874026,1513.1100492240641,0
31.493502348434035,3.2281286736297137,1549.0686656203966,0
25.903967401195175,3.396475930988071,1433.577483350317,0
31.0825620271611,3.2177452025140254,1541.793162629045,0
29.112821503239033,3.3773307030435644,1489.3259868195587,0
26.121699524503008,3.249908172627056,1413.5589560128467,0
26.053263532341717,3.221606920242926,1400.256231498938,0
27.08749678362728,3.3465168988997536,1593.8203650211371,0
31.07641598069782,3.2986163986947696,1475.7425149548517,0
28.368191741427633,3.2202857119274246,1495.8978500794321,0
30.912405763748616,3.3301939126226956,1537.432080843423,0
25.301252093987905,3.214741877912275,1569.152496804912,0
26.359268904929042,3.2637433815913317,1590.332426286824,0
24.593603214133275,3.234021040630238,1475.0915768159994,0
29.855880682170536,3.3094092517224465,1579.6248346239947,0
24.744837483045494,3.318806108810419,1522.7289451557788,0
27.861894291907824,3.206198640810435,1588.4884516203929,0
25.319977558095314,3.377950654080809,1431.4207554661568,0
24.810062487786684,3.2411100953435876,1437.996851517677,0
29.577573630458858,3.344407620915135,1545.994801134058,0
26.122118154799814,3.256304614689053,1447.5096569894492,0
24.397083544308078,3.3143539615715483,1567.9709009691303,0
25.228719476133875,3.2721657842454546,1485.5211914891427,0
26.35639559172972,3.3324040452019736,1520.0431056027537,0
25.59739840608757,3.2051471385463373,1434.1664383384446,0
26.33449172836886,3.216387218942599,1568.7538148693873,0
26.466827200941836,3.2794934697016247,1497.8193624241314,0
29.28832043796804,3.218227375510136,1508.8252058439361,0
25.479049764336377,3.377098538549908,1473.880332986389,0
27.566202166355666,3.252659193336577,1493.0115912309302,0
25.809938242261335,3.25371239865459,1412.3278739320199,0
30.0178811369223,3.333493691826914,1417.1414623679834,0
26.750331092368373,3.3082898012012043,1594.1411074347152,0
28.717811538428826,3.3107203812315817,1568.15943328605,0
30.54724171892299,3.2837264149868903,1507.1028823957859,0
30.9351521096445,3.294964877624384,1576.3307738835247,0
27.810098248651748,3.215791009954817,1580.5554402678308,0
29.71444559304288,3.300420294063121,1580.0910122943183,0
30.403602693765485,3.335506977115206,1524.0546228698606,0
24.962254998043466,3.351437751127839,1434.5757945612988,0
31.874943921993065,3.3944329756675513,1561.6921442638727,0
25.00948798910832,3.28467497986312,1597.6559872673831,0
27.483145964260057,3.399453845355755,1525.4452424464796,0
30.672864949408034,3.2515772719975553,1582.1608971463188,0
31.313391495188693,3.2134023906097227,1477.61983060295,0
27.178839954856286,3.2652253610739472,1455.2401639814498,0
27.66525744898092,3.3746932506745515,1557.3101277655544,0
28.984463428710466,3.304512402089962,1483.9187668450456,0
27.31553919015183,3.229639948258689,1517.5868266562775,0
30.067019102861384,3.3879299969974217,1584.9856333518546,0
28.50147007581858,3.22019808856509,1457.2185708097745,0
28.285067849167334,3.268773835715493,1482.1780074598441,0
27.064347783016423,3.2971169584572664,1521.792430390487,0
24.299725363981707,3.255082828406951,1428.7705341253347,0
28.869242112685015,3.3387322506334183,1407.756506496359,0
31.11659371131406,3.2662988151468544,1447.5158587832614,0
29.96599855871309,3.384166996581233,1579.4062724298844,0
24.161863108746175,3.3634771850610554,1460.6109906896193,0
26.242773225477134,3.2983238426718633,1539.236568934995,0
24.78573912218193,3.3737800050198397,1426.8771041936882,0
31.793755396826484,3.2886221226662857,1565.1646663559502,0
26.15535984807011,3.2833545455410764,1529.1109622855288,0
25.503485527140892,3.2422781004211796,1564.7938868510282,0
29.927558391360066,3.3518986590452515,1573.4377941100452,0
30.568139139187682,3.3030539405219113,1431.7944885278,0
26.48898474631127,3.3013590550473113,1427.1299642034119,0
30.810362727897537,3.3758665182719714,1405.7896318640371,0
25.542107574652466,3.36658598661531,1567.395335521739,0
25.995922090594235,3.291289733425616,1583.6062138682232,0
29.637071561760294,3.254795499694872,1564.7012583378232,0
28.04101099949731,3.3270819618151686,1424.77457177814,0
24.24450553905595,3.2744933523070614,1518.8087186904302,0
25.420669553310894,3.3740961543836927,1517.3760496844855,0
26.798079213157237,3.2327027229035705,1578.8983840624392,0
29.991689075879467,3.3377701075231907,1457.0138752869525,0
27.092525365927877,3.232581481119724,1514.4516122040602,0
31.71934087361804,3.3714222374876606,1529.4759783522964,0
29.421561968727765,3.2538167158537914,1481.9014392991085,0
24.160418859996195,3.3560607328521286,1553.5145456823702,0
24.071183888560366,3.3823030876104743,1529.4743108350049,0
28.80913560395627,3.2016927454229744,1450.4780882721302,0
30.44068455356389,3.2610919396769114,1593.4048886736753,0
29.141922490321313,3.284761360131924,1475.2950904542001,0
26.78967359417665,3.2503997418555755,1493.3396030994431,0
29.417569251098506,3.3648621642941325,1479.430507994424,0
24.818496823748802,3.3023027434936605,1532.4710905052505,0
30.746271600686217,3.2748459526322145,1529.4684240129181,0
28.872400837104134,3.2596951852506595,1421.6209061171687,0
24.51069643117688,3.3976721931643534,1528.118949122931,0
30.891932802014644,3.2522293815852996,1542.2187551143584,0
31.138990381447464,3.2597582223837973,1429.9858592708313,0
30.123795106428986,3.379937408949099,1561.085964526706,0
30.418909955622492,3.3200066602291143,1532.1060647362258,0
29.446046003099056,3.3442566395185223,1531.0801140924882,0
31.979752796626368,3.251885254542398,1483.7131372162683,0
27.10619936804367,3.207063800965285,1541.6137918751742,0
28.57633947229473,3.2379830320822705,1545.3099753161807,0
25.77890555181015,3.3069270203088426,1556.9794110592234,0
31.252212044040437,3.3343736951924816,1501.4629711213631,0
30.763353953956763,3.36812773891928,1575.298956868422,0
25.449086862432004,3.219520612762542,1425.5888279392107,0
26.069214804481664,3.361668773828494,1552.5836436638606,0
25.46454685610076,3.3359424738579855,1467.1264926410238,0
24.714398576155514,3.2710566792239666,1548.8419858685616,0
26.45668217065767,3.35761808736152,1466.2634273941553,0
26.08447388324563,3.2588102243300687,1570.2427776422821,0
27.764292541365442,3.3732786739385077,1516.7149239485161,0
31.554407872000617,3.2142431474808153,1577.8852122940775,0
28.003818995941636,3.3734995509396457,1476.3338439611175,0
26.386846030539708,3.2108123941285154,1570.8479540806688,0
25.09892207338499,3.240059318159029,1481.8383693504209,0
28.55522870378763,3.3813241869012254,1491.5142866123083,0
26.53106766118967,3.343133691222007,1555.788235486763,0
27.90064676598486,3.326206554452539,1435.364853312692,0
29.075991753221366,3.200942700284799,1454.7055724402999,0
30.089546249719994,3.2337211513165816,1552.8967472291515,0
27.916616725040132,3.3527138334210997,1417.608268751809,0
28.915837909800494,3.326697508140519,1480.67869607959,0
31.722622721040267,3.2766632840106924,1407.5450636949877,0
25.595314009824936,3.274620281085474,1402.8154237449264,0
26.577705070784553,3.366645733313313,1438.115341988081,0
29.41398513341688,3.3253373857343247,1449.7646245751764,0
29.548197977363177,3.268869954812664,1425.7861600856606,0
27.06840381046155,3.3177341376336145,1433.4040374536619,0
30.59075063739528,3.2596404506988277,1458.1655583618974,0
29.822655291574502,3.3192739837231007,1467.5670302415865,0
31.103792350696335,3.3990944819655855,1468.546567851512,0
31.211070209156198,3.2718501772733264,1437.6852067781738,0
31.58467482965554,3.3836410817682867,1480.678328900225,0
25.827346278686605,3.345433765627264,1426.2411552834365,0
29.87261295449217,3.3179385669598482,1433.7969483780294,0
26.93273161119879,3.3301080760242447,1407.472685538519,0
31.01235310079581,3.2511578347850585,1506.946686838768,0
24.388695692653897,3.398936046731413,1532.3939831675789,0
29.22854094720602,3.2039483533028292,1537.9499496754852,0
27.33420452143635,3.276050752585523,1509.4564769457852,0
27.795170706621896,3.2306254196248876,1539.0384058441819,0
29.042490721303494,3.2602232909513584,1532.3329152181445,0
29.299863727111173,3.253995429907438,1521.1268673848008,0
25.09730818383847,3.366130544094178,1420.9828473800194,0
29.750129796129343,3.223546913687448,1422.8025105368497,0
24.85010966645116,3.2397293323412564,1439.9498772292718,0
26.103951324909854,3.3046292215185162,1440.3346379964378,0
29.627494001970067,3.259070240200123,1407.8811415257137,0
27.970837706944742,3.2415387968543232,1586.6248689303754,0
26.644828929573613,3.2005475998114785,1534.326626493041,0
31.255040354158336,3.367046433052648,1533.804386100328,0
25.19315594133413,3.218016534715185,1502.3410693929318,0
29.78850893518783,3.2202580957185916,1451.178420550133,0
25.849282291933967,3.3977331861515205,1459.2044357420878,0
27.714218857889186,3.2199617830115237,1434.9403617890782,0
24.315556159749548,3.258113435447536,1560.3192205380894,0
26.501656855702116,3.347708039158435,1418.999694066116,0
30.065632038729905,3.2091778174186834,1570.3997450148977,0
29.30684021992675,3.2341024552712754,1471.5054808475488,0
27.501716134255478,3.3243614066665015,1575.6951074794947,0
24.743610523499378,3.362992857907299,1436.5738840607285,0
27.206220114246022,3.3924619860299505,1454.366618150038,0
27.085723918074514,3.370134315607317,1559.97981938979,0
29.19077187097811,3.3593819114070813,1422.6113112755293,0
29.56935898819036,3.211729279133036,1588.49339759998,0
25.27516317985732,3.2832055433261793,1518.1500605980677,0
30.41811827236077,3.335678627249841,1436.2521121074603,0
27.038006232927103,3.271719782965419,1405.7632459142444,0
29.47571306705178,3.3677072953094225,1594.688916045074,0
25.04524263638733,3.3840795971276205,1422.5874958747536,0
27.290274109881395,3.2091944650759343,1452.322573445698,0
26.513903558990968,3.3409136352961246,1535.585784204033,0
30.14022974631928,3.3153298016246757,1513.0024451374784,0
31.82316446040639,3.3339688716428633,1467.6601283536847,0
28.18482540179739,3.340116036859511,1419.048427690339,0
29.293706102767704,3.2497153989701415,1469.1498974915007,0
29.41036454685953,3.276975323481343,1567.8066042459575,0
28.466753893617504,3.3975583249522954,1410.9132230455352,0
29.147189732454503,3.2313854746603483,1569.7691149552002,0
30.81496921156853,3.3738831269225535,1414.973048495397,0
27.93318368915521,3.2481783633394463,1594.0290097566801,0
24.402805716212352,3.24454130463376,1528.6634629646503,0
27.22621594769378,3.2469999999982577,1491.818918949647,0
30.410090301813778,3.2896197171330748,1571.3178448356034,0
27.576544959310382,3.2237413704107265,1499.4746696133002,0
29.226984025106972,3.2205286642960305,1482.4677095351099,0
28.457048091238665,3.2000339430956672,1418.1791093823065,0
28.83362620849438,3.3238132307492765,1460.9195916207298,0
28.06670192255572,3.2413702497699797,1534.2948741558312,0
31.602841039946924,3.272668495513962,1410.8550426611137,0
25.783344915170517,3.290891996520717,1512.0301690212136,0
28.958063757416674,3.294626736218718,1531.433441286228,0
29.727308002265243,3.2228046716711476,1551.8639902158234,0
25.77397686256152,3.268271422915368,1565.9767771268803,0
31.71546946763472,3.258396712761656,1504.3970173208272,0
29.616768426079883,3.209155621971007,1432.8310735410782,0
25.12359349857799,3.3433712225295764,1544.3118190902633,0
24.85569204415615,3.3221703532277367,1437.5086801063208,0
31.441730073225163,3.278579297983035,1491.4092016585978,0
30.251363229190037,3.3433575828938684,1421.5531494574984,0
27.31576276102664,3.385325306107462,1567.493247497293,0
28.710488863183212,3.354429034727446,1490.1009193917928,0
29.26765356000162,3.39123806432515,1426.9272028861265,0
27.99062913682089,3.306072869503817,1409.714321126381,0
31.48246624665322,3.367763222135783,1496.5863927071853,0
28.066663192575067,3.38423246280876,1435.440487700429,0
28.628435085633413,3.3460989323485557,1425.6763564103155,0
27.099244633765327,3.3201092043610823,1576.5391727117355,0
28.032880954825316,3.276932527748741,1595.9001520410086,0
31.327281933576792,3.3524749312523587,1454.7191759912223,0
31.70874830143802,3.39409832998242,1490.5691412162732,0
25.06697464812875,3.282549094561524,1540.002856979425,0
29.98741492702333,3.259782626991085,1540.298862081477,0
30.885660369033264,3.342374871279029,1587.1024154925071,0
29.06066627605811,3.240177816465069,1524.8335178410775,0
26.324635963834005,3.269058716179716,1534.4747426102633,0
31.850683969878936,3.3300172775613954,1591.6652905610392,0
28.031147512345996,3.3388623947454654,1464.4762794827711,0
24.923242018269004,3.270447560492576,1496.0739844781253,0
28.565105554024793,3.3334314476104434,1483.4955866251044,0
29.982949787012696,3.3682778604833823,1457.1855960450728,0
30.77840873136439,3.361660955865339,1504.5459972418405,0
24.20217713003578,3.2290653423265594,1534.0508357533884,0
25.599219338117734,3.350037003734011,1432.187078868646,0
26.29292438527288,3.250112201491637,1567.8763628930342,0
29.524758802912082,3.259028113192321,1550.718789609033,0
24.258451065938615,3.3628052435108935,1420.4960012675954,0
30.944282989235283,3.34789849603457,1572.9682970409206,0
29.939301886982882,3.312254110558162,1447.5190945132408,0
30.274457382967093,3.359764350497914,1457.527730901444,0
29.31594854873299,3.3852969622337556,1477.510929728398,0
31.653615760094613,3.3951645444112253,1462.5307961789267,0
28.41699678026451,3.202593047534928,1450.268225674461,0
28.96449356489479,3.356184978575177,1574.023618464267,0
30.639867855641157,3.382297275414748,1540.9258137785575,0
29.181059084400005,3.35102154104171,1509.3230273402482,0
28.827095818309132,3.3552293490244662,1592.857964625206,0
26.353421774435933,3.235485179697653,1536.531770340307,0
25.49581265225859,3.2347590263710613,1502.7693705549148,0
27.017585816421164,3.285701562880147,1511.3197241190667,0
25.04053224092298,3.316797211536786,1451.0032296264844,0
26.644502309938154,3.341937859263263,1430.9611395596573,0
25.229627068557036,3.2645260059787042,1410.1710882390453,0
31.45905492456953,3.323121735219866,1532.3780421929878,0
27.924407529229413,3.314535398110986,1471.617117632748,0
30.27225158856401,3.263571801074438,1443.9924030855116,0
25.47095278028287,3.2136352938208854,1501.028070091263,0
27.327449950163373,3.307407190506782,1418.3891107878133,0
25.769584648811623,3.2426707620372395,1466.3767029807964,0
26.88638259730186,3.243689057156903,1550.5311379109035,0
28.2439911648546,3.3993262165208677,1564.7376801850405,0
31.84906558092237,3.2017607392590075,1533.7876935988772,0
27.56533797027754,3.3808992916975384,1522.740219412159,0
28.969053580989073,3.391779363214787,1536.5102721537055,0
26.56749608405665,3.383186486059735,1588.9975340863675,0
27.08700747827235,3.308047462588512,1456.5657988558794,0
31.290687413028945,3.364421812847993,1474.9916084323959,0
30.42253390006635,3.2891113795143436,1408.7703321821004,0
31.186252871246825,3.2385024775867355,1502.7789400254867,0
31.585694557187345,3.233478961842699,1591.2552412946798,0
28.303798647714007,3.201466117243369,1413.094364420744,0
29.362681009144453,3.354716453273855,1572.9901711425262,0
27.393675615529126,3.220785361834734,1507.5508428048322,0
29.621942930140328,3.3952447842678053,1555.0413480926122,0
29.172489274546763,3.3879502223016624,1549.3781651348525,0
25.230036617741163,3.2918450470520084,1466.3430750934576,0
24.70016718347359,3.2108536141782884,1558.842957395178,0
28.464673642542486,3.3149924588525583,1445.5291269883314,0
26.069183671929405,3.277606520728954,1526.0434529251575,0
27.464200277114166,3.2033781936608285,1534.6597464655426,0
28.27867496048802,3.328284549296328,1523.6698717821205,0
30.04768477356142,3.3171216026626777,1540.1764062766003,0
24.580715558391816,3.3856095500332666,1421.2271083739945,0
30.29513518130056,3.260270141968974,1417.3010442875586,0
30.1221939281637,3.287535229893645,1479.0226516457235,0
29.285785319257926,3.2947975354735903,1506.6935527620699,0
25.091051682636376,3.278198513085798,1559.4969225666932,0
28.36579574912658,3.3920268530160866,1428.8151074916966,0
29.4183123640405,3.3828337832769235,1559.0034244464919,0
29.83459661292676,3.274626102980065,1589.8930207061026,0
28.428193502114233,3.3110139491280526,1424.6470317866997,0
24.040238712592043,3.319330977490666,1507.4304097108923,0
31.575835113830976,3.2609382304699017,1549.6593173465587,0
31.22837100779637,3.2687703299697293,1482.5308992052496,0
29.1674520284807,3.3025105389095173,1432.190871512879,0
25.766303754859265,3.3669496733736124,1438.865243069265,0
25.4508638781892,3.3599320107211064,1570.450225553495,0
30.811101779403792,3.3864739730806295,1598.8626100850868,0
27.690121629516753,3.3099329219358333,1458.130533504017,0
24.53890205923841,3.2196404802760745,1545.1178514668281,0
27.897523281069986,3.2661701863365447,1425.6430293191904,0
29.24378384557562,3.2200090114550846,1523.9031554308665,0
31.200948726743373,3.2635571874467453,1490.129195642987,0
28.930739442075627,3.2611350978813443,1516.8339865690396,0
28.524416063240878,3.2728986871357257,1463.2666318992658,0
27.42645914367673,3.2009663765329344,1449.2350277090968,0
25.772205633652156,3.3479632431877233,1487.2248132179377,0
30.72088047024524,3.226861166476578,1546.594559150283,0
31.02308663606369,3.292569675215122,1471.7483204227194,0
26.443774371562682,3.3103343652320394,1435.154032179045,0
28.85302132856689,3.368358599067652,1571.7427310741598,0
25.1200133497296,3.3077236074156047,1452.6469301187167,0
31.090686656631163,3.2152924757114434,1415.0799913586752,0
24.149042358969883,3.3014356622571146,1406.2388462016618,0
28.655123923951436,3.281026893510223,1518.0072623681435,0
31.250428619185467,3.310318799705232,1508.6938647836237,0
31.989825400094816,3.294420790156585,1555.0394477674856,0
26.926549040824078,3.244661329524871,1554.4289687120925,0
29.865814617703208,3.258199832042875,1492.9402284340906,0
28.083295946750283,3.2793570315299414,1500.4334539332863,0
29.301427915029574,3.3695963680207734,1561.3080113855797,0
28.912287812481026,3.233168710406432,1502.8273361032764,0
27.569763550712015,3.235829036781724,1589.7423663225957,0
29.275306455623813,3.3935471119675027,1547.1839617669648,0
27.868027325819448,3.2717591077691615,1443.7638234518056,0
27.90113718698918,3.212572232282694,1473.887037089495,0
24.342467526709175,3.2413548149435005,1581.545218514592,0
26.89001091647703,3.293934845802042,1490.9286899589777,0
24.371499660009427,3.3961179564126205,1464.8142220127954,0
29.629890022780977,3.30427458082671,1565.92943113073,0
30.678978129739146,3.252663213876831,1508.8700124176744,0
25.3907985315716,3.330735062626777,1473.0593555982095,0
29.2266923724548,3.367093813535329,1503.3325795107878,0
27.010630248348363,3.381448485289364,1503.274356433514,0
26.823184062077807,3.3735438843742496,1497.3723125348351,0
27.856880717705007,3.3208421960571375,1500.3673968941484,0
25.11174645661704,3.2331211644857984,1415.4176451482494,0
29.14781601910648,3.242303420827151,1437.3811351617535,0
26.89778355372073,3.343460541690819,1423.6660445647085,0
25.842770660794596,3.362234525874592,1544.0511317749897,0
27.85213319511589,3.2957629285440166,1442.1407902103526,0
25.289970078901007,3.366672999279051,1404.4892076308583,0
24.345154650681323,3.314697302270454,1432.2258280735075,0
29.03632339910524,3.207838173047897,1514.4538598460929,0
24.447296033283553,3.2516519292033417,1436.0075079152593,0
31.66590669187643,3.319871504558986,1512.720940467153,0
24.148960285097896,3.343909459900818,1532.3490125258315,0
26.267637011245125,3.217149700547149,1489.8406723238913,0
31.94220658966383,3.373460479798419,1434.1133567979393,0
30.642908597634246,3.32016774288224,1558.9232140520903,0
30.56362544104398,3.23637683037402,1531.9297500115706,0
26.116165588362318,3.344837359615551,1468.5342549120664,0
27.627761161120734,3.3181191981864613,1445.962757435756,0
27.08369506193478,3.2217140227803034,1440.469709817635,0
30.876733536084842,3.3008719052141426,1483.9590025343211,0
25.19648954901165,3.219259715344641,1495.1738370978956,0
28.917985355842937,3.207807312723626,1556.7736469677536,0
28.026633665107674,3.2235032813149544,1496.448187022496,0
25.042630726217315,3.320694930164942,1565.5043557304148,0
31.175751622780254,3.3549740846135605,1529.8463470213069,0
28.17635383729243,3.274075490049756,1408.6876566672963,0
28.238532151517646,3.24589725127581,1560.4600392015627,0
30.316444681207635,3.2762472992398113,1517.8096172282412,0
29.93115233825796,3.3523078454094986,1539.3415206314933,0
24.781735266774263,3.2267766211249205,1495.428247400908,0
25.860103124981244,3.3718106494602824,1456.6533336017912,0
31.014130505545797,3.281729340937443,1437.8042027435743,0
29.673190697648863,3.357884496461025,1515.5974291600892,0
24.94262883184921,3.2014388104901164,1530.9092241606395,0
29.502133894222208,3.263180342925854,1472.4539579549182,0
25.23822864449451,3.3303151869555863,1450.7265452463969,0
30.83981541014343,3.2847123094866726,1473.1288188872943,0
26.20448434303991,3.33612114101269,1550.9943801219667,0
27.305825266367492,3.3567576833927073,1496.4935514013762,0
26.961703751033177,3.310982271259666,1450.7555290885393,0
26.453224693396756,3.2688712608429706,1541.098921594217,0
29.886259444836885,3.3709997845647193,1531.8565698252405,0
29.982513560639102,3.289318975483044,1539.8622884590106,0
25.29436094166509,3.2428916283076163,1480.1121812851445,0
26.707502770474775,3.3101152429193634,1539.4114817448922,0
29.65431946826296,3.2321476018266435,1592.9140502749035,0
24.042325067780574,3.218217716847741,1429.0656871671508,0
31.406894302382792,3.287075486910553,1412.8160912738622,0
25.774161956956096,3.2160079473391607,1407.551067657016,0
27.074608083408176,3.3968896201262546,1522.7931181433428,0
28.16804434576447,3.3423211663417964,1519.4945127628193,0
31.565726862764862,3.364045746885644,1528.0582629060275,0
27.511776388329885,3.240341448561203,1531.3768445413687,0
30.43127927292307,3.257201302341739,1406.7218702792518,0
28.796119303139918,3.303162726310566,1446.3341945636123,0
25.355863134504816,3.20721222662887,1447.8513250574754,0
24.002298174836987,3.2314889521700785,1599.3634287654413,0
30.237383031811337,3.2706255326713056,1479.0286234102412,0
28.688641321677586,3.303548540197859,1547.385108029279,0
24.54893737549647,3.2180331715190302,1456.898757407276,0
30.6381184195944,3.3830017947896307,1469.6190496496486,0
31.70630132052391,3.2553015697394247,1521.2726815984504,0
25.55620154468769,3.385942768162424,1514.981344349163,0
26.08886004537551,3.2814269252214405,1421.2929912785153,0
24.579087764213632,3.258850364893624,1589.4030930355325,0
30.42353794057886,3.391341869917055,1575.2226092486135,0
30.505178796850995,3.3149787757547817,1538.83837229426,0
31.728443645064846,3.312633720760986,1553.9934385467668,0
30.05978628037338,3.392247745060323,1491.7696858668248,0
27.6857635317161,3.317365303429996,1405.4701395064149,0
24.93014641152738,3.213510852132251,1526.7323595116377,0
31.953584266923805,3.33538259521302,1445.986027717831,0
26.52584555223143,3.391089137424672,1503.3008434409676,0
24.0777855337154,3.3664354089846458,1449.6515218724155,0
24.744075441296733,3.3347395833563627,1564.214937898506,0
24.608230564269512,3.3862792479671326,1495.311090817858,0
26.82830340972937,3.3788632505740415,1453.8151564937598,0
31.576944872507823,3.3366214617047536,1581.9854917975777,0
27.991994722909464,3.239933307818862,1547.0858130485663,0
30.981939987266383,3.241355726464402,1440.5533117576547,0
25.99756347157566,3.3237193798363616,1431.1991136952317,0
24.85351432084313,3.384037625906598,1535.1624249753054,0
29.3073926265636,3.3227653950551503,1552.8488425271055,0
28.331791636824196,3.2084526253461996,1496.4584162402102,0
28.965339798654135,3.2984680755408426,1597.0722658648897,0
31.175998185546362,3.3737537671249105,1498.1610703213094,0
31.875157461420436,3.3832013659345113,1456.0533246366374,0
25.776742264638507,3.315333037269482,1410.8296342577569,0
30.39415934223985,3.2956640153224086,1508.1535891183655,0
28.01980169697338,3.27874338457048,1537.2677293060779,0
25.39840289695239,3.395301439047408,1539.6489136192279,0
27.68056472037144,3.33784210981193,1402.3639957220898,0
25.686019085611584,3.3162016437958894,1465.0872399830853,0
28.902224770894172,3.25194015381806,1509.7126800758376,0
25.897113220060362,3.2942690729476913,1522.6168086276896,0
26.927393208975413,3.2997540033220396,1442.1064964221312,0
29.605701014530407,3.2744619255737635,1570.865217448164,0
26.237036255045474,3.235977845745399,1426.2278332997448,0
28.607141833663697,3.2457133498999338,1419.9739481818906,0
26.159592855220293,3.247161034577102,1486.443750346167,0
27.047067057851745,3.2291687470675075,1591.8295841493339,0
25.196384458123863,3.361133672311518,1435.3214553319226,0
27.996782608894804,3.39911235405992,1569.8779830793321,0
28.136055799364005,3.344112065904926,1557.0665873387757,0
26.40027345722759,3.312427690414342,1513.5669038410624,0
27.187215214906622,3.3381086351921287,1412.0072755448034,0
30.51054455365477,3.2953078848704274,1525.9724424724309,0
27.598838552510333,3.2669313077029125,1472.1924042110243,0
28.482800278514116,3.3863689151555536,1451.542965090484,0
24.15868266891008,3.224247497843341,1573.4737167948274,0
31.704932487343314,3.239791622127375,1515.1788914946696,0
29.1930476151966,3.234907767145892,1556.0618196198475,0
26.840872307127135,3.33463856802947,1497.4987488608724,0
29.89220931809724,3.377926489827644,1476.2141996825692,0
26.292188612446314,3.326342438096694,1428.9696676556134,0
25.34060428384427,3.3615434287914137,1467.4776619997865,0
29.050187266606695,3.314327514774759,1569.7801543877617,0
24.57075262541246,3.232399897789397,1445.6435878775746,0
26.53502593356449,3.258271270558884,1453.4944781741276,0
29.157154345241505,3.25424962027027,1488.9796775295943,0
30.90245186917602,3.2726329680500856,1517.383954705202,0
31.724208262579957,3.2827978121747345,1436.7772398206769,0
24.184808738532062,3.345554483286481,1532.404509561728,0
31.523498698703964,3.340139385684937,1416.0129475751094,0
25.33528372031722,3.2206018628113773,1412.758479918232,0
31.02952781159793,3.3096867487636588,1405.2729826732482,0
27.176100166081355,3.352999274426719,1416.6502402781373,0
26.0996181141199,3.2310548724000325,1530.9665351086699,0
31.08377053677119,3.26187413071,1449.4793038630385,0
26.273402240464712,3.325296136925238,1426.2554221253727,0
30.708142231142997,3.2057142586039826,1532.709827060761,0
30.88295053930714,3.265040263331296,1495.2309481310747,0
31.799852363520756,3.308116832278457,1454.4828855224628,0
27.55875945896595,3.3939084529109094,1539.5245753814095,0
25.416293119837697,3.3195168397673123,1526.209504528212,0
29.086809091406685,3.3127968973442576,1504.6919608709015,0
29.116225989686498,3.2619322656227996,1469.433660032826,0
28.317344977088478,3.3609415532492903,1488.372061115307,0
26.92626657558702,3.251961408787545,1460.7145831146179,0
24.000738771159426,3.3630759578321774,1569.5892976765342,0
26.751079337999954,3.293839591048805,1401.6634221192746,0
31.376707165952425,3.3893915023736247,1495.4134140902913,0
24.073060796610665,3.2860870626538468,1458.5845226004776,0
25.849723148153267,3.2014435970011537,1474.7287753054068,0
27.29388695252908,3.3121108717279233,1478.9504159240366,0
25.30615596264231,3.3474235708206757,1477.9446539706391,0
27.026864482199695,3.25259605508925,1484.4478765507386,0
25.916494519508483,3.352907658815323,1581.990880687857,0
30.460599523420605,3.3369280580757037,1456.9353709346906,0
29.943415137049215,3.3617617298198073,1482.5807753026495,0
30.82785618713283,3.2364814358005285,1457.919059858257,0
29.095141676386774,3.323545882780503,1454.4268260903248,0
28.982030242204427,3.2375578885088023,1403.8790794493993,0
24.397056577784788,3.306994150611953,1437.1875196283052,0
24.818187909252316,3.2538390265778294,1543.039188442255,0
29.81685656358028,3.2465620995911912,1430.1367387394978,0
27.94863642556596,3.2683825707737255,1462.3153370406112,0
30.39569881548856,3.3995926892331196,1492.736893440686,0
30.33139771412236,3.266049729407166,1568.7092598536158,0
31.613152333860864,3.2112076688803786,1555.1305821425046,0
24.571077557992453,3.294029355319744,1438.4384585852906,0
30.732314303522077,3.363450144799914,1565.6504094788663,0
24.975692449486168,3.353629134170238,1449.7924721014467,0
30.169802664218675,3.2885921884285843,1547.5238025107017,0
24.2680823325622,3.292166927062456,1554.1991935580377,0
28.16911296045827,3.396423170281123,1494.565108998303,0
29.451538560462826,3.262421873116814,1464.6126376965813,0
29.033314033045595,3.208437183118946,1587.4841847264468,0
28.167410023340075,3.2506625480670177,1527.7040024084047,0
25.5897890544192,3.3775039152087083,1572.73153314992,0
25.742305992440823,3.2225856918632476,1526.581793180349,0
26.596107901040774,3.2334720712816574,1455.2200087676895,0
24.95719673608591,3.3578287560389777,1401.7859711778685,0
24.33594695216876,3.356695048050212,1495.05413575233,0
28.7696982714529,3.2742797326606468,1417.8959805499348,0
25.261587649579,3.218280310460843,1523.7289716875882,0
31.446790276149017,3.399394620596707,1525.0264660418813,0
24.47820105287538,3.328914979329584,1540.2656280046006,0
30.331729954921702,3.2251654915330454,1446.5349261712126,0
31.85340568771067,3.357712365157375,1551.339504640278,0
30.444203012692686,3.2877437796193196,1438.5930598100317,0
29.513999842272337,3.271633499450086,1426.9464347521905,0
31.189304354160342,3.2970604266325028,1487.5000008330119,0
26.357716771527176,3.339407554999131,1437.9551672439302,0
25.49301383159283,3.269532935803653,1546.4804820245427,0
26.202595702866425,3.366269918678224,1582.8948003956093,0
28.436162481328452,3.213775316672232,1431.0050956150653,0
26.365381289685878,3.2526698537790866,1473.422541400908,0
24.005758629793995,3.3276052124887077,1475.8087139333154,0
25.4842743207772,3.203743971317611,1571.3658576668429,0
30.20813254238351,3.247757311643204,1544.2007125367845,0
29.26631533903856,3.307791304318681,1477.498168036147,0
28.19255815048362,3.2995098319139093,1510.2935614498429,0
28.904313938804215,3.2645200079825587,1528.1807859570147,0
24.88371307231523,3.3046401078386474,1413.3359686192532,0
30.68154686318633,3.2259548532644495,1574.6985555161145,0
25.61663222951026,3.297074057447339,1419.7507173297065,0
28.56809745083759,3.367259905321298,1531.5842516569937,0
28.206570900915295,3.3402628043149427,1451.1877060667957,0
26.93083216075437,3.32119072484649,1414.1747921900244,0
31.441688294472407,3.2417476186987004,1498.2811002856547,0
31.11813860130773,3.2159913606465746,1560.203989802177,0
24.48560150628841,3.3116039778940043,1587.6487715399721,0
27.327625621678024,3.2738137301716947,1541.6867569957674,0
30.589143730219206,3.253163126899333,1408.1306304548687,0
24.563105036881954,3.260780909773611,1588.920696401447,0
31.684693963496997,3.2194238500315326,1545.034386561838,0
28.25328841121978,3.237892082621335,1505.2384043587394,0
25.990104232432106,3.3250650107078306,1435.7795783257834,0
29.99355486381898,3.2830369200499483,1421.1028363798312,0
29.108994399104336,3.271592673174281,1491.7441184856748,0
29.32193883818835,3.376564803874645,1433.3618637807094,0
25.443172308800545,3.280311434722979,1467.5025741123138,0
25.265411647194654,3.3996867144106564,1488.6024339996575,0
26.818592602162656,3.2630309992284796,1598.2925981236253,0
26.597232868960738,3.2743439024870744,1552.8368735808742,0
27.444704581865963,3.345173536723034,1521.6826740514077,0
28.50515762243427,3.242785627208744,1553.141643926857,0
31.40917538074126,3.250817825436605,1592.3303551262668,0
27.579998311985996,3.279418112337881,1545.2626556674584,0
31.863651769428383,3.319152565324757,1503.521871768066,0
31.947296076436313,3.2603683307864797,1460.0667923456347,0
25.77509362785952,3.371144085101641,1404.34027429152,0
30.575519379576917,3.337943836781885,1455.1914273487212,0
28.429305226282565,3.3112646171013536,1585.1844900423464,0
25.23771828975005,3.2075472600167543,1471.1311506570983,0
25.10726554781128,3.2734165786052127,1516.431141271974,0
25.863953188433875,3.3622148473565314,1418.3810242570746,0
27.19838598782211,3.3835763606688936,1546.853190775516,0
29.78864421395612,3.358580838862856,1434.5804981712645,0
30.605641955079083,3.3379190202099798,1515.2464923553396,0
31.261245137176754,3.319046240511916,1460.0786507686548,0
29.846314895650217,3.315256739231268,1415.6954791845708,0
24.447381670586555,3.354180300734028,1469.5860413905866,0
30.537133600372336,3.283304342523584,1573.566219390244,0
30.958292112969758,3.2453435342724304,1530.5558366320702,0
28.81841307453234,3.2022868761925207,1555.4837236288095,0
27.059895697482105,3.2609566785758486,1408.2364504327127,0
28.319437835509355,3.2299160038334604,1500.4803220894466,0
25.76637739856228,3.210103962829166,1546.3157147129882,0
27.143061636152282,3.2891232471955423,1519.026438258968,0
28.03783476889628,3.244417125630283,1457.9566058313374,0
27.154579231024528,3.226437809074176,1416.5090225277165,0
28.571524724085034,3.209862219614018,1479.8382599093884,0
24.680631899745883,3.300364623121159,1554.7650273112513,0
25.043001399161394,3.226974152745191,1511.859235462708,0
27.902888798434663,3.330449687795834,1439.2198600786442,0
28.927974700753616,3.3471335508290645,1449.2491681014226,0
24.573151842728677,3.3553543797583365,1464.6823282312423,0
31.393104647160662,3.2179189296253474,1534.349510689947,0
27.38832481892512,3.269661571369305,1464.1476725705338,0
28.751017192328565,3.204841366067054,1460.9637695092786,0
31.901215335709836,3.3232441988909005,1598.0318364542663,0
27.537680841874014,3.229163695038056,1408.9755101862747,0
30.545375361054514,3.2399370427211514,1474.7641580641139,0
30.0618702607445,3.37055282903584,1422.4743481570208,0
24.436304106894035,3.3897881830051575,1585.3459390218213,0
30.950018813159748,3.3640267912859994,1402.7466585386862,0
29.55036180044894,3.222255598463294,1490.0123141276692,0
24.181984921209615,3.2418019082248404,1507.6010915813972,0
25.63041082301284,3.3046531762933062,1451.7316006851197,0
27.864210642757534,3.345984716701958,1428.2694841847883,0
29.590041856066023,3.203677702511261,1516.6009886652832,0
29.308226735997145,3.2086964014998918,1434.0639294089526,0
26.272108328383926,3.357837698901484,1523.5929552782795,0
24.42468198925023,3.3309515743630773,1401.6668350496855,0
27.109161177895835,3.2542620758160674,1570.4165889514518,0
29.280802986634917,3.372856454711991,1403.8156647868389,0
30.93928354283585,3.3298822289504457,1446.2337240275633,0
27.045609623702784,3.395322387977971,1419.9207423685075,0
26.52364775447024,3.373354549105624,1506.3121290326426,0
25.491339099340152,3.3001301645737757,1491.5972524295562,0
31.41079978421147,3.204297691642869,1449.4784279499502,0
28.23532291084096,3.266713926926155,1478.679963565455,0
25.256042004726662,3.2693559805815093,1470.3826164534362,0
29.001847762008083,3.247240953141443,1595.6488534489092,0
28.010011689417258,3.3623785720199493,1525.1584727431525,0
31.02941819352928,3.3780804172157524,1562.9717275356675,0
24.23572718764166,3.310987870319361,1456.038768925641,0
25.213665446149477,3.379435062993834,1531.3863517899226,0
24.70236013709841,3.2764414243708817,1592.1211386889142,0
28.899587146800844,3.3251049200989655,1445.4855954905352,0
25.92288646536461,3.2305498308337706,1594.1074346190435,0
31.277883148513368,3.2658569476741093,1508.4467502411785,0
25.654058197288073,3.2277153053597076,1508.270765370203,0
30.400840473312748,3.3725175323160137,1461.7996792324366,0
29.641091102280804,3.3047610967003744,1427.050498768783,0
31.96548640185607,3.3951553818137197,1429.0304789785023,0
31.464239571383253,3.3834224241346833,1463.4992421683878,0
28.45872238474855,3.389720312832952,1423.6774581434358,0
26.540780713529735,3.375927624323253,1545.4159066520383,0
30.12348010055348,3.376026380021715,1482.8080310839357,0
27.290014106234793,3.2886008974099306,1586.7537048782385,0
31.15304074507042,3.38665000608316,1454.7592329263048,0
30.23286307978234,3.22135428656868,1436.9492993149136,0
30.099579869863724,3.3223963195338047,1453.372522600896,0
28.536344743511798,3.2461822697466025,1446.436506853867,0
29.499023081426888,3.2718522669069103,1537.6282569465432,0
27.812817760353482,3.300464917490092,1520.9423519205502,0
29.69615302381328,3.2747918802261005,1570.425886493117,0
27.931564776530678,3.227502544468323,1438.651965895702,0
24.257836425816365,3.352907770825647,1403.0028520903513,0
26.15886962116945,3.282608804438344,1548.47333233258,0
31.90594733970365,3.3515553179451256,1413.227264846978,0
31.41682564942235,3.3971255279172734,1573.4258005277206,0
27.91954318808691,3.264979125360809,1491.5089858883425,0
25.97427072689269,3.280973353648506,1408.3652550100237,0
29.882654239197286,3.276074833751024,1462.5794982822995,0
28.892038997360416,3.348493570941589,1518.7611602785578,0
28.201844253623115,3.3751565943719632,1557.3839724637746,0
28.16519272978999,3.2903219185127326,1565.40202033187,0
24.339327328072784,3.3991672743048094,1503.7405305175023,0
27.164889573087134,3.3470340163100536,1511.5401899626818,0
28.129013464758387,3.326129710618544,1409.8590898362552,0
26.329434897873035,3.2796079782909118,1460.9108295644478,0
30.620968060846007,3.292269432792793,1484.4924364900883,0
28.90507423395114,3.2109093333631056,1503.3939300532277,0
25.137916950200733,3.3659787008853277,1490.3396175659311,0
29.781174331942665,3.222634317248719,1555.746228375208,0
31.502739661593914,3.339222828367959,1427.0613348380725,0
27.308474440780934,3.290177170969415,1435.7757157887231,0
28.722523802317234,3.3425268782612605,1440.3864009418314,0
27.63746566117881,3.250016458815448,1538.3434856661802,0
31.257299704043255,3.3592972444951443,1543.6749439437126,0
24.988353734683468,3.2228329877648156,1489.8796836049444,0
26.903547113258035,3.3047634612132297,1476.8174748523143,0
30.3285327538962,3.302333290296901,1589.9507778285438,0
27.02942905130064,3.2761214018522296,1553.6520647568777,0
31.29802223057706,3.3130983157028338,1531.9060681204087,0
25.200717876084095,3.3737637074956406,1435.7733529346538,0
29.69637990303698,3.2839163382471535,1461.9036610873964,0
30.14904337888754,3.2892516468298147,1525.290569932306,0
24.94043182721984,3.2263142063624173,1440.5703410558892,0
28.980482623898734,3.250622195023608,1491.7285315657073,0
30.84328845135225,3.3087002319208603,1401.1501097798107,0
31.061623364297557,3.2475756708038954,1517.772465436862,0
27.80569591842523,3.2820302731422712,1415.8809834736833,0
28.800816834364714,3.248942634287727,1509.4683219166293,0
28.95812831095668,3.311509729653778,1565.0505009407366,0
24.391350399544237,3.229651233635938,1530.655375643104,0
24.293768414579297,3.3707658574468375,1533.399308589239,0
30.704115486340847,3.2596883093284235,1584.0769396539072,0
24.392250901990394,3.283391384771072,1435.6496783514845,0
29.37672396209124,3.3222179512097307,1538.3027236161333,0
28.759751890437755,3.357461515906717,1435.483853468736,0
27.642702624162126,3.3157932584884593,1586.295963877201,0
24.74501030257416,3.2598588963193027,1473.7138850950148,0
27.03151481272368,3.213533335564199,1485.464767878219,0
28.403768662507883,3.258566542671348,1426.9091578156101,0
29.556955507958406,3.254883708550347,1505.4105466809242,0
28.19716967402967,3.3391658994690343,1522.4107489856847,0
24.87441787549061,3.3459457039525358,1525.795719815711,0
31.897514110068663,3.2967325966418892,1537.730855650869,0
31.471133398305465,3.3972556884688223,1457.437460760852,0
28.870756855475783,3.2632977116996944,1505.078245066319,0
31.96019468446041,3.270770668874838,1425.9426275108606,0
28.50107470133286,3.303941160036899,1526.3715214993672,0
27.940035629748127,3.2359814463312384,1521.881151546123,0
29.668696540027145,3.395851531913214,1400.3161834451662,0
24.191894380145406,3.3250921484779306,1423.5851447842545,0
30.784558308561493,3.359912870251101,1599.7974014500262,0
27.312329116194974,3.2667584513867647,1512.0831009835654,0
29.100028348704452,3.202259453595606,1440.237427786018,0
26.25301362600431,3.3580391005692425,1461.5545098487794,0
28.053517016768073,3.264784767876614,1401.2262524870587,0
29.486686309175663,3.2682723170460006,1544.8793285622023,0
28.927946743971873,3.2058234763622924,1435.1258176475994,0
26.64411865674408,3.2675873710547085,1534.4945914732043,0
31.3293044253886,3.359450876765785,1529.130444132915,0
27.851964184962885,3.325440097541538,1578.4116653579836,0
28.295740359778918,3.267021930906877,1556.7978066417077,0
27.311624522673487,3.3485169292331074,1567.0211471931239,0
26.394749973114884,3.3449928308698498,1463.1005682873385,0
28.287083805723096,3.241652494039234,1537.0986600692859,0
30.396282667886403,3.377605893903647,1470.7191080841617,0
31.756906339484743,3.256092005730777,1406.2346329378372,0
31.868950150921393,3.32530216952305,1568.4811549871706,0
28.56785312924916,3.277913254778652,1519.038373406,0
30.916749524017806,3.3503080417339226,1541.053236809104,0
26.515995187153816,3.2063256431691314,1482.7739135724273,0
27.976435475173517,3.2475284492546077,1490.3812659225723,0
31.605813998140615,3.243227975852937,1460.4636597261022,0
24.897850178135375,3.3569887966474816,1555.5580782921588,0
31.306830769336468,3.288754818597428,1404.986954925992,0
27.861305529174555,3.300010861685988,1438.042335719043,0
31.38909414312076,3.3464882133511886,1504.7255923008304,0
30.20426567359793,3.2286590095899723,1574.3597970876865,0
30.577108143703548,3.387604769343356,1535.3434577475791,0
25.061737251590912,3.3449141264506466,1491.873682122809,0
29.709419123221053,3.3044689746437013,1400.821973846825,0
31.458698752166626,3.337410466146654,1518.857516157441,0
24.696607132750138,3.2933751804965525,1409.2279540048582,0
28.164621696840534,3.3317968573355,1462.4961600042586,0
28.62047867527567,3.26242857968636,1578.4271168855514,0
26.56704295876953,3.238509127924692,1455.329907733613,0
26.553198324011987,3.288223124550468,1423.5301677475188,0
25.194565782397746,3.25472737716803,1403.051343498078,0
28.98355970142041,3.302812132391893,1441.31547591467,0
26.802545103392937,3.2636969823703947,1428.3113657582965,0
29.634829569101502,3.256653539201741,1448.965014772527,0
24.56994296976194,3.3226525767031956,1467.7477785059468,0
27.549181106729876,3.2260148004129423,1494.1471158017105,0
29.403967502740382,3.2211853837722537,1410.7599751444452,0
27.41172596168022,3.235796598650035,1519.2242725063502,0
28.742049791185302,3.367234880760498,1539.873099991435,0
28.930522701479454,3.2624881302302065,1563.4883958073663,0
29.703189477825315,3.3341740530867874,1506.6969857790255,0
31.7894551111927,3.351148587114257,1493.1390726086338,0
25.054362242991694,3.3625702035462117,1583.9378084221473,0
27.746207243040978,3.2911168341493484,1536.895594961075,0
29.681727216630787,3.293079312846878,1446.338842730892,0
25.790355631334883,3.372219255411179,1523.388417449672,0
31.302892885413726,3.2784153836717502,1539.9229242164856,0
29.321444948335166,3.357755741269576,1576.4807780455963,0
27.626264541596576,3.206052826442369,1495.0668724073278,0
26.811526565471414,3.29224833674098,1434.1603089604637,0
30.143532118118728,3.320888046286521,1425.4788003980364,0
24.82345768247163,3.363510578445007,1559.3515546723922,0
26.606957826384892,3.3298902825577916,1558.4861879082293,0
28.26196452742665,3.280163294956887,1482.6883811333407,0
28.96699871085233,3.3095898034558004,1594.7783462440589,0
27.07053167021632,3.26814283163583,1562.7831409783064,0
28.727761592337398,3.356862795323439,1487.0707416045832,0
30.298614164722014,3.3089053760381537,1447.2308638290845,0
29.300898055410695,3.215578880517732,1586.1726518152786,0
28.59350632648159,3.2973260612999242,1518.4326270164183,0
27.703267474495057,3.3110175402427524,1564.404610462809,0
25.40939201760505,3.3911766892757917,1413.921526965885,0
24.86995707067899,3.3628133439964136,1554.2686757741358,0
27.031288106883064,3.2988590294793085,1532.032951804224,0
24.724264038658845,3.363406717984254,1577.4523073148248,0
31.22604803770712,3.327226564004778,1400.0368680910433,0
25.17380283241757,3.229843286354802,1506.251164215063,0
27.119861281846294,3.31558628297919,1439.133324035498,0
29.452134303893168,3.2633195434506765,1514.0552815710703,0
31.305634121868547,3.260910026607665,1588.6666594992228,0
27.477816266881895,3.3965160607026785,1468.852925286128,0
24.714299236698565,3.2016238504819436,1597.2843296981214,0
27.233579328515336,3.2255111394114873,1458.8369325733343,0
26.953783148591263,3.3097770273207123,1410.625462235277,0
29.626832995416535,3.3641506567279937,1471.8489261116063,0
30.88998271716888,3.3731359273659955,1447.0482340927654,0
29.61777505816006,3.2788536647337887,1463.6254619237388,0
27.062316918732684,3.276313009016499,1509.0237575936558,0
29.299900482500203,3.2949742825911477,1437.6453676155531,0
27.076760461528757,3.384896408558321,1567.992537345343,0
25.2341383271498,3.399491208602094,1534.0132163845735,0
25.074219585156605,3.214349199307545,1403.1415598750052,0
29.770713858895817,3.2973402673869234,1487.3470231517776,0
31.9217411360607,3.2169326888579435,1528.448579916271,0
27.32684373022036,3.2912057308757046,1557.785684906528,0
28.835436101574363,3.2851408341873416,1435.959475419513,0
28.075319315440932,3.310410006076204,1490.0091534625212,0
26.84245784436112,3.237158206738192,1520.9146514645665,0
28.62350800622445,3.3693607773347396,1447.3499934556037,0
28.01383043940368,3.2821675627329414,1509.2332520728594,0
26.935760202018134,3.395646689888634,1513.6299155403199,0
29.639060340439,3.2226328739229873,1496.3065817382003,0
29.523978118900246,3.228417495981135,1546.2586366033674,0
31.86863278504316,3.39673367552546,1555.7739634505217,0
27.719490618523928,3.2156469203879787,1577.983095660911,0
24.70757080586143,3.294490314469729,1548.337222134675,0
31.68328837565882,3.2156163836778315,1526.7375328230817,0
30.384785925127773,3.262499944289087,1410.55485442815,0
26.7483693680187,3.3557054266494264,1493.7737620682042,0
28.101304883125728,3.2938464784234247,1546.7629094891458,0
27.368128857190282,3.392116260495425,1559.6446444013982,0
26.313667545766123,3.207065248034971,1584.5729032123634,0
29.99540223503535,3.3453943428173982,1512.7412546581672,0
24.491342105227712,3.2946321063908055,1433.8158481908738,0
24.412959078330985,3.3980729658778803,1561.7791559359134,0
28.994536043840533,3.2573631308745745,1416.5020333630164,0
28.044768874458207,3.370289051210527,1455.5697593868538,0
25.060310102450714,3.256194386296298,1571.5716768159803,0
24.113624080504724,3.222309880858394,1434.9227695318036,0
28.73416100376649,3.230227122692996,1489.3306335356338,0
30.46272553058859,3.2522505175806997,1540.1549745145378,0
27.879348110008788,3.3598744012823536,1572.4028856055297,0
26.742783962730865,3.216880293141821,1429.0140503578546,0
31.471534837587104,3.2308300597036097,1499.1896551143545,0
31.948684597787135,3.3540735578286154,1447.589487821858,0
27.52148006713385,3.3275149332989504,1442.1713494923076,0
29.87488888751465,3.2690151438926547,1528.452219462984,0
30.043871451588334,3.2231988728829077,1433.5200793504937,0
27.189958421959396,3.2602734259907398,1549.2301090780672,0
30.019422824529364,3.3065041664744337,1475.960158830151,0
29.644862436656386,3.2949179161528126,1429.029966191116,0
30.962221886797806,3.202372608019102,1585.4445052106812,0
27.590564988971,3.335698681050075,1592.3525445614061,0
29.463010487310335,3.2082035230060884,1583.542428212305,0
29.099393210043196,3.391236731177925,1486.3571757234417,0
31.344336131338235,3.371671134639666,1466.9934813236089,0
26.13670252575376,3.2196553576817273,1530.8686563136828,0
27.129230109519277,3.3546302030612396,1549.8181823518826,0
29.874507646077266,3.3177448582209608,1438.985136926103,0
26.699252824647317,3.338055665780924,1435.9833304781762,0
28.380900443230747,3.334560371947998,1566.3378999649763,0
24.095691288188025,3.219539751895166,1420.7814569555217,0
27.567537626714493,3.2438832651454965,1456.6594038186909,0
25.544636251571283,3.2047400945714077,1418.3882565153865,0
31.5080437418305,3.331321103712867,1567.0918274176488,0
31.603911673986016,3.3276165770318955,1541.6150211659005,0
24.959816878222608,3.371288164861032,1425.9814506410933,0
29.251157031289203,3.3799794430254484,1513.2137608575822,0
31.73732407002262,3.3792003260714485,1539.1307267312154,0
26.02668591109327,3.2933911154575317,1587.2364119823487,0
29.11024406274818,3.3845390781689395,1455.2767124315487,0
27.41586719108948,3.380678298574059,1553.97610183078,0
26.58723302229265,3.2323932063292435,1414.7994120080582,0
30.21684760227128,3.2765598004886365,1466.5309473811963,0
24.480469182624734,3.391121139843465,1452.9329704909467,0
27.52459866222134,3.298344357281062,1585.717259646459,0
28.882415079631475,3.235688434012954,1498.4114588922716,0
25.150980802812107,3.3537414646614394,1443.6772996395323,0
29.146705335751157,3.3825218445682252,1543.0800635501687,0
24.82629692762261,3.2145839006757924,1514.268911968984,0
26.004770802094768,3.289176410464592,1579.3024785782418,0
25.19083420353325,3.3280670538557584,1586.5787447062667,0
29.316846691994893,3.2532872962230557,1540.0110398677452,0
31.236940347631595,3.314928050344741,1503.0766005927408,0
31.519288585841096,3.298135890779107,1487.2115334926734,0
30.752393229470695,3.356187407392674,1557.0763410182292,0
28.321029736152102,3.200661472058928,1590.8310691852291,0
30.54381327508866,3.2964132683295064,1513.448777102387,0
31.480337500071606,3.2717836653194423,1536.3671471220673,0
27.20491838784186,3.326454505319917,1591.7647773728884,0
24.725335798582755,3.306925259312007,1592.1851044000132,0
24.643654277395104,3.2919278707511026,1553.3016179352383,0
29.18234057445052,3.2353236609018974,1407.8662365190878,0
27.07330940131748,3.2382006321830605,1539.176455721415,0
31.171685582802773,3.3261234114897884,1471.852224300062,0
24.678899877382168,3.3265582538217062,1547.0648366055852,0
25.11954361413111,3.2386185437818837,1543.9478069489949,0
28.743563427834815,3.297846510095548,1412.598526168971,0
28.324416377747514,3.261546175926453,1506.7880093529134,0
30.674002338157777,3.2898614555099224,1599.166725600389,0
24.29634143944294,3.2112108906175476,1557.5557063833057,0
24.342516267627946,3.2236374217445825,1561.4207411614805,0
29.33853134650705,3.291674072951212,1535.6155646893383,0
30.994043143782697,3.2297907259181913,1515.8691424622918,0
31.39852649402818,3.2073755334846075,1428.318094445608,0
29.23065221423286,3.294243927161662,1583.6038151657165,0
24.3664135481526,3.3402593622338568,1426.107546708532,0
25.377992071667997,3.2099915994773247,1461.4674669813203,0
30.349576836663022,3.291236918585339,1434.137877576578,0
28.72833991431937,3.3635600355527853,1421.2662400516565,0
27.9771479722844,3.3598350444668954,1444.1145048485846,0
30.43562824741847,3.285242292787646,1562.3042059479594,0
31.857542022343182,3.3356795674592385,1464.8469882023371,0
31.806826155429384,3.315193402090497,1427.465880396351,0
30.69141673831298,3.35862033398931,1552.8455764734545,0
28.744682024326778,3.2671007455337375,1424.1490979103646,0
25.12989442095459,3.2830308648467823,1539.2591571359744,0
28.42726183921135,3.2877322424108457,1585.1351061194923,0
24.325591154895477,3.2199935701356117,1569.473342049412,0
28.89953204251117,3.355532327529421,1403.1260652536555,0
27.895739798588906,3.2012699157107236,1435.8825712295427,0
24.713129920169187,3.3303511583711662,1577.3830283935838,0
27.329777937740296,3.3614823606494677,1554.5125417053885,0
29.538866646700647,3.2412320437179325,1527.965140746459,0
28.184694913054653,3.2824062649000494,1587.6179220893218,0
28.884303909043883,3.207524242395568,1436.0000933963042,0
27.99910107922851,3.390059612822564,1525.4383308090025,0
30.26066424257754,3.2695707133692293,1400.9140082563615,0
25.885112058633737,3.2235015645423584,1506.0398041856163,0
24.765470839674528,3.272380260918634,1552.2256478470297,0
28.317782611104295,3.2438552267316223,1554.0662566221717,0
29.274617267138282,3.2552853167847826,1438.7437986026393,0
30.372903773141946,3.3370487508830156,1593.7147675625747,0
27.795302718729666,3.235264763474106,1534.0285270253912,0
24.34492481076882,3.328972167319347,1457.012904002651,0
27.477373138152466,3.26685892584446,1561.0307349116797,0
30.067264166661957,3.2086634965306837,1548.0833769626267,0
31.398890765748064,3.2351775216431107,1557.0984036163468,0
27.88049116819523,3.223213017092436,1579.0158349801598,0
29.77122464447146,3.3185413324531345,1465.1944628641997,0
25.59001116437237,3.3353705091750214,1465.1369917840707,0
30.231802231677346,3.2652264449414345,1419.6128267602896,0
29.901982928073135,3.373977260589534,1475.1064775755483,0
25.76530206641732,3.2941980519668643,1496.881543180852,0
31.12391075109631,3.228988254392393,1585.5774232885742,0
27.639926980618284,3.2774660607777313,1427.2809229161444,0
29.75856972897976,3.326404223380372,1595.1111782635667,0
25.617687126153193,3.225442352938793,1538.4421059022334,0
24.477213757074125,3.2273002998696407,1570.3302733086562,0
27.668631399764053,3.2342402633433633,1468.7152016458713,0
31.091271775672524,3.320727196569425,1557.9093930044255,0
29.103993711040026,3.3223056180858284,1433.9870968135021,0
31.761086735293603,3.3710008043493365,1417.294866460109,0
30.85579010973983,3.297842679712473,1599.1328674799838,0
28.732646970360815,3.3673978052478475,1455.8341756679174,0
29.840142037159822,3.3472357718238213,1449.3308354136816,0
26.618367578640502,3.3158934060072998,1578.3645256273146,0
28.73417305625989,3.2297939403560085,1514.7401569757637,0
24.040620649920214,3.396036808258629,1408.0117359627388,0
27.765221043436306,3.353721278167093,1406.7241108800436,0
28.248973810334213,3.295853867843325,1559.6035028944216,0
30.570330566048575,3.290488273643382,1448.1022985027605,0
28.467895731513423,3.202484598298609,1546.3572567799956,0
31.599471164822965,3.2265424003577317,1459.158085642848,0
29.18112158769081,3.2181459009884748,1495.9565902784998,0
26.438692817795445,3.3406608975817007,1571.5844222461892,0
29.97829357288242,3.2048826947456908,1490.9681595321904,0
30.174680062450403,3.374839807604454,1481.0720744504715,0
30.31886970231246,3.2740840921205447,1492.8591574786633,0
29.06721842297099,3.3720765301992075,1414.1397183908214,0
31.14747552220527,3.266581227676452,1406.5428350815027,0
27.407218024306776,3.253957876113139,1589.2190987058002,0
28.339480851604304,3.3588957506524717,1557.5383688280958,0
24.647672332552386,3.3761694495911816,1547.1521570268917,0
24.43849340169051,3.3890644459575476,1534.930593317733,0
31.103823247645053,3.2221933087452577,1473.1181717892778,0
28.953067603163383,3.2731142287946238,1435.0534806373307,0
28.47032366424046,3.2134011828314635,1541.8674271905056,0
25.637700744772303,3.396250324450328,1447.7265410715845,0
24.908461430611514,3.295698693003327,1587.829586494382,0
28.640955082841597,3.391820746217435,1441.9587951200806,0
29.960133717112893,3.2450874452597853,1470.5423338680462,0
26.138862818692086,3.336045347784354,1455.4290667987764,0
24.506953440476284,3.2690453163570323,1497.2453810296208,0
28.213460792872894,3.2245418868514357,1541.9650577484138,0
29.426466335378826,3.306571093051808,1458.4528706252252,0
28.967610142716516,3.35998077343897,1589.0730644661533,0
30.470367013101843,3.3881751774000084,1413.1255182450318,0
31.13522570633763,3.291574823986454,1416.034080670301,0
31.18356687896322,3.257674537536884,1591.3253859832098,0
24.87491936473645,3.2551885472417244,1539.4164221703322,0
27.970629879861953,3.3749986279074196,1504.137527871288,0
29.018209577959198,3.25863388838848,1593.9149211084894,0
28.33147966454753,3.226405473759629,1469.3400493564159,0
27.550880416495158,3.3289368883095416,1458.3033594326089,0
24.503596068742073,3.3743587401538924,1446.4656127019935,0
31.57958969590786,3.328934406244572,1482.3383459131487,0
26.742339828953774,3.329210245291627,1465.2612827511853,0
28.74685804044338,3.339372716143975,1568.3815740771124,0
27.56205042946381,3.2608164676535902,1426.390850392404,0
30.31478609481424,3.2343474250871953,1452.0014915269344,0
27.87394490074529,3.3941448096754345,1553.9499474249985,0
24.37855149199595,3.270624179071757,1491.1853074375001,0
25.330904580273046,3.384826328099951,1542.3624344696352,0
26.28197265757802,3.394641217850684,1567.8663353742825,0
29.542874151749082,3.3332711931980508,1430.696960033856,0
25.903242595012028,3.208230291297694,1463.3251675583797,0
25.011788096480885,3.2520814394498947,1436.8993166165878,0
28.499897939391992,3.206937817730834,1463.388752904568,0
26.750776120897783,3.2745829872018533,1507.9733192555095,0
25.300780864575085,3.260311953904465,1584.0867951883752,0
27.23649864978009,3.299883383167562,1429.0767773207858,0
27.66432588862248,3.264043586188634,1400.8588611634823,0
29.90795985139284,3.395120207231356,1466.2561292160212,0
29.64361085269194,3.294782134735551,1457.9654365325057,0
31.552076205859283,3.396137955775955,1514.7455165786857,0
25.176667797540198,3.3130463029869555,1581.3761575852218,0
27.536844273727205,3.337829396296018,1546.3281042560654,0
31.201395752434784,3.2278846586912997,1510.191998059863,0
26.4646576061723,3.2803259843848975,1568.1753832405282,0
27.56778152927122,3.218496226260612,1411.0067272307742,0
29.130501222321374,3.3166862883067636,1444.4287714083246,0
31.485320613807147,3.2555854338343675,1404.5097292715154,0
28.3072983532817,3.28909161638776,1534.3115552628394,0
24.699015496721238,3.302357504359519,1438.8900078691026,0
26.542062497328036,3.3210155643694934,1588.6804328203912,0
31.26757560174265,3.272212973829445,1429.5891876756605,0
30.83043255970719,3.273925993421842,1474.5662301960451,0
26.277202924783243,3.2702710066856224,1595.5047256433606,0
30.994413886131824,3.2175197261805764,1545.5706713911964,0
27.553762897344093,3.398519433164015,1560.7371009029514,0
26.309072146641633,3.361134557020665,1594.072134640401,0
27.39065758756432,3.3792857653114106,1427.913537376391,0
28.697440540667515,3.217215594863354,1441.556758140372,0
27.796905040048504,3.3735051639755085,1597.3276694646727,0
24.528926249334393,3.392019059644161,1551.2228107091373,0
24.70758622924202,3.281892127750525,1582.8820992608798,0
27.31611211150247,3.3111627689929604,1542.049401354665,0
30.04194998233748,3.2273854079831508,1437.201283622211,0
27.054156261054466,3.310773385302105,1408.4465828877676,0
30.609986442446285,3.3669170403260114,1460.782875856907,0
28.474248453370095,3.292690366841138,1405.3680029380612,0
24.0195733996644,3.2525354047122144,1591.2053192266155,0
30.673944570813227,3.294508233851458,1530.7625944404504,0
31.14149220512444,3.283431354432363,1498.377300660004,0
29.50274548797523,3.2489500523037353,1423.8709327052807,0
26.217736273589743,3.398866590813734,1413.3449652774502,0
29.964524588689773,3.3162131540186492,1513.1149179280826,0
30.946767345542405,3.325599209496249,1495.2081426594536,0
29.55396078933959,3.22391673680127,1502.5051738812883,0
28.602109492870873,3.3690560136132497,1432.5694465363838,0
24.468083151944704,3.263936222286588,1575.6634528834866,0
25.083979151093093,3.2326617703629856,1454.534070731943,0
89.55125209281182,3.3824209242390935,1471.1968646179362,1
87.21741155721213,3.305922465978483,1587.263403947393,1
91.24959687507649,3.35328848753576,1436.6494994829436,1
83.70115574283693,3.350525701295042,1508.7424670496684,1
97.70397642025193,3.3653643993213698,1536.9934302566605,1
87.41930156116382,3.337088743892264,1537.6693283953111,1
83.72500137701307,3.316009328293248,1564.6629633660875,1
82.23215794909812,3.303634149255481,1474.6028390210984,1
90.72818244558499,3.2680626182569674,1582.157595698579,1
83.84352144540676,3.2309109829416616,1444.2227003448806,1
85.39150212937534,3.379411346552752,1522.685671880324,1
96.96549127358878,3.3051305649370994,1506.4191307314443,1
91.92003091157055,3.35126134872821,1422.7933472653422,1
90.2888444549483,3.215280065114149,1563.7689488101485,1
98.62137554819009,3.2959036459747106,1462.3146931693714,1
88.52623418347724,3.363407740655449,1577.9452770763364,1
92.75767550927534,3.3527179091723434,1468.4090259257066,1
94.77810789260504,3.2057519074446863,1562.9148216822696,1
86.00244125959918,3.3713630418393676,1428.4718672753083,1
86.078339752061,3.2250688362268227,1426.043650479778,1
83.41488931809732,3.338163627330994,1556.805944609228,1
83.39923535539593,3.354938461608074,1551.4668068755382,1
82.76530493448911,3.2215634763729466,1558.6110363301468,1
91.24262546507397,3.211853047414247,1423.7844435997745,1
86.55422448202272,3.2132494722331253,1533.5172847066408,1
95.58190488619405,3.356474162822654,1584.0196141627312,1
85.697221357948,3.38023497343067,1436.9563649156698,1
88.32760599647958,3.218155862607892,1569.1723044905036,1
98.95320963109107,3.3897583210166564,1469.5673083546806,1
84.89003204846743,3.300126883060935,1545.7108178927845,1
86.35280539906297,3.3140470714395303,1419.821136921028,1
92.40640620692366,3.2027968623173817,1443.3996151623303,1
85.44785536346397,3.256371358292957,1580.3320583015948,1
91.66827680228592,3.3947159807761746,1419.7371437016607,1
85.85227695531091,3.300839054362918,1541.5512181441718,1
88.59633446161742,3.317876114227065,1487.9331658386077,1
99.2394592458892,3.236169707528863,1470.9644689877348,1
88.83307102049629,3.2428548000965285,1445.5108425134092,1
84.03121861595936,3.3969225500736835,1424.7230804948533,1
83.98569090183896,3.2271824739811064,1552.454735876993,1
94.68515647343459,3.3114264245661147,1408.1217126283764,1
87.90607733195148,3.223144521392556,1456.722288514593,1
92.80701115169481,3.262401382158766,1595.2358094470055,1
89.9912056629786,3.3107831782211097,1458.1178650035893,1
97.39658200519763,3.2377569971334546,1413.9218313913861,1
97.13904895219099,3.295135359375301,1535.826221655967,1
85.22735110096741,3.39974466513717,1498.3296747089855,1
83.8930939222474,3.2876116700808145,1531.7096526570897,1
83.53010638166906,3.2286735123318606,1480.124857567306,1
92.63003018197622,3.2203444313130265,1585.0580631083662,1
99.60135992643995,3.212942082231805,1595.0414988384937,1
88.09536963406758,3.318992165988728,1598.1322637264266,1
84.20971901857595,3.3676218262682918,1545.0401000665279,1
87.0133299810194,3.3426987614720645,1516.3837247992305,1
86.91351023028383,3.3578985464587574,1528.7662356245892,1
89.20423952050322,3.2951652566592053,1520.6330864878578,1
89.27998478543324,3.2969065718522885,1455.778126638195,1
95.82399200039674,3.2216073336037847,1450.1379720707855,1
90.950928078255,3.325674205932622,1426.9216761435919,1
83.79286102414407,3.2105704841469414,1413.6457346351965,1
94.20593393207699,3.3944145100997325,1476.5265965530036,1
94.22567851755922,3.230547330234576,1524.3933523047456,1
83.73400531473075,3.2153034518079173,1550.321949303074,1
95.81629795476329,3.3585462830454436,1440.3863508903428,1
93.9176781994267,3.298050072051279,1452.3330547547907,1
88.18508169480167,3.371934462399079,1509.3240067626095,1
99.14644890838392,3.206319704637992,1486.0812811257329,1
98.46890485394309,3.2767259753497178,1462.9118395639573,1
88.77405813311049,3.291931247764798,1406.5719592226583,1
92.01999790869205,3.372072140543733,1460.6089143227043,1
94.7090656679466,3.29829592172903,1426.8976484424766,1
94.88301741334385,3.2974909853398966,1421.8763985765804,1
94.15044244252121,3.332015717854774,1537.0748334219938,1
92.29978420180626,3.2951822110448115,1570.8702939097745,1
91.12033087762646,3.278276963924454,1498.9382260904388,1
99.47567365169792,3.323387935275566,1470.552754054175,1
99.60009300053028,3.2640965566954376,1405.6293973184577,1
82.81213213732515,3.3673868303990515,1469.7753575586578,1
95.35702841364895,3.205379968531719,1578.2685780900017,1
88.14261744059861,3.219470009845716,1469.028605508723,1
88.43258945207843,3.270253852093889,1532.248001164539,1
86.45705075728296,3.3296165649773175,1518.506333358499,1
98.38700233685853,3.21310004721424,1460.982491246568,1
88.07669662725945,3.203942398039128,1465.223367567923,1
90.29636895537243,3.37267370435964,1513.609880976021,1
98.22537721381417,3.2533237770503796,1539.191695257574,1
92.58380620479774,3.39715295630174,1475.547518685987,1
89.02541422697593,3.3145077289607014,1561.6653136735538,1
83.80102029767298,3.335022259065372,1467.1934924971035,1
91.04983340655438,3.35298078010587,1467.9078849652815,1
93.06690172397626,3.27266686107133,1487.1982264544943,1
90.9451308059543,3.3694668188305306,1557.429921739282,1
97.1268487967999,3.3071668046922684,1457.4711118119285,1
82.8555645000321,3.3992455386720906,1480.40547043771,1
86.06594758661316,3.3485776051252203,1418.3915670479935,1
97.19536391204207,3.218946723031796,1467.3676122328116,1
83.21085597720526,3.3602371342943065,1495.0536734269647,1
85.77530485579145,3.3591303498695217,1530.3073627110407,1
87.43324626299375,3.3608253423868253,1486.5820969096671,1
91.71905642479922,3.240015397093168,1480.460191147424,1
93.24934976754074,3.290645721065343,1552.6884429865518,1
85.25081531596287,3.203720664423472,1540.666329139805,1
97.5287765216656,3.3153686590480858,1442.5905610036943,1
99.3181073429461,3.348441602197443,1493.4590626775264,1
98.86893266054,3.306543867005309,1522.8844595741848,1
95.84414497258547,3.2867448969701467,1513.2232885459289,1
93.2816524883946,3.3044539171466947,1472.854933831821,1
84.65938639884241,3.2300945308006312,1537.0613273464592,1
87.40496214623896,3.287077756837398,1463.7306360307127,1
96.94385885000587,3.2128855059056396,1440.7116082995637,1
89.42389083508272,3.364742140899665,1529.2085307249192,1
86.61603942784211,3.3202464539351015,1481.173187849646,1
84.04405437930912,3.238383202296055,1449.1173219636748,1
96.89011883429981,3.2928319401821233,1511.9650021065668,1
89.85039239821094,3.329384410240733,1407.4007469445326,1
84.8684527941705,3.2272861257629724,1451.679369493827,1
96.4636872932307,3.3317341425280365,1435.197044378957,1
97.3453783151521,3.3927573781050353,1497.168393108597,1
82.3583573475174,3.371916800583162,1416.7859082131158,1
92.82879532399494,3.373434355949732,1580.1149769948252,1
89.3261233280742,3.272686849045265,1531.486120649754,1
83.62551326412044,3.3886324284073868,1544.846890632436,1
84.53008273429231,3.2223864727779827,1546.8960814181694,1
98.79283805319344,3.3043915117743867,1565.7963165349063,1
99.09414100611274,3.3863111250478926,1450.3616116888093,1
97.92216752189753,3.2476153710481843,1424.4553666907414,1
96.52037042112191,3.2658571821933005,1516.8652441162412,1
89.01911203939578,3.3496748458504064,1447.1876158349216,1
89.61164197269194,3.228855581740758,1435.030851087136,1
99.4586225669224,3.28789508254584,1450.8611840946971,1
92.61065699910117,3.2980717160306425,1474.9409969145324,1
99.07679601038474,3.2632979892875924,1484.7562633080097,1
94.28929205562353,3.3926630679931247,1575.8867081765432,1
98.86550124442881,3.272599602453741,1543.1342458244253,1
96.78457659145508,3.204214842089113,1593.3610318679057,1
92.90466519166954,3.3682945933035757,1532.444686888071,1
98.93526897567587,3.338136491056468,1557.760542141793,1
86.31416492576668,3.310545580662325,1461.853700338228,1
99.25270501234459,3.2725710196840123,1562.4500597793585,1
84.196967837426,3.37339058702645,1571.529427829985,1
88.9924782674133,3.381957819999379,1478.59511364625,1
99.60387137921661,3.2511067380024317,1418.0500655417477,1
96.8087390632929,3.2470920909902796,1442.0772982529054,1
98.02444109979339,3.383178160248467,1526.2705405312543,1
97.83041045531974,3.3533481801218232,1481.2577631910403,1
82.60987026194228,3.373288917660854,1564.6395560792932,1
98.92891756333748,3.294218256677601,1482.5922637082595,1
97.14094239465147,3.3434772035812825,1575.3522454478534,1
96.76434358810722,3.3648801731472364,1539.6964375093135,1
91.11402125056543,3.2703712693167786,1520.4231884021037,1
96.64170487120076,3.347557104120803,1490.652350627199,1
82.49231608000068,3.2104197645803882,1528.3185022827083,1
93.34281414733297,3.3582038635627907,1427.2184446499882,1
89.21191329957065,3.3256592546486075,1462.7443605300923,1
83.48017692562124,3.2315644878888183,1503.2731782102048,1
99.45396256310443,3.3661242762940833,1552.6325406582548,1
97.24528773644782,3.3371506756697835,1558.528458981839,1
87.74918432628228,3.295673095991471,1547.0344217620936,1
86.69223783256577,3.3374933743372863,1565.3537218683666,1
96.39151602292323,3.2397327439254506,1482.899284910559,1
85.27400656851303,3.3752780025859477,1588.9514309684619,1
97.9181457479822,3.2448974266957262,1589.6218434318455,1
98.61602233390167,3.3294213378608273,1525.3254715035964,1
98.32320604921563,3.3948255143499746,1439.65324053434,1
94.62270077566025,3.2337511912730084,1480.2069822222054,1
89.72026062613033,3.2520315559942294,1417.812253472258,1
88.62256277398923,3.3894487016904993,1423.4701037617249,1
94.93450162906258,3.2870317470630397,1583.9978097800686,1
90.16674157150563,3.3347220085474087,1423.702469802624,1
94.84414681536418,3.238108833053786,1572.3873448571749,1
96.07819498175122,3.2575923945701764,1498.833631548395,1
84.34358796301152,3.371267545531103,1520.016557299445,1
99.91373409951925,3.2565934490065396,1535.4377302368925,1
89.52995784019424,3.2817048203832857,1429.188570423086,1
87.22347330726912,3.252359892778822,1523.536048011447,1
98.33190822951289,3.2739275479061947,1536.8534172285133,1
90.24695400553418,3.202064048452499,1426.640987204676,1
87.81842763378609,3.3386047115885535,1537.370489853945,1
94.84004708307175,3.3416906333316727,1547.2208210784136,1
86.61206069078297,3.2190558844164014,1411.7504627289065,1
87.99152573018642,3.2469682879312822,1581.6453074727979,1
99.94130986120358,3.3878643880349273,1593.4419688615926,1
92.76817718723555,3.349648368075271,1409.1023743232504,1
86.56582389087794,3.3239315753891137,1460.5014711283502,1
89.10454265834925,3.274180242616293,1593.6115620914488,1
92.0720869953949,3.3160973819782917,1452.0583304313816,1
91.06744099312363,3.3860653882312426,1575.579350394137,1
84.37455160628008,3.263463477358603,1506.0847601785208,1
84.55232321238002,3.223368411232933,1408.8324322976418,1
84.30168690521859,3.374335911830323,1566.9608075633655,1
95.4608206189473,3.3852474084944815,1456.5851016384254,1
97.78485493911724,3.322586314126237,1552.3127837877228,1
86.74764292914799,3.262602063172721,1578.5343619659302,1
87.67977255034182,3.3989130131770295,1552.7350827307264,1
84.72276543082404,3.3706067322535107,1531.4838955352488,1
96.3679632985578,3.210644437654197,1429.7241614081966,1
86.13748982024597,3.2071724496338483,1452.0447927170321,1
94.70733152634196,3.287285973304546,1599.0403486716377,1
98.68971414050753,3.2081583417080637,1471.304023249177,1
94.76252456080452,3.297039902892351,1498.5977100022,1
97.22509031709843,3.3733758600772226,1424.730846806771,1
83.68440180768971,3.373634621924335,1436.13099282228,1
85.02931002899155,3.3017475527861295,1454.5583107519856,1
98.03610140037893,3.3171354803627673,1516.7094781965086,1
99.48929238374727,3.3052030813199993,1514.1575622269047,1
89.49554184501945,3.215367092558976,1553.6506853969556,1
94.18435328973453,3.3774735396037365,1405.1924337212463,1
94.2636222069265,3.3361278818875415,1478.8339605533456,1
92.62609296086931,3.390243970015749,1567.3954417162215,1
84.76795843630836,3.21621264734899,1566.1398451145092,1
93.87170781670058,3.2908111030285907,1591.040306194601,1
92.69567666831696,3.201161072149019,1593.9541027603254,1
93.81110962631232,3.3901791936950416,1464.9830936602032,1
95.16781391201005,3.3468639119071937,1591.4805558279654,1
92.24485184496464,3.2422733722079977,1409.7364497207968,1
93.58559253136197,3.2646341693373726,1411.1070047971607,1
83.2730336028994,3.390380037728386,1476.278185982333,1
89.17945294523948,3.2356021601558926,1593.0098619623147,1
97.57927919313693,3.217837661535311,1570.4691666487197,1
84.93293230975458,3.3558985090291444,1456.9871777998924,1
95.54605419322688,3.3308128597648956,1424.1203968205252,1
90.83521175697302,3.286471683883502,1561.27063918367,1
87.58182352980388,3.3369923883728885,1426.2573336944643,1
93.97936533190315,3.3664105748645317,1502.530645131873,1
90.81321464492353,3.377082607728376,1495.2879373259536,1
92.13502738480369,3.2846141160878872,1551.2981286980753,1
96.59789847305602,3.3227735566889582,1486.8211845020744,1
89.66830777878354,3.2080876179238285,1468.3489694793102,1
90.34344776105821,3.2448460424655834,1537.2473071718746,1
84.79125461542618,3.2990644507516604,1525.9119162667175,1
91.44420010977582,3.25814060489568,1487.4711037862048,1
98.32973879894469,3.2955222730344436,1429.7213077309523,1
84.3002154701773,3.3805807237333187,1568.3075908551418,1
91.41565702631453,3.2590963267811177,1409.5456548795019,1
83.37758535527763,3.209018980731688,1421.5264342883997,1
89.64844338174424,3.2188968724975835,1532.171050787434,1
92.23260778658722,3.250676066213038,1450.9720408701419,1
83.47185210761161,3.3006889134887887,1422.7870981998983,1
93.90840982147918,3.235910439172651,1436.441626910731,1
89.07323207568122,3.216658113026994,1575.3510694271006,1
87.35765528418895,3.317441677636049,1490.9996297320042,1
94.0646775968303,3.324762078833333,1453.014877947173,1
99.40095328186463,3.374268963649878,1437.438346760077,1
85.33157303488231,3.3494058638545665,1520.81057467955,1
97.68908430726347,3.2212661317494495,1506.8752005963254,1
82.10524725250012,3.2233356520731817,1434.3470702406778,1
90.58815773042242,3.3383612459973864,1573.7561041976767,1
99.38446853605242,3.320377488025891,1497.3444987875223,1
93.13298874077488,3.3947843784343372,1472.1457566181753,1
94.12845657271555,3.338058670871112,1478.9994475314627,1
87.44781985564107,3.2250178979860453,1402.7751836043628,1
84.01442504441312,3.203177049303103,1594.1040727320628,1
97.46221654476729,3.2418458960669,1529.7246443408044,1
93.69531686866316,3.287157694760099,1525.211830225869,1
96.22020765911404,3.2381828905434813,1460.1835739161388,1
90.34165999790267,3.294797817501246,1404.3633656449003,1
84.98989887716976,3.2304844479840713,1540.5196211416512,1
99.34960367330046,3.2942978397304232,1571.9592890881245,1
92.5340728489111,3.24026768400495,1513.8860923490683,1
97.00909359046221,3.210184436043874,1401.5748561958426,1
93.3473778460721,3.342618562924546,1595.897387587556,1
97.27509269805742,3.347415662674101,1519.1679101155378,1
91.97748145448026,3.2581549063876527,1497.4993026251798,1
90.74981729120316,3.318207855112276,1522.2990586389317,1
94.21602250852672,3.363337847393206,1497.5802991269616,1
94.85722591797027,3.3056617617890534,1484.4009095078757,1
87.68530270426425,3.2127021137890948,1578.5754392270749,1
89.50847424570121,3.294667594309063,1498.9577600698124,1
98.90136056863693,3.2693528226738056,1539.5028880778402,1
82.37452464479209,3.257602156290724,1438.4402595002061,1
88.1892530164569,3.246420622628385,1443.9404690081756,1
98.36326277501533,3.2678305997278327,1520.420026560804,1
97.16440842206467,3.3313916272945217,1426.231713418921,1
87.28109275560014,3.342277037188964,1591.9606736553626,1
96.99545342431624,3.3346214587278666,1546.9169264439577,1
96.32750794665401,3.3599510117932283,1568.9062567979481,1
93.19316281176921,3.2564914430539273,1549.8508603665111,1
94.00701614239824,3.2258193108041455,1439.896844560376,1
92.903482130612,3.220180745115105,1483.196872387908,1
99.88781023686417,3.2607303786795123,1441.8865882707096,1
82.8468880503379,3.2036261191350026,1576.181221396935,1
88.42678974706457,3.231721093020908,1565.5897376827324,1
98.10023447172806,3.206394001553678,1412.7331172492127,1
89.75116832592671,3.3235125843088182,1424.1376065641366,1
86.03372149731648,3.2515644282008154,1468.0648427976457,1
88.39433757848091,3.2093352716715557,1575.5427294329143,1
86.81484224001854,3.230235674758864,1538.0271164680953,1
91.27697396931954,3.3338971780302256,1541.2809834635586,1
98.67937777215852,3.2875653412923023,1491.4271279612885,1
97.14874553385197,3.2221861689905222,1421.1783718789404,1
92.99030578861985,3.3564312515532784,1589.4766987888038,1
96.82498410436892,3.208393887441316,1421.0822167501544,1
93.33867009077272,3.3741738948306237,1582.1971541071512,1
84.8265858524314,3.2584245975437214,1488.303582015581,1
91.10613910087227,3.3465103788234183,1419.8588477884168,1
93.64767347683954,3.2669215050625215,1427.5544928356758,1
97.27471165086348,3.2878216921830723,1483.1499677437832,1
95.84259694903028,3.2490632129234274,1561.8290431405057,1
88.14376125605143,3.3010045456458057,1417.0467723399634,1
88.7038544332504,3.3509690425023564,1472.1286812863357,1
93.9699145884672,3.230322242905507,1550.7014342094217,1
89.59099976844999,3.245636400786034,1560.3537357282978,1
89.44136953744561,3.2818618638784667,1491.7506127831944,1
97.34302862950261,3.3589214692744593,1472.3548739310208,1
82.53573268626941,3.2291168611796977,1401.9897426927473,1
96.51244358206002,3.388728568061562,1416.9556429062839,1
87.6664822938272,3.3963889848774262,1432.864936342943,1
83.10642991273696,3.3518384770111647,1532.0352344550474,1
93.54638357994808,3.380502226314779,1411.5619659092024,1
93.36893611878787,3.3426739034042816,1532.0723263558943,1
91.35601053765342,3.2591448849727294,1480.4005636062961,1
94.25567183356156,3.3107220856451187,1460.8646045946346,1
95.36855503653373,3.3818461706402263,1401.580446700757,1
87.03605340573007,3.3055583471214787,1584.0901183290212,1
94.60531114988689,3.2892378101406683,1441.0267142766413,1
91.79965523808058,3.357668315795343,1530.4074174793718,1
94.55447738032424,3.3775349793014393,1556.312618626292,1
89.28110270170276,3.2394591508522255,1460.3062824670685,1
82.66546310241374,3.2668985849469805,1545.019736467124,1
95.32094000159026,3.2252011291987746,1598.3847939085815,1
87.11070147042886,3.2185639135713453,1510.3571702722495,1
91.38404557207792,3.3514092648561085,1432.0054680458036,1
82.50204205532184,3.359319739848275,1518.5007203499827,1
86.34411602452488,3.3548315574287506,1545.301849279919,1
99.76518460433887,3.222088381248692,1411.9891477250806,1
88.71361962464165,3.3253979064635923,1470.8946691808299,1
82.85919171287178,3.3301924838741765,1424.949961079265,1
87.36330002772685,3.3473717391568623,1490.629432110459,1
99.69311012513751,3.3610775124218435,1597.8000157797244,1
92.18075007843709,3.378867779579072,1525.548870363117,1
91.5991958171198,3.3191097829250067,1470.0674270081545,1
87.12163890901657,3.3569578525648702,1542.9708936404672,1
94.10380843668794,3.3428701957727456,1503.9333294891005,1
86.45739996354345,3.26556939261623,1516.4738091715503,1
96.8111690134845,3.272253506562575,1419.5975663461584,1
94.80952757345482,3.365687525886376,1416.3894326869377,1
83.11948610579938,3.377701859369968,1495.2506143074995,1
90.03095356676957,3.273858843262229,1505.2511206310298,1
92.58831024215692,3.303788999883569,1478.9564950347167,1
86.74648677198192,3.299765461141558,1484.6844389982698,1
89.92143918873609,3.386207121532887,1497.9082133348538,1
99.51890469718428,3.3647623660606785,1428.869236269274,1
84.288231601758,3.342230113532711,1425.87703759675,1
94.68144432632133,3.3726543315189197,1423.611631534205,1
85.82756570128934,3.2946711123475545,1549.2992612076396,1
98.99325209902585,3.2738664119268917,1590.3643505554885,1
92.82880384729594,3.281723971829319,1424.1732856178076,1
92.29176557967537,3.2080564283173945,1430.6609021391603,1
88.6864123753357,3.3982040202237065,1460.652016541334,1
90.74665972965659,3.3582407402140935,1428.4279611465222,1
92.61323639446218,3.2097302093160462,1578.8505856769739,1
98.00302971230954,3.2431162911401348,1563.8250138456528,1
90.79828581241924,3.22446558110049,1469.7297887020775,1
97.66767764690731,3.283515030862654,1514.6118183578578,1
92.1837515692617,3.38005745759282,1556.269869770565,1
90.55409587189763,3.3440066990758233,1521.1419420433187,1
95.71512216697187,3.300952772254438,1492.1872329140883,1
90.0987290442733,3.28981494776753,1573.269110512531,1
87.85389315789692,3.3599623242389716,1532.900462483748,1
89.37330988772386,3.2465644566718406,1479.0794258400765,1
91.73790011424389,3.3916158984161076,1578.0086330221536,1
95.24643030012214,3.3291833059318807,1573.1907146656733,1
94.72975527082737,3.31439895872788,1559.23175628721,1
94.73317928283859,3.312208871014654,1424.756322270504,1
92.06835081825209,3.2384853466677197,1523.7408109632645,1
92.3834004971167,3.210574877198477,1514.0488766457943,1
85.40912571184377,3.2951671384314283,1579.372856048739,1
84.16509717590048,3.3872363619981103,1435.9486802851807,1
82.34152450374756,3.3573514092055037,1449.0573388780513,1
94.70111864135052,3.377531165748168,1488.8458938667893,1
96.52457843425714,3.3213709642297493,1480.3595730496838,1
82.80970559154834,3.3723948671428094,1404.6526496707745,1
89.86631355620283,3.282987284696187,1571.9296820877519,1
87.71288383659868,3.2514355586335437,1422.928924828449,1
83.78800539487621,3.2336311985334034,1428.8068505863382,1
86.59998145572457,3.217925712696057,1461.358843672521,1
89.33097581725534,3.233838209597638,1522.8950857536843,1
87.85523253132583,3.20543423848346,1411.7003564507131,1
89.01891480220404,3.264008292768092,1482.5645623997018,1
87.83592023434353,3.2751026316606664,1565.548279731723,1
84.1773927430347,3.240511891602908,1550.426747794456,1
92.54852338326603,3.2985958881804662,1550.477995730074,1
88.93087623334249,3.223016274376642,1412.126395580674,1
90.36682359841599,3.2814152927181994,1496.8343019916213,1
89.33488821539092,3.2467480911519155,1577.2311792055114,1
86.84487529079135,3.39269493756618,1535.0194858037075,1
86.43368972639448,3.310941490011738,1557.0428373300601,1
87.48303115538077,3.2813491842835876,1416.78167111617,1
93.44438190018968,3.2406913813693548,1593.5823025440677,1
88.71949396824773,3.3970617430928174,1556.4047325330398,1
91.67564133664241,3.2847504913231016,1582.2985463666205,1
90.13135602140619,3.2002002117226183,1492.9304107444204,1
96.92869212607397,3.257849890966801,1594.4163608064973,1
82.00977277072631,3.3867013632086076,1496.4372519750937,1
92.76161952701212,3.3678975443243946,1476.0307028878358,1
88.32552256557268,3.326441388149193,1517.0318332920733,1
91.18591158884468,3.2090969460627683,1547.8365891189715,1
92.13546840294327,3.2601276697065162,1479.0609802282293,1
84.21358536890868,3.2279300536588935,1511.295816300543,1
87.03024937070181,3.28639248640962,1522.089061893255,1
99.23350912658138,3.2636607883631163,1536.420199193669,1
88.16743461365296,3.252272106676758,1550.5388002213151,1
90.14892546023604,3.2491856569979745,1596.6043894315335,1
88.14933648549936,3.2919598683103812,1519.9027334577697,1
82.28574309090024,3.338369012078234,1529.2886583838729,1
82.0368552428347,3.295305790013491,1580.288998796908,1
94.10871527436113,3.28263260655968,1579.053635442987,1
94.65939415098414,3.3524930482995376,1507.6262907402945,1
96.17149422899608,3.3298194552231823,1415.5046232620616,1
82.55705536951348,3.366416772925938,1534.322615631188,1
94.10042643712075,3.2705989464700806,1562.5562494641192,1
96.89440303164419,3.2715931480925544,1435.437327383676,1
95.82338519851606,3.3394060268756682,1401.6862751912531,1
90.32846557102093,3.3872495698824387,1488.9155313512135,1
85.9873737646386,3.2039563339329082,1456.226896763674,1
98.58517641399473,3.2715642037861223,1417.9933038596523,1
93.04196875731839,3.2606357064968563,1543.561905952018,1
86.21664298804211,3.298761734317685,1472.5998357486665,1
87.05361444407018,3.380901518023085,1541.393601307313,1
85.76355378425447,3.239217358804142,1564.2246941304745,1
89.12955123183905,3.3739832465013078,1513.8204462831104,1
90.89220378599009,3.310357037475363,1531.967684237383,1
92.18272686078518,3.336476720277924,1513.0280467503203,1
83.17649125000061,3.2256492789774738,1413.00986428176,1
86.67324065271126,3.313980658137022,1445.5930350437807,1
91.41543927133218,3.3564505417262436,1438.3703095431138,1
94.20361690533247,3.3983902707246103,1538.597163077793,1
91.59294731214806,3.2505842144499426,1512.0231954501598,1
90.17067022647849,3.3875780737804093,1528.1932572619614,1
98.97533602789447,3.2103725595084724,1587.7518658682693,1
89.78586708901932,3.3990212953193124,1454.807119252857,1
94.24312255776908,3.2933173455232008,1472.2943686205997,1
95.66239086376402,3.376760488333136,1444.9096412166427,1
87.00279455282573,3.2840124138182554,1489.7722994033127,1
82.09286711404815,3.2389216279010564,1416.361780285982,1
92.29275310440445,3.205074387774266,1547.4888357901991,1
99.60572099992544,3.284764051374459,1414.8880733802844,1
86.49971490758496,3.23289631505195,1462.1611715299548,1
93.26790436547476,3.2193452194748415,1495.9932840346528,1
96.54506333494501,3.3185061541158274,1525.2594216690372,1
88.01744564718855,3.250081894169977,1421.5681306624062,1
86.2904658262316,3.268160393584546,1410.8865720356014,1
88.00459219034128,3.358822223896896,1588.7095154418212,1
95.96349049210075,3.3239133111216566,1552.8197140927177,1
93.25627763596334,3.3157868938517963,1417.106939814278,1
83.09236501530452,3.2066687351128387,1462.6558868439254,1
97.25845860302854,3.213005643759141,1425.507158133391,1
98.54408417972152,3.288383680663688,1460.294214801101,1
93.27133381197677,3.2131580518213325,1535.5128914949148,1
92.06664492889983,3.2589833540468356,1476.2910968090341,1
83.72494452529725,3.3503926715420307,1446.6223968037705,1
92.79236535858024,3.331944806313527,1402.121309121566,1
88.91056044664802,3.3590329355420256,1575.987633496837,1
93.14614997672291,3.267923294977727,1587.5169704493524,1
96.09272447576744,3.2908153526741457,1465.6387337860665,1
85.4646637137541,3.2205379307453166,1519.0350215335181,1
83.21580049896208,3.357883284748762,1438.7229083543568,1
92.31781839033715,3.32747274713054,1451.2572204401959,1
89.57812606293848,3.344924607307987,1488.9248627214483,1
86.37674460171243,3.3594051168025594,1412.0982365722668,1
87.61000344545693,3.287169625629672,1591.9482702787295,1
95.57872543066281,3.262237648045519,1577.044382007634,1
95.95892195866439,3.2294818125211058,1461.7348828961394,1
88.17220568090045,3.273765999034451,1401.6163684691198,1
92.55591842411594,3.3356600748667127,1411.463529225271,1
91.12794161398193,3.36703498595871,1571.7404411056746,1
89.59710052750029,3.2390814259298306,1440.0743806966466,1
98.35300393121467,3.357052761418229,1468.3103847345049,1
94.02148250164875,3.3389563153562563,1596.38465116531,1
92.79572145986147,3.26622908689381,1515.6821497769608,1
99.33516800434805,3.3232206274563545,1483.7390576729463,1
84.9210397592728,3.290860418790736,1557.838277385448,1
82.75945869778657,3.243881176292827,1400.7394144516693,1
86.01445159672178,3.2460548020400655,1524.7840035157478,1
86.30234271774762,3.3469172355061,1590.517645798106,1
87.96727197267774,3.348016277515757,1441.0632720594294,1
85.31640121988593,3.3979756087164956,1472.5634291915478,1
83.3271608236578,3.2060035177390156,1423.0378585195572,1
87.23037187700976,3.2388806888928037,1517.1372784863543,1
95.77958922444557,3.2087809651722154,1405.9371146546646,1
85.56084989841145,3.234829321829893,1577.076445910333,1
94.93906013024689,3.2679634986036037,1510.9009910314742,1
85.2137457544191,3.2042984056116306,1568.5762841430137,1
98.39168110356795,3.2041987520924895,1535.4904757995062,1
88.8206096424732,3.3574828161075883,1422.193801907276,1
98.85005387503112,3.261014475608176,1448.0299865747104,1
96.57077986525226,3.332181743042707,1588.2323511346083,1
99.58783322857627,3.399538982843166,1576.332759013352,1
97.81098105607151,3.213075503883501,1428.8864491622494,1
98.6347984101944,3.3589796233022824,1438.3362584301153,1
88.80751952900268,3.2748510603874204,1519.9098325215878,1
99.5856677252842,3.248909927786907,1409.2390384720004,1
93.0885041398694,3.2378204328632885,1507.0936684223752,1
96.21258020903322,3.2655361209022575,1410.651795013933,1
96.32101456106692,3.3745702983833232,1570.3005276743613,1
99.43091753507763,3.3771668575540046,1441.8475146998444,1
83.46533863338809,3.2941334587201436,1532.7004397137262,1
83.16771473745855,3.3017227610768614,1550.2616075909466,1
93.61128815651277,3.301831703445712,1499.717555223245,1
90.35681099610011,3.264364626575242,1474.7757442675168,1
94.50117412730565,3.3431299745377183,1498.9584050681563,1
86.83003825293005,3.2801892141075517,1584.2370447376734,1
92.51168718707018,3.2073208975899217,1443.9052565319607,1
85.65400894088627,3.3726336527383096,1479.179995087674,1
87.50798265375504,3.3777417859093593,1514.2740773517032,1
98.83898032578654,3.274821471057131,1510.1103947829588,1
84.4179456794948,3.2168056298718573,1488.901063082845,1
88.32834912943241,3.316792444946085,1493.0506222132774,1
93.18026475649127,3.285220468716549,1493.5101977475072,1
89.36114995639932,3.360900893058692,1463.4040851488999,1
88.88267667923068,3.235913146200312,1446.7580799246205,1
93.61638734762364,3.27181858703714,1416.483702204403,1
97.16686100536413,3.3025581978956637,1528.7308798404918,1
96.14571932685114,3.3853211838420356,1419.6818219402253,1
83.28427619102794,3.207656277039686,1440.061319371697,1
85.53963381165215,3.2658482585102675,1460.5431165474822,1
96.68016603464403,3.336707865961564,1454.8929113010204,1
94.70156747752884,3.399599141087927,1599.681019566952,1
95.54290041991574,3.3479642011867847,1582.476506026291,1
82.1536098112268,3.259894830408462,1564.4617711702472,1
96.09630857365698,3.280762228288971,1481.1516967741568,1
92.43916804820678,3.3310617014942925,1494.400798759,1
91.22764551495719,3.3522321074478163,1429.8562286279591,1
89.15509513092348,3.245385260467732,1549.827415063791,1
90.53988853251202,3.3031650700971538,1557.1949296483624,1
95.63718338636525,3.344502070269581,1492.2802274534993,1
96.25446799059037,3.2626149666991857,1437.5693104100123,1
95.86235918815983,3.3395882538224577,1441.9169507007014,1
90.0994948398545,3.3116893634648683,1474.9400334640595,1
92.39515207504857,3.2256691281580507,1588.670800235577,1
82.17426077273788,3.3620802769941807,1566.8597763101197,1
88.11680035336936,3.2838294631626,1537.1525611767563,1
89.26063690879306,3.355728680924354,1507.5208012754279,1
87.86943126145893,3.204647968065109,1557.071562159373,1
98.59859542924482,3.2307382478970936,1590.527509144332,1
87.94450950792012,3.325967861412683,1520.6005571987512,1
92.9410708869235,3.3733889511091797,1596.0344230850317,1
85.67568313387385,3.278127229308649,1506.898116151145,1
85.39009620656071,3.2217276712191723,1513.9030023842129,1
90.1276358775948,3.378948758996495,1418.6483013204092,1
83.87763719370916,3.310581355061585,1406.4118308223408,1
94.40244189545922,3.2977226645154336,1437.3384210452418,1
83.25083864036363,3.392598911204776,1456.7635241238659,1
86.1947096678607,3.331913978642815,1413.9958865265007,1
83.03415725108788,3.3037063360378847,1434.3651433687985,1
97.47473225278127,3.2821722468601244,1431.4070910060334,1
83.99339106920718,3.307290603843947,1495.6502284752469,1
83.23773383350574,3.3910193531268646,1573.1398987866635,1
84.33878110101881,3.24113540099525,1486.440135267222,1
94.77408905302187,3.2949560048562008,1520.7418897376826,1
98.90477658499515,3.3174983906790207,1500.495004231888,1
94.3270467241199,3.2550881955052953,1401.488661752768,1
84.56845578568554,3.2127940085896594,1479.847382910324,1
96.53618498476686,3.3051713009609154,1582.0605077881055,1
97.82630904642683,3.2920409120063416,1515.226550458498,1
95.27123279601223,3.2575823569987703,1576.1988146884678,1
90.21351923228855,3.340063307944893,1542.3295867329043,1
87.35407709359845,3.322605502342328,1561.996952965623,1
85.15227317415885,3.249826963513461,1579.992924061025,1
95.19839115274979,3.2915656304130927,1582.1666190908552,1
85.30199774036852,3.3137230531804773,1478.7102635184597,1
99.02237250496418,3.247939051517162,1574.1079183786098,1
86.92797298644487,3.325616640653815,1458.3779181043162,1
98.4933340042933,3.3396087985136176,1544.481877836935,1
85.91058764127833,3.298697515444872,1598.4779443768573,1
91.950830103324,3.399063276303905,1415.3067272236897,1
83.89404209762147,3.353307816057668,1465.2026271970512,1
90.11684770112562,3.2505533236375035,1501.2129143545556,1
90.31901476145478,3.2146390984041493,1538.8971428209873,1
95.49525054033303,3.2762311135882998,1549.1914874305453,1
97.40391660853672,3.2793348655667525,1402.1474722781863,1
84.06428890499318,3.3834273951299196,1465.422072515332,1
95.47616850105241,3.296951847465868,1413.647434238417,1
91.87171372641926,3.248458721806976,1590.0036848153527,1
84.5246036833091,3.3640853379355993,1568.312506618152,1
85.07060372153614,3.203613225530071,1420.1030242103884,1
87.29460376675966,3.306930766614447,1478.1699004299244,1
83.39653539720966,3.3527178093958057,1535.4766283530776,1
84.76293659159424,3.271617397931129,1443.334486655015,1
82.62000721743985,3.335008826154916,1443.233299914089,1
94.54136254533833,3.367300228230343,1562.3023651881135,1
93.53821940664737,3.3432820866406567,1579.4019760233064,1
89.03113100250245,3.2616648501813215,1410.48305123777,1
82.08398318943355,3.354481939043694,1553.4228476907879,1
98.71876994143871,3.2749289406966513,1447.708064615705,1
83.64495574152986,3.284336546105063,1597.8581249930858,1
88.06809956408648,3.238430363953053,1533.7898910986953,1
85.97022133512358,3.3764572115191864,1559.3848330309766,1
96.9481119957116,3.2335765774905854,1433.409451013822,1
89.48224017936738,3.2215367657179006,1465.4282932321423,1
92.11697411002335,3.237909507192185,1441.4238630746713,1
91.75064776175581,3.3877846455989484,1424.1607922798516,1
85.84803976048481,3.271315265183699,1434.7243115529336,1
89.23851081558965,3.263248044270249,1477.8373319100856,1
90.25796677143671,3.2132032568126347,1563.0169783211613,1
93.69900991939284,3.273795992201476,1413.4662537060083,1
85.93409539311932,3.260306849729337,1519.7738192969202,1
99.69584487250847,3.2203627179749774,1507.2363060582575,1
99.82956317514203,3.3700930067437964,1434.291822093636,1
99.26262467880102,3.319973429030708,1596.2831789715199,1
94.53367658700182,3.335580104477038,1594.4733705690599,1
94.4869733929095,3.266409309469657,1527.0706903364007,1
97.91140657944419,3.26359339502159,1570.3108424937286,1
90.67834682177933,3.2670210436249505,1521.706664431249,1
92.53066445946997,3.2764742799267563,1528.1183909502834,1
86.1836585928616,3.3174937094817,1597.6761728723222,1
86.18690628097832,3.3232697349174933,1579.3558852733017,1
87.55927531611275,3.3475826567836076,1551.4491487198259,1
93.15579211286465,3.2119846033119495,1474.9047256987192,1
87.33906514671602,3.2303341170784057,1440.8770660192354,1
82.6823208800342,3.384681827910704,1519.615037722217,1
99.02577695240879,3.3478511272033034,1465.7379703734323,1
87.00627597954643,3.328720414321081,1552.098776459109,1
91.37571147272017,3.3955135008914668,1529.6092850159266,1
87.19219188027022,3.204738666458443,1569.3869691086904,1
87.96286490685576,3.248449796744909,1507.8623504252344,1
98.31937703876352,3.3330012038176897,1449.667609932202,1
94.3722970972434,3.343900443944997,1521.6126395355252,1
88.8667465700693,3.264327398216047,1488.4721780267098,1
82.10876787575411,3.373973347979251,1413.9969839955288,1
85.46437805099728,3.326873391854782,1428.3064021740474,1
85.67596022978498,3.218351878484601,1518.5261302424178,1
96.96197581525293,3.386362538046201,1447.2620256355772,1
83.4069612448835,3.3449978209541356,1462.2925939621907,1
94.99012778368333,3.248984991645838,1435.2871009794642,1
86.48144974899152,3.2570705780035585,1489.6542384739605,1
93.44086789805604,3.2543721569514656,1556.2577850836078,1
83.44028749405024,3.3945110400908916,1479.6488946344218,1
85.01978868598374,3.2882752141694684,1501.0585108539376,1
95.22870588154903,3.3520648928819274,1563.9207615759335,1
96.28405482080589,3.203962215426459,1476.2838623335917,1
97.37275978548968,3.3517716644800557,1584.3064998093719,1
92.71330050877897,3.230559741784412,1545.3296470279981,1
86.6312509987362,3.2927302469400277,1490.72062117342,1
88.7526439288151,3.321205071331329,1414.3879299361022,1
84.45981428673521,3.293851696246439,1430.9448911490022,1
85.41326466258802,3.202566854449593,1500.1399617349634,1
95.05621676695824,3.2982907435365845,1585.1382142541113,1
98.92512973475229,3.39409852734535,1474.628979539927,1
90.81192005828466,3.328209744375232,1517.6618010867153,1
89.3581765288859,3.207765379536856,1584.3206496901475,1
88.92686820610115,3.3131217184101973,1438.845640067683,1
89.85336301645445,3.251051683383093,1582.6171990507505,1
95.00041528250587,3.3019216726856357,1497.724368624359,1
94.39280911257303,3.339291082408584,1530.1812669416265,1
98.67733761394565,3.34713284112035,1448.4705738391363,1
82.62113629718448,3.3626252820512863,1526.1905427374825,1
94.17566077790119,3.3394942844892674,1529.0667074142161,1
86.70395257247866,3.2910941540364402,1536.2132968714347,1
86.57718462089797,3.320429865387591,1590.355649087734,1
97.14728619833062,3.202467477495567,1554.1944371049192,1
93.59915303296573,3.3833765706186707,1479.5333843023625,1
92.55088771532938,3.3801991299992027,1503.7074087708431,1
85.39881853586517,3.2845889719811434,1565.9499130053393,1
86.551682237186,3.2604439131925207,1593.5366862016936,1
93.85274907916573,3.2765577220709323,1461.5957733004293,1
89.4089618589306,3.3752800940339576,1545.5304158768326,1
83.59972190832296,3.327236049730497,1555.3382229768245,1
88.19907062244494,3.2285426963404142,1549.7460144900167,1
98.74030358693916,3.279594043938829,1461.6200685596768,1
99.76645887666326,3.363277875619714,1400.315715516911,1
83.25714690929193,3.3392633414534325,1504.9923977506792,1
93.78138145201001,3.3466084471806132,1434.1268512254971,1
88.74372499700785,3.340809439322847,1439.6041057802308,1
85.27571796660905,3.3896966622922395,1490.1321568594756,1
96.65866818894685,3.2371276083602623,1411.7964129893717,1
85.28912918690753,3.3518329369900894,1451.870383296828,1
98.2409192002496,3.281758480430738,1525.3674759164026,1
93.23958620403349,3.3736723983830714,1433.2252265212087,1
87.27626053648238,3.275545707530799,1455.352440572176,1
88.15873451928795,3.3171292800229493,1495.5794237333453,1
94.11048266060355,3.2201618284128704,1412.2112933785927,1
95.53237653668111,3.2014453316708242,1516.4890897113191,1
99.77713901365897,3.2193683701918547,1504.4669088598885,1
82.13071522684383,3.3205969743729744,1597.3793684870866,1
95.7045514642078,3.386425676175842,1494.6463566376442,1
88.06653942822433,3.2858907242663955,1474.1570244459213,1
98.02273953091647,3.399889027051961,1563.3694384092048,1
98.93783884124302,3.333015657065021,1475.6871396464244,1
83.0303477909825,3.2712058467761835,1466.0510507319423,1
83.80319252651574,3.2913838518717013,1539.6616539386039,1
95.0539633709012,3.377594110257979,1427.7726054574257,1
92.83436517575458,3.3738010563412746,1455.8935060367912,1
94.5867631847107,3.363010351730194,1473.6859790264339,1
93.13033052050567,3.3317752210346656,1495.0398855133562,1
89.43627867016279,3.237586987023248,1597.2362810940642,1
99.2358485680437,3.3625238095554466,1403.3260608222743,1
88.4837010184066,3.2091508566880194,1561.5115623709753,1
87.8594535902346,3.2888612318539003,1521.3526032634618,1
89.20297343511643,3.3225184690862304,1416.27384625127,1
89.70249304848556,3.3862966938934886,1586.168900841656,1
99.76368634291069,3.371420000045746,1581.0405524081823,1
95.21699937378953,3.258772594641408,1439.0153910397619,1
84.5769060079564,3.3040108857694777,1514.3785249961345,1
97.4224469877778,3.300927323150256,1425.5722708969192,1
96.34277368759824,3.2602696609979187,1534.6124321167242,1
91.87743988461757,3.37495715538681,1433.6105702763923,1
90.03316060595901,3.223135728362454,1532.5284220884262,1
86.33622904405301,3.2423281642354027,1550.6505041483192,1
93.87541184275122,3.2178863631270374,1486.978681375625,1
94.88377280925208,3.2320470555558853,1585.793471822889,1
98.2476733394177,3.353261764765319,1444.075206993781,1
86.6373137681692,3.2952604635827303,1579.502176747622,1
84.21576598270666,3.2271512864868885,1506.9086605810346,1
95.05745931606933,3.218088350885422,1538.3569096517579,1
97.69493092617773,3.386355991029698,1553.267477339279,1
92.81222956749801,3.328797308121958,1475.402064487587,1
94.91396921406255,3.347200497575146,1476.3301009743209,1
93.55783964791502,3.312379988977683,1571.2282023384605,1
96.552054674928,3.2447101671384186,1423.137993054057,1
83.57824613157574,3.2178278853598803,1548.116243768037,1
98.86979171176861,3.348923550459754,1423.2212447715387,1
88.61926646749313,3.3706660618087234,1590.813723773055,1
92.384503150467,3.20033569829285,1412.376987323254,1
91.6408547268617,3.3694237193288585,1595.9698996300972,1
87.75357380422247,3.2730047684870933,1535.8604340760785,1
96.33817544783304,3.303950276469801,1520.3235277396084,1
85.9985480302464,3.2790624767678804,1507.6585886662633,1
90.2908498621484,3.228940157318336,1588.577981735503,1
97.06989978209344,3.2999665330052093,1491.156906109192,1
92.82637744472228,3.229174139718801,1533.070140852224,1
96.42325159087422,3.3405933619057295,1519.7760616542985,1
87.56004568221275,3.398067022396028,1424.6928025386521,1
99.94327487988805,3.341304453572589,1495.6565493808346,1
96.91637147875645,3.2990051050357447,1540.8280953265662,1
88.78075528933574,3.3962285590323957,1466.628909338567,1
96.90192449764754,3.2421226171375364,1546.5316205239785,1
96.58753573932715,3.340081482731887,1410.5132608460751,1
97.57777412212414,3.235804046477048,1497.5009303203158,1
89.05254154938333,3.3968779084310117,1531.8500621801263,1
97.27332842994838,3.3982126429998365,1509.5885819081748,1
88.07338265779521,3.335579737236234,1598.0628599946308,1
95.6388553309778,3.2782126189348446,1505.5688868861714,1
87.09471765967126,3.3392752631352303,1439.018435330851,1
97.41253995794192,3.278754490758955,1426.180136685697,1
95.54079663934554,3.316076735952281,1561.0143572898555,1
97.2965749712464,3.3419175063134343,1491.5065000275283,1
84.94650042346741,3.227512191894477,1539.1911051905777,1
87.23946824781541,3.2289645764377215,1443.6272946065044,1
95.47088531793499,3.3470637793112368,1401.8265029225138,1
95.06723521210658,3.315136419388574,1535.6635612033297,1
99.79271538147147,3.2295210918434796,1590.079630885572,1
89.68799916081142,3.368332018208836,1585.1970673446826,1
83.72885917425535,3.3948317519931135,1435.9265758768665,1
82.94449807787123,3.396055351965778,1530.0195609606592,1
92.68106302476515,3.3939453946777705,1525.394509319291,1
89.27189192481353,3.2067985655647555,1448.171084220178,1
90.79526608771393,3.337596821183198,1590.9110727496252,1
93.75034540454749,3.275074328148141,1538.358969973272,1
96.3158537750933,3.3317037702942063,1555.5461622233297,1
97.56812421029443,3.330062187287362,1455.0432080512248,1
93.75751852998233,3.273464611189965,1424.0000771233852,1
83.48746583012438,3.2978436881920836,1533.758441967485,1
91.17547296023987,3.20460535226293,1514.5963817646345,1
92.30735017829366,3.254744961401412,1549.0718589641947,1
96.29818685853348,3.2362193187832236,1496.838295459679,1
93.60273968167056,3.286731295732205,1514.2846198756047,1
83.78994259129556,3.212699660232318,1581.776104662136,1
96.31404688712358,3.2369779697140015,1562.5735874485104,1
82.35543499207748,3.3112120327613694,1507.2833579532423,1
96.61953265623434,3.2977126524805005,1503.7802231865285,1
92.52498771027976,3.3427498248500043,1558.0135384972405,1
84.23360791476927,3.3505976382009144,1593.1362087407447,1
98.15684136831663,3.236132834646111,1519.8205213177441,1
85.2388760156619,3.310944353710462,1560.102594367111,1
84.2148154579444,3.225763198100151,1441.2459800431736,1
84.90178471491319,3.312499241913498,1570.2900212303828,1
82.63009503128369,3.395985686964865,1501.2296621480255,1
88.54407353246935,3.3088854300552653,1484.610265459274,1
99.014112724713,3.2000171128635664,1460.1199955436084,1
99.03186308610665,3.3038886143335993,1556.560364802773,1
93.86483640681091,3.2889840575156435,1515.4142938411874,1
94.51182689989245,3.3045332519870745,1597.2039043855625,1
88.33810826324745,3.3076418973663304,1441.9679011224662,1
83.78216436451007,3.363952659137153,1447.4200711201638,1
85.3853257190437,3.2599418459178287,1566.525560938139,1
99.23361270439435,3.320428877401457,1443.2079934951412,1
88.46317291999699,3.2256984229819543,1524.462548527144,1
83.33847387058492,3.250993474216274,1476.356462612404,1
98.26587880357913,3.280011875116926,1416.6508152257509,1
86.57522907985346,3.2850686728063216,1538.9030741799534,1
91.6462777530233,3.21411160920496,1546.5349797448512,1
99.91646684256312,3.33936058677073,1438.5254840768055,1
88.6985606711027,3.331463610601084,1564.1016416421942,1
92.88900446111542,3.2839372945153236,1430.6982819979792,1
99.8640818460294,3.286725426284882,1405.1819726288581,1
92.86493043940483,3.2155049193950376,1424.924244778559,1
83.97982238465269,3.309673756967159,1413.191871835824,1
93.52319480181883,3.272563896938034,1466.7034697205886,1
86.91855404253255,3.3737710741133946,1445.1530937457783,1
82.17753998758675,3.275431196361013,1593.7546971771503,1
88.8153823251433,3.2210005458932125,1585.1271720580808,1
85.16316470113816,3.3456654829912065,1461.3099106979773,1
96.78417848439788,3.2979237200253317,1505.7920237614217,1
94.60819964333508,3.373079669895763,1510.3084463939874,1
92.93440499740235,3.379314048659747,1434.1494833201116,1
99.03718550155843,3.2779126661727913,1469.034577617176,1
95.34334848970632,3.393600056750696,1506.3364275569793,1
92.70310561266825,3.369926003221648,1495.3723737482878,1
84.29629965620562,3.201899493763832,1502.7130837935547,1
84.79884308454493,3.225273671958849,1475.7601329200875,1
95.23760274658098,3.210572925088468,1545.0838545548818,1
99.54099724190468,3.3415004831217647,1449.8223255250084,1
92.95665382987549,3.3413573525216975,1436.6209051593542,1
99.7524329600634,3.35969377974967,1500.445849130779,1
86.96481353899162,3.2855530165442746,1588.3354018903774,1
97.86497878006558,3.362804650111145,1461.037486248665,1
97.44258653793455,3.3894909297014197,1481.302956894902,1
87.62926442335859,3.2180281186620543,1415.8949733923275,1
95.13915454090134,3.3889733897054697,1433.0226251115155,1
83.03340740146139,3.348681891390459,1510.8319549703433,1
90.87130959741953,3.374870592371664,1592.4332662647912,1
89.63170522590426,3.3017364724463842,1546.1594732648557,1
90.63380705535779,3.3030022974090603,1599.5908851575466,1
97.98544960903651,3.3395763905714326,1481.094290336818,1
93.09315892624342,3.3821772811284623,1549.1834521402272,1
94.85488131381288,3.340518342754729,1549.9335905090877,1
86.39607244652505,3.347796630354485,1590.1736779815838,1
96.82054108370112,3.376066379167052,1505.6222836436004,1
92.96548495264655,3.321474709285277,1592.9294767506904,1
94.14139903145534,3.3763861131127335,1504.7032831665854,1
86.05123440285516,3.2150244748101398,1567.8817870219332,1
91.24632071226274,3.3904967204494874,1484.5444537632284,1
88.82370578548841,3.2746567397858626,1422.6467018395044,1
98.45281315016103,3.249953044700215,1507.8239244979277,1
95.79545040011787,3.2235730801374687,1459.835598592646,1
87.28381071065004,3.2426131889257346,1547.6051444279797,1
92.23915500257303,3.243492638950134,1460.9639598862962,1
98.79600598860107,3.3285947270922795,1565.14547749373,1
82.63772428659692,3.292611396152517,1523.5497383003708,1
90.78879629846618,3.271148812779622,1523.1060496871976,1
87.9139324230724,3.270778548877186,1401.0308822240258,1
98.0235329792187,3.2372315412790598,1470.906464768743,1
83.82408001835994,3.2984092238508826,1416.9487558738836,1
91.25773479173466,3.230742133275746,1424.7685297028856,1
90.7734187850683,3.231126080109846,1531.326689198814,1
86.06971419209671,3.2790717652057255,1459.8569905228849,1
89.71014645740003,3.2364364080673864,1562.308770819726,1
83.9565098718453,3.287714413786351,1567.8714922656964,1
84.91301741091712,3.2707475554154684,1486.792030939177,1
88.46626143086235,3.3741028140622666,1439.6929235915327,1
85.41220723933127,3.2080512615050085,1478.9092010573384,1
95.3906317648429,3.3801995620602465,1432.0625002178622,1
85.58185463451419,3.2958589970464987,1533.048579071356,1
86.7843931625654,3.2842190645472225,1510.0247345798725,1
96.39676153861922,3.3428641917220263,1464.977539704874,1
95.75906877254005,3.3763533061740936,1500.3717165082612,1
98.62410251314995,3.3686125827217688,1477.7697013786699,1
83.97519011227946,3.2215759169946807,1404.2304413409881,1
84.7997557982368,3.3000001862848536,1553.4769902891483,1
86.25708883208571,3.335662063702696,1468.4281996334569,1
99.57589348217519,3.347486311209245,1486.8657029870049,1
87.21039932280794,3.2971858487764223,1552.1799794270871,1
86.45945138571439,3.2304991449851523,1502.2479671044055,1
86.49040215507522,3.3533455209657848,1572.833361124293,1
99.89662708801927,3.2494708741699614,1564.1218832569702,1
85.57142426468485,3.341292179797168,1561.9904936895741,1
94.62060917279288,3.3004667887257044,1436.237649900718,1
99.86593003114831,3.3182392397953686,1526.8954383562893,1
86.12891546017156,3.2264591625351953,1407.6732863096322,1
99.82717832520002,3.385819666305496,1485.2605954075773,1
93.0964124470471,3.2181870860820267,1410.1910730903635,1
89.33134942836674,3.2612891893091187,1526.6619950236743,1
86.16569767886367,3.267235570290798,1495.8390475233641,1
91.17754646902763,3.3287746311003796,1460.857997998677,1
86.84642960536756,3.2561111881479605,1470.2049027555965,1
89.52533559833046,3.263968176983455,1409.5112788405293,1
82.73600432283914,3.2104261274046166,1548.95094084984,1
85.81559591841479,3.2944116328361024,1581.696394989672,1
83.81371059832227,3.2369680006090746,1589.6656371523236,1
88.54446236801951,3.26087133901049,1419.377444191199,1
82.24590850094934,3.310353645340299,1572.3948540245117,1
87.96181120343682,3.348258420541935,1472.2769927128136,1
96.01854953617155,3.3057724127243664,1474.3184570048038,1
93.7044701797295,3.242006660378467,1476.8098713267314,1
97.9694883966042,3.2260970810496192,1548.5174873498606,1
84.1663782502614,3.3173122912173425,1582.4353663385532,1
93.77839287156883,3.238086720098447,1540.9320107784417,1
98.6590115113219,3.2149759202328596,1509.3158045694386,1
88.17216343750488,3.3450701318296767,1597.9289230122984,1
85.63598410490182,3.3441538932229165,1408.7622212288259,1
85.45072109645476,3.3100991363996313,1450.505101519207,1
97.78735616556102,3.37068765885545,1581.3629695182235,1
99.55227083155596,3.378982605585474,1489.6964440194736,1
94.91186574186176,3.382169835919329,1413.5416991752693,1
89.54207489958203,3.3862664654142325,1500.7738855345326,1
82.39374817166352,3.319830732456071,1539.3412455431921,1
84.32081625769894,3.2090890451607152,1513.2349536728761,1
96.29902684319416,3.3387606668326124,1548.143039367398,1
89.15488890491773,3.3369388558454363,1574.051143994164,1
99.48769151679977,3.2331036440100447,1550.1455582816577,1
88.91470755729806,3.3558744346950156,1480.1697918880259,1
86.88689540121437,3.2368132680708177,1432.0006110845477,1
85.92053899659238,3.3393443495167214,1575.8310033807566,1
96.23164379023255,3.291088197385993,1541.550804258256,1
91.4513176430689,3.2606820342726635,1444.0672655349429,1
94.74858467901694,3.310430184184169,1434.2218193768404,1
82.82102438512582,3.2476433549699832,1407.8181350821485,1
84.66651057419797,3.3767204944457956,1585.4495914771726,1
86.86782739848562,3.3581242636613844,1528.482624858653,1
86.48214533784727,3.3646820533424204,1506.9189848246945,1
82.0251993065746,3.2694923797736806,1521.0319071594158,1
88.64398291589404,3.2166492312348307,1541.0923434555327,1
91.88695130312955,3.3444159181916886,1481.6685764466758,1
93.00667660912958,3.2649270280976017,1411.4526862292817,1
96.68659880896917,3.3647863572172567,1443.855918542261,1
99.37409435983312,3.235347047829609,1594.3209409946776,1
91.67299650484112,3.3957524774491517,1555.6371985957278,1
96.04923735930548,3.221288546506468,1549.1539577962687,1
88.87565759585658,3.3307649437447564,1574.0051576886021,1
93.41749974249416,3.310175560721992,1563.3694059285297,1
85.97150267538976,3.2537587004958373,1516.3327599015843,1
96.53919329828011,3.3505795395306697,1431.1282954306243,1
86.17101656747322,3.345257224789118,1473.7280013387415,1
98.23902658091578,3.2187382124304196,1436.3027087738963,1
85.33050440759035,3.372470434272454,1437.7719842935473,1
90.82933089867525,3.3458959984487393,1529.5128543407384,1
82.3788514702237,3.232583729751785,1435.546853866427,1
89.0955520300016,3.321564415377152,1413.8908239357506,1
83.2968764131897,3.2490507669076685,1581.8262109832744,1
99.46693837080208,3.220046759731035,1505.3557099957634,1
95.08176324895021,3.3615985453304478,1520.6587032969742,1
88.80175233566634,3.204143183097296,1565.3124496542694,1
95.74202360920093,3.3288964225868547,1408.748008507757,1
86.47017300026206,3.216719109218801,1428.5271211543654,1
93.29291877741716,3.202699380803705,1593.2721525570694,1
99.23711843974809,3.221267788920358,1547.2263020549049,1
88.09101850799443,3.341491150982626,1440.4643284368963,1
90.64765774960884,3.312570246893749,1488.8652396432533,1
84.93659995148279,3.2663512639387076,1430.9026647266878,1
83.00575911837426,3.3384082395843517,1525.4971706026986,1
84.21535927341687,3.364984980291912,1420.5630623469383,1
87.34129284207664,3.30230848325261,1567.2966769565414,1
84.55303047613641,3.3824333924417385,1404.8001739780234,1
89.68843779665899,3.229475302030608,1531.0729194981548,1
86.06591906093387,3.375798020786669,1476.948761473248,1
97.91603044321627,3.3645569740259864,1422.4817342934318,1
85.05206310625243,3.222027130759541,1420.3472509331502,1
99.20528323257459,3.2714615808074026,1523.1393535937739,1
84.13031746811332,3.3846639214824172,1583.9747206640309,1
98.12055683717313,3.3209012763963686,1435.6135553548163,1
91.5486515315413,3.3199222969731172,1535.8866623420188,1
84.7039606427857,3.333454676996411,1460.312753356633,1
96.71612580989375,3.269677136652771,1420.784512566169,1
98.49221839745726,3.332346343054045,1586.5763668200389,1
96.59294946734401,3.3422613364438467,1415.2738985253216,1
82.0392177664552,3.3866189896733303,1429.7285896208643,1
93.80537419496926,3.2640512006696762,1478.1199148993126,1
94.98418234544481,3.3571092188005736,1495.686402640715,1
83.21164542464132,3.315568575899978,1591.917062888604,1
87.01257056447879,3.2180894036934578,1598.9543365352388,1
85.27370205384223,3.277003479529334,1463.863155982206,1
89.62897725897426,3.3386841669274103,1482.7888691451299,1
96.28302862837073,3.266693029013606,1560.4281856775735,1
93.77117599985665,3.249181624327876,1483.7319263060976,1
90.94784129930623,3.306754129368963,1506.4948864820788,1
96.78527556465612,3.2769254506880308,1516.1927874608652,1
89.59313369903734,3.315575287903238,1538.699790554184,1
95.46910299322018,3.340618662666157,1447.0386137987814,1
82.05158990367528,3.3987810624399706,1403.430930320022,1
92.05074042477216,3.3915231542789828,1584.1808201523963,1
83.07239301804091,3.2698695068968213,1569.7502998252646,1
97.60190515231821,3.363802090494855,1458.9394576257293,1
84.59452436145054,3.370662441181392,1594.363920288297,1
98.43317036017318,3.248499481694009,1565.5643615492988,1
83.00558198575614,3.2275602625567257,1592.4103970762799,1
94.67133140992655,3.275492156644287,1405.269376480762,1
99.36843746635881,3.2743368462534,1540.2803526908306,1
93.9294517671237,3.2147540591311854,1567.4874389081085,1
97.66858558987914,3.206037146071921,1473.0488436539135,1
83.42187926479298,3.215413059312817,1513.8366309271275,1
96.64680266005477,3.2299434449753432,1436.4849023070406,1
95.38404289276914,3.349621424864903,1539.7127851080384,1
87.39113852726908,3.282304496649738,1467.4673981129731,1
96.06514434223807,3.3390494048792263,1457.3538141120473,1
84.80597204774628,3.3762314284480426,1406.423821455499,1
95.52039272430869,3.300659084559007,1402.1735152548413,1
96.98824169952552,3.335980708819988,1575.1953027461418,1
91.97480658296735,3.3659036461383915,1583.830046016075,1
91.03370387486079,3.341870563070945,1484.7340523175153,1
84.8224114693172,3.3946244658409603,1504.3002089523677,1
99.60267310678448,3.225026671205662,1442.3728486901557,1
93.14278768753962,3.2437812825922534,1436.7387545444144,1
95.42792327380012,3.3118588575796535,1568.3425978976625,1
96.69805904078244,3.2936872191390636,1462.6379320810734,1
93.55403501757829,3.365450735957131,1432.9648719052548,1
96.46010669087325,3.3293294391396966,1438.9461178629392,1
83.95121587722899,3.2155617153088776,1520.6380334180553,1
97.23896694212027,3.205609771966234,1456.4413862865572,1
91.74822246966035,3.2130638334332557,1519.4221511646763,1
95.6173859266517,3.261824022513246,1510.3382754351585,1
93.49100129846956,3.2064733583336102,1453.8336024955502,1
99.57993664042809,3.3129593626333396,1512.7478644050568,1
96.22406265667473,3.2091361225367323,1462.9160584408207,1
98.98316454555756,3.2016957461544004,1471.3298287267676,1
87.08323923690097,3.2796272777024154,1438.9767413056977,1
95.53316087299245,3.3451376249728164,1594.7701485894872,1
94.64782258975771,3.2194759671856734,1481.4573122508991,1
95.34612415033885,3.220200576636459,1561.498866640121,1
84.70335984547687,3.3174351018608648,1476.4223463489905,1
92.55444766311811,3.370405419226599,1458.023876192008,1
84.72768059583554,3.2926212446074974,1577.0407745628845,1
83.67923557125576,3.3436925414675027,1576.8804136151778,1
96.53456860979107,3.330844029994104,1553.7651430346884,1
84.89884647638722,3.3927334718430338,1503.2601594809873,1
95.11697151480094,3.330278983001839,1586.045440686697,1
88.14547520916643,3.357070371704098,1467.8041417760276,1
88.48569440262372,3.3711905106010156,1486.1802891493035,1
98.03223875783178,3.3548350001616383,1477.5268543349364,1
85.75877153833338,3.3220774465901806,1414.9996578067773,1
84.7432253226952,3.325557929269082,1499.504564847657,1
96.48507599732989,3.228524504253741,1574.0914960347745,1
91.84844894420807,3.3937894237002477,1556.2891034709437,1
83.5690183116527,3.218822798810613,1462.7437400366628,1
98.81300748378744,3.232294496995452,1456.0234644659038,1
88.5399087843346,3.2178458483087033,1435.8372505167947,1
95.89492918769524,3.251588819900369,1494.6521907724198,1
86.60847346288439,3.3753315738470038,1530.0584166111958,1
84.52805038479664,3.2247932448561203,1513.7466899875685,1
82.71266754375769,3.371800651083328,1480.1878428593773,1
97.42601726319121,3.3834280232795844,1425.796847702306,1
88.60118078607788,3.3689671287307617,1590.4089917445858,1
88.72629572080695,3.336440179367653,1501.1884859950726,1
86.73089378918226,3.3751072913277866,1536.5111172835166,1
93.17104702885277,3.328773357059149,1548.2085120537738,1
86.40670213546913,3.3642470070135597,1401.5885891833339,1
97.35507611852411,3.258132120036813,1431.6411608012522,1
89.18704756624196,3.214595735405462,1477.6445997866376,1
90.32101430032186,3.2187006240322265,1493.1755192108285,1
93.56472068750921,3.3800253030930305,1492.9705993967043,1
83.544805834032,3.3463556246583885,1583.4920703761998,1
98.6048334773258,3.353643330086938,1439.89419996965,1
87.91697146863109,3.2634569724536293,1599.2876464193603,1
90.75331029167349,3.340458167703874,1495.2438937341071,1
87.01075112955581,3.2076564677731416,1431.148223502239,1
90.4594158129338,3.3280432763896437,1464.0373238447407,1
82.56381857231702,3.320215482673355,1476.0569647884372,1
98.85627399797443,3.272298551782309,1486.0219478287709,1
90.52137350918036,3.210815503018339,1573.6041203483085,1
99.14761017005961,3.336734288070977,1453.9696220339406,1
93.44237127281652,3.2167182566847474,1413.8518099097987,1
89.29123264156851,3.259667360594535,1542.4413404634906,1
97.68320433463896,3.304955588600196,1533.9288799361489,1
86.67005006457426,3.3661098183002207,1418.4882520064064,1
98.22955126847042,3.2684038295796003,1550.6352101220264,1
84.96159906368625,3.2698552518217885,1483.8202155852694,1
90.55898952215249,3.3377660986540576,1432.1378319942798,1
94.54042154447818,3.2709384752997726,1538.5802873526766,1
89.00448340784223,3.2019863017811008,1556.6144747939397,1
92.74831549505949,3.2155617426674423,1533.59249767436,1
93.0972227350109,3.2647465149522765,1597.2735894076582,1
98.90144305838956,3.3485672694820687,1547.3438571887114,1
87.69727520834924,3.2301012559182958,1491.7318134513787,1
84.65475855015235,3.37286026971997,1422.7213752150785,1
99.4595702449308,3.28127732763112,1504.1383396421165,1
82.06618404230696,3.290111793493217,1566.502165581684,1
84.26290969116445,3.2898657301648204,1593.8915022885458,1
83.75402898085675,3.24372455439822,1595.8063977772845,1
89.56316996020101,3.3092172455405957,1433.2202056064357,1
88.79601828672342,3.2696171108033703,1590.4753762351856,1
99.49140109295628,3.315367285840369,1402.8742035780197,1
96.64802828839645,3.203238253745354,1579.3309827252706,1
91.03753360169327,3.373551629669585,1539.8634292172353,1
93.68041019128908,3.2911994970054237,1482.0773621674314,1
88.33980197390426,3.308493403234853,1504.6339645595403,1
95.77146051857531,3.2226759998892978,1435.162761001026,1
89.71090505060693,3.2353790321242117,1518.97836202779,1
91.76973181848058,3.2763126645759164,1569.0183217221581,1
94.39391181055511,3.287498734346192,1456.6496725411603,1
93.1667768126892,3.3850271193770807,1571.399453430213,1
99.91653798205527,3.361187952514342,1420.7624079132645,1
93.6932425520992,3.3232520743198646,1482.2559328432012,1
90.93528872355063,3.3503453517315176,1585.445781863829,1
83.79463730308005,3.288820671295168,1516.2467163888673,1
82.58743967129872,3.257980891841211,1484.1281715212333,1
86.01182867574576,3.2909259759658394,1476.2159662164763,1
85.52008428733176,3.2939148484923715,1424.888112173399,1
99.4170898369515,3.382805863714139,1482.5869484364891,1
96.76752355402313,3.3407669913539815,1548.2306113776692,1
82.13689242983686,3.2749287602040114,1444.78731976086,1
87.10487960887674,3.3759214321653275,1452.8998141100953,1
97.09271514600601,3.359027641876545,1482.943304886372,1
86.34797990377871,3.3800374506548927,1482.911332000307,1
82.27954116815658,3.23067506967561,1474.8811481010462,1
96.70072620616361,3.3640068780500374,1519.9891348443493,1
88.03161888619806,3.3918321185889653,1598.5658249706323,1
86.35296003522957,3.394698064612392,1438.5320806745706,1
93.59981844633609,3.365709979909034,1560.2663292466705,1
92.40136508437875,3.225774092881965,1527.254698262232,1
99.5924014233502,3.234743454162954,1580.8342744680122,1
91.31098740437616,3.2874803174003504,1419.9155847877635,1
96.42109553720016,3.3008514093136383,1526.288213695487,1
96.11706329178973,3.3686061453255594,1525.4636763284584,1
86.68414221012654,3.310581101714154,1589.740060750253,1
85.66772638021841,3.218653081395686,1487.4842077665598,1
93.32009427145556,3.3186576383606323,1405.5636668474967,1
94.73636644919294,3.3841188788002725,1415.7545008835104,1
88.88328728418959,3.348467924794807,1426.109603022656,1
90.16671271190299,3.326300358440861,1471.624270359509,1
86.3149939160452,3.3795818481173443,1459.3845012692047,1
91.63750996536182,3.2490508835409773,1556.0057905422113,1
96.14886758331899,3.3540783170766826,1531.8515390928817,1
86.94936684886619,3.386995178675308,1525.4876017915321,1
93.49095825647086,3.315870915155022,1420.6838460429483,1
90.26429902530896,3.3191788883845277,1421.4153306809594,1
87.08433469173241,3.3789209577152546,1418.5554282030187,1
90.89641092124003,3.272279463578342,1567.6631766676492,1
89.03440375486083,3.2982073914936803,1404.3913936819808,1
83.32436745432996,3.39184343461049,1415.2625370179057,1
94.37205539314694,3.2750508738900925,1462.7169871830222,1
98.34944319811325,3.361709811033463,1435.9612871687934,1
82.18252524931347,3.235735414415101,1513.4587699639997,1
92.91978746195555,3.2062900947290767,1595.183174822942,1
99.88731239916464,3.2967821985407415,1522.80099928378,1
91.8366898901035,3.2316776536729166,1548.3393658019618,1
98.67849722645197,3.2385690519304737,1405.9110485553058,1
82.41468715163997,3.3023489441885965,1430.469203317622,1
97.60373664325499,3.222957691399116,1443.3915570817853,1
87.89571510623523,3.2439522222927852,1545.548779802921,1
98.91726586430106,3.253518106451134,1496.314974426087,1
99.15812849741769,3.2697106759370618,1510.29942281831,1
87.29777579312614,3.3490388912096796,1499.1603410781354,1
91.22781784112917,3.2799884303247158,1438.6108476669983,1
85.11327127785813,3.3374114913434325,1577.4629782399477,1
87.05948975170912,3.2785651849253394,1516.7296510832805,1
95.79607961011246,3.262317025908311,1558.8199052301522,1
99.1677173450372,3.297566357900905,1576.571466693517,1
89.62727179180038,3.349415854024401,1563.1784399133155,1
93.21239732158232,3.3214591300234884,1485.862595140518,1
92.20855662489294,3.274792097356759,1526.539693503591,1
83.15679255194411,3.233449810578599,1406.7520021767875,1
91.20442258235175,3.3173738485720876,1458.694709247175,1
96.88035553537709,3.3290195941185625,1593.029049829391,1
88.34056004263103,3.2059879900733383,1435.9808471933611,1
87.80826091564418,3.358179274478428,1471.5489033539864,1
83.30752596164729,3.3313909223253435,1474.392856873631,1
96.03126196310038,3.2244607210302845,1463.7178282265252,1
82.1962184377197,3.2657738778200334,1493.0753254405695,1
96.31430958053545,3.3797487947831284,1512.3281166944432,1
88.94063589800191,3.3203603822174297,1505.4524722955575,1
83.85256348622781,3.255609693700471,1521.580874839829,1
97.90048222641406,3.3719825277795565,1414.964839181227,1
98.06795236194776,3.284350028160411,1551.240240685948,1
87.72009930492267,3.2640242817970373,1439.4246504450734,1
96.44905345805597,3.299730193684685,1598.051943293833,1
89.58227042963104,3.2248185358238,1434.2279458067278,1
87.88374567509501,3.2765715036338894,1515.2827635724375,1
87.13066445530245,3.3287333217014456,1571.2206133838872,1
99.78318578067157,3.382328628691691,1456.8731637761862,1
97.14957154842737,3.28056215798409,1579.1659050188466,1
98.52462069314157,3.2078240489026753,1528.955133283544,1
83.25017406387687,3.2190239635554705,1560.502656422673,1
95.01856605274952,3.254934709246739,1550.738455870486,1
89.2061981665776,3.3112900402763685,1462.6349322405736,1
93.02177164589844,3.2786654983437713,1539.2913877725107,1
90.18247134149118,3.369734462560858,1593.4305055595514,1
84.1854330388856,3.274781216588175,1523.5954003076904,1
82.52718727314665,3.2095668477199326,1402.0792054217077,1
83.8924424937645,3.264571808072014,1537.5197823707065,1
89.84228432233738,3.234038290512587,1438.2319386662662,1
98.24097672567572,3.273775906586867,1580.5761166476582,1
99.81217053598868,3.3868220712069292,1573.6029744930431,1
86.67437843903711,3.35698880708676,1422.1607194066098,1
99.04860749451237,3.215008435046266,1465.865794849279,1
93.02951139397399,3.3624971052699633,1453.9824108759535,1
85.06609534209558,3.227552665149351,1492.1387525199375,1
84.27319672515979,3.372378979843857,1550.6069653989825,1
97.98037142532145,3.3931672526828605,1482.658783550417,1
90.04203532657202,3.2244746618297158,1505.5177856095484,1
92.40192500205846,3.3322537951023934,1595.2698905476057,1
87.79440453579717,3.346172916118363,1445.1661036786427,1
86.74861660444465,3.2592468376627286,1416.5588548079277,1
92.05327422201452,3.3745744664108397,1531.8961555468056,1
95.23482901905136,3.2411782468780355,1415.603345744527,1
99.49177376108545,3.2120533856935434,1402.6256213642641,1
85.8904384257399,3.363702288843781,1437.5834859723532,1
83.88162492311078,3.2417322916001012,1518.1046199226416,1
91.4976034853659,3.371691766848205,1552.0975916748962,1
87.61285773480849,3.2908043930758377,1430.7997850296006,1
91.081205367311,3.3828250529319948,1443.7569661687273,1
88.54558809802207,3.3950129366702315,1573.5717574067087,1
91.24235276620368,3.3560042119029236,1437.5906945297709,1
87.00109182011852,3.2328392649982365,1461.4293559662917,1
97.65696484141321,3.3296765925020937,1429.4579468085678,1
97.77153225190283,3.3490051986429084,1448.1124922880351,1
98.09376497786673,3.23740595320874,1405.7172499243027,1
93.9139390703733,3.290528183209832,1453.1157450651021,1
98.68469895352032,3.2168133532321854,1486.2947273434193,1
84.71116083223153,3.300438078389836,1501.5853648390464,1
82.95682729739048,3.254517773344786,1419.5625395314908,1
93.67519146863674,3.346400321912795,1484.5176744370633,1
87.29210610248218,3.2805384206423835,1518.809833043703,1
91.53212956289997,3.298723245439855,1486.7130683499345,1
94.2608894474632,3.329268971456504,1591.7943434582394,1
85.95243576223687,3.210627554200677,1407.137591503904,1
86.7912084035412,3.213169477182823,1420.2063981823019,1
86.07637028311792,3.3240441481761818,1543.1646636196365,1
89.05434561574413,3.2202608543930773,1546.7848745347092,1
97.83149807490638,3.2536533899533326,1441.141075150712,1
96.1430977259901,3.269526622648387,1457.5985099462468,1
92.73364114153098,3.3467764541553064,1418.8485133425577,1
91.05832274511519,3.340094245407162,1495.3516658232968,1
87.49583538879567,3.3813335533260345,1447.723897055138,1
87.672024982169,3.213890926788219,1437.4688824000289,1
98.19764599348525,3.228366731050973,1402.5469655782451,1
90.54281243460332,3.2668108299684926,1435.5030104136033,1
86.74897938864406,3.2153954135935385,1535.8405884508204,1
97.35561402272589,3.3188010310413594,1593.908306172237,1
92.49685944630292,3.297661468197731,1449.5020858534697,1
83.96894795308394,3.363785287763761,1513.4533460140917,1
99.82743583047281,3.36707180623455,1505.0538368570008,1
85.01148527555067,3.229316591881598,1418.7820197641738,1
87.48284088425387,3.3472372924323044,1490.5232705036726,1
95.22667007382258,3.397958623686008,1451.4679024568327,1
90.7568796468054,3.272857866374777,1402.712210756167,1
88.3472748057575,3.3420314302053136,1578.2744832602607,1
95.94147331976046,3.37139123211075,1580.4333654697195,1
92.72338373004189,3.222552213475015,1537.1568315018847,1
95.10787976917926,3.2041454555808015,1595.7274875198586,1
97.41277943525166,3.331873382619153,1428.3266251641428,1
90.96098016616914,3.248873560991264,1548.202485882947,1
99.51923058743007,3.271883985707622,1548.8730238218218,1
85.48915802368262,3.3909628814127717,1527.7467505752022,1
99.37815508939795,3.3754288071794685,1535.7603051437682,1
98.18598488288393,3.2898538693596895,1591.661225074668,1
91.48432382307305,3.253061866626631,1535.8132725191788,1
97.98390825064124,3.2782052451210437,1483.4588571567333,1
99.89098674783445,3.2618646594741536,1408.2199954681348,1
91.36139919335426,3.2686548886212283,1522.473485951068,1
89.8022732162177,3.2910055347780323,1593.6306071170056,1
96.26212921921879,3.257681706711934,1593.8939780121073,1
90.9806863418981,3.337105339984791,1493.2634944929525,1
84.704099531601,3.393334293797287,1524.7590267034484,1
93.95776577984483,3.2607291199070585,1457.6519907483705,1
96.39613116759867,3.2031184799281633,1408.19061877925,1
87.09431137784176,3.3186143236211474,1410.638656449864,1
87.50478701361735,3.286064565706634,1532.0506629856081,1
82.01155080570457,3.2502866925861222,1470.043647108558,1
87.09877966444745,3.3718021087378163,1533.0651997901862,1
95.83993680844816,3.2310074030662856,1417.2006930607513,1
86.87204011207518,3.399182851214786,1439.3454826355737,1
92.53404705620316,3.216143587664965,1443.7715530874382,1
90.51719982022662,3.2709264475833306,1562.3418177343908,1
93.46680367702496,3.2845126575218346,1593.3813630106492,1
83.76649653967176,3.252252182245544,1460.4045310572367,1
87.59324441194113,3.3127815223273878,1535.7846422134821,1
87.80463824032876,3.3156334834384564,1536.6642367357915,1
85.59111996367848,3.2271381503586656,1510.8567538850355,1
87.4191207847739,3.2171195854206895,1513.333018015502,1
93.30973889157757,3.30916613516714,1475.193188760289,1
97.76658662415551,3.287378563129965,1427.721975038307,1
89.95422396432161,3.2626520924327003,1586.975962944572,1
94.8267730953996,3.2936757748636514,1485.5338341989407,1
89.56910196919772,3.282051724882847,1405.5345876702045,1
92.0603638624817,3.3914983507495666,1484.1837243563368,1
95.6054161975573,3.323041710118724,1460.4779970446707,1
86.36762179766448,3.302441359122263,1425.454972119465,1
91.77885192780512,3.313114920076438,1458.6686373554708,1
95.59603312024423,3.2785318644731283,1480.5884252042758,1
82.10715122767195,3.361496205274754,1574.9821745127563,1
90.28397355307314,3.2108692468474196,1410.938550934456,1
96.93809720688405,3.3299759881303443,1466.6966909085806,1
83.75318311747105,3.258115384825235,1496.2935800710216,1
87.96353673605363,3.2121729539654296,1548.0945878991745,1
94.13943398888986,3.347872684474217,1410.6040532910417,1
85.69116009244884,3.228830380085184,1548.0848237384535,1
90.91548374634422,3.24470871671297,1535.1361522669615,1
97.34060252298384,3.2601784417453996,1462.1781657921404,1
99.80485533816785,3.2012901601279036,1496.9910288209676,1
94.37994454512446,3.222941772739801,1400.007142354581,1
92.86823192118244,3.2242068834898214,1419.3727273452373,1
85.67728577453587,3.294748480654741,1566.545290508575,1
89.98868574971594,3.211130632349915,1424.3622829018886,1
89.28203204800897,3.3965392532706913,1564.054191462588,1
97.15097446187667,3.309343849510359,1564.3372917365432,1
94.2637680463816,3.3718627775582064,1523.4317036318728,1
89.78236657852258,3.327239432963219,1436.961570593247,1
96.7339018091766,3.331493072570386,1434.1550983660147,1
95.34996496583011,3.309336205125378,1495.2316797978676,1
87.22065139718416,3.333507105857163,1591.8182828854974,1
90.87335445442878,3.3335399318861683,1478.2378440884065,1
94.55774866340603,3.221467167830413,1483.3792937002981,1
89.64699320992081,3.2055941317728496,1491.416455984304,1
92.15576351441241,3.202203928799239,1460.5523139746242,1
93.61196177980007,3.378644194688188,1523.9752925105086,1
82.76737234254144,3.3814116870682343,1592.5593050409907,1
90.42232793482866,3.344613053587601,1455.3808078305722,1
99.6715663436775,3.2715495325634456,1571.1679143622848,1
91.05770118381115,3.269766816351638,1541.2449233607288,1
89.03123786475369,3.2125531541921153,1531.1838495007198,1
88.333606047979,3.343841821794432,1467.8582153610614,1
94.87328199636899,3.357339373439609,1455.6680288686766,1
95.7269365627467,3.2605859770230605,1478.7857459011825,1
98.49088042309775,3.329026801114894,1475.3045468964501,1
90.49154163081312,3.331794362038932,1515.2077908940616,1
98.69342041854296,3.3550795997066873,1505.0867814708145,1
84.32959545075772,3.2648153224421326,1591.0389193605256,1
88.26571396381317,3.323495004817674,1480.7547704392225,1
82.80872437753821,3.3704062368465624,1431.835934865034,1
83.73772793989403,3.2212440870693833,1586.8467817892465,1
90.57543411721191,3.351981856273911,1596.2656792577257,1
96.55399869762978,3.3465294104749037,1447.3234371921894,1
98.19629756997226,3.234799591791873,1578.494570231562,1
95.6046497338992,3.2840112312471508,1412.8739804952243,1
93.01426524302892,3.2228947565517103,1569.3603705613837,1
83.3118705000543,3.352670389971617,1521.3066602219553,1
97.13222839333318,3.384710169097881,1464.2318429166987,1
94.57706306942681,3.275525789161349,1597.7741727790174,1
92.32803390932402,3.2399468856986138,1450.4989884661184,1
89.87526737316908,3.2572178665183436,1440.2385484310298,1
84.91761247674475,3.3627675481565733,1561.7344435900513,1
85.4613246288026,3.316421589291458,1525.823132633913,1
94.03584849634551,3.240707922031342,1562.0017694541255,1
98.07923820685039,3.271912200412729,1481.6054740075692,1
91.838455167121,3.21439302316414,1437.0608712469952,1
95.13958808213015,3.3821977000359946,1528.4464754583753,1
90.93115844892311,3.366480581771545,1514.0740138703222,1
90.5271916614123,3.270421210462578,1523.6957727369006,1
92.05655161560766,3.227574707272047,1413.4309357984037,1
89.69521147950346,3.275223645380105,1414.173523439694,1
83.40658851183551,3.3564774714667305,1459.6453966213955,1
84.12269491685048,3.2461147011093483,1520.297917039004,1
87.95655630831246,3.2448042449672934,1588.1235037593492,1
98.60091992398108,3.2502763694382106,1540.654662784793,1
83.22315072792743,3.3742946671811684,1593.6229635597304,1
83.34598821118198,3.3150711748620845,1570.639043327808,1
98.77256289871374,3.3000094016078703,1479.8439318219496,1
83.01966757943443,3.3395035816607006,1422.1748941880055,1
90.47761671889337,3.3834782674684134,1452.610614379096,1
82.5396045340668,3.2676090485176528,1452.1762210138309,1
88.02174241829294,3.3529471830418585,1427.8577256265778,1
91.8475722573826,3.346774533882155,1584.83485245309,1
93.94005029217713,3.3756540358995326,1447.123440345459,1
83.31241423265574,3.3895995193181276,1580.8647731095577,1
94.65563494734512,3.35311484457178,1407.072414973148,1
99.65900876577001,3.3899815565589666,1519.6295257498166,1
93.02378771251846,3.2161186976544838,1510.2850503903203,1
99.0388121778545,3.2541016812970187,1408.348195409866,1
82.64080152614967,3.3015208530802207,1530.0673937056329,1
89.76728013602396,3.2606836703144637,1569.966700488999,1
99.48638168051535,3.204288652436803,1411.0713094865587,1
95.92503836805228,3.362272633904478,1506.8371722223444,1
97.48530048749589,3.3363882432633565,1547.58471402242,1
91.94492728024065,3.210428083519824,1553.1363030928787,1
94.51792957078123,3.285943729730454,1485.3667163097039,1
84.47986774206532,3.287590570923675,1579.429345750292,1
99.68562202352228,3.2735417341467574,1438.7291257726038,1
89.85744694266643,3.2115845013233577,1446.4066849529606,1
92.5951145304806,3.245425177235999,1549.4951378592386,1
97.99003608926557,3.3586361684444808,1513.6097223248776,1
99.8368972572074,3.2029797119993804,1543.9653698353802,1
96.62719405460288,3.215322335148833,1425.343178866142,1
85.25068260048872,3.2087438856275767,1469.9334928429366,1
93.79376113435362,3.24884886890365,1458.4825443174186,1
92.91022921473336,3.295740273084615,1424.4752714881156,1
83.38246900867523,3.250039771107391,1508.7292391149117,1
90.90872653346206,3.3470437255701793,1471.3916628027562,1
98.4718155522472,3.2440574578099577,1542.6267717819198,1
98.94568577859405,3.3560416810980525,1458.5366828277274,1
93.76558967229504,3.3053688375547208,1453.5070498568698,1
94.55989037264544,3.300689080513087,1410.7995068231753,1
98.20765679623939,3.3411003350474884,1524.3743561002727,1
87.0361092195811,3.2407109870196122,1427.4262977263709,1
99.56689130796424,3.2461071853413275,1548.381731738099,1
85.79385337389607,3.2744779970123035,1563.2759418903888,1
84.55530217770948,3.395581940166809,1539.6683878306708,1
93.6983455550332,3.2907525970832183,1422.8477269728328,1
90.98033482621501,3.2067512367223183,1455.5934661451581,1
88.91517985915713,3.365435770101989,1416.8986589606404,1
87.0236646785016,3.321949545121098,1499.071499733401,1
97.52991058592936,3.2769326499760445,1408.883110023213,1
85.70314217230592,3.2368853593765583,1486.216992933291,1
82.94067372297677,3.261029614554802,1508.3098333522623,1
88.26048169188223,3.205198420450172,1521.7478584564894,1
98.07704849579878,3.384539736551281,1581.4899165370057,1
96.58438636034526,3.318191725338316,1551.4504433085697,1
88.13699892956133,3.365847891005174,1486.815202036116,1
89.69588540559283,3.3458452268370484,1547.0828976517926,1
83.02813467780605,3.221842040946028,1477.622112560978,1
94.98334645319363,3.335593904983131,1571.702818558948,1
98.88356932718833,3.292700507378332,1514.5205106127562,1
92.22945497812496,3.3037825722397876,1432.5097739105001,1
88.8632386357485,3.3491267740616397,1584.9322277877136,1
84.37370883180817,3.203036682725996,1559.917784754334,1
99.11741017504835,3.2171073734742497,1449.9865230490852,1
91.7704820135597,3.2675064706371466,1478.9202407577727,1
93.07985048694057,3.2723389733862094,1531.8459887065192,1
96.08367317732096,3.362051899390763,1521.5998351757812,1
84.23751543107713,3.3136882151078826,1464.1978782951828,1
86.7613158021619,3.2357568792161477,1492.5448537130158,1
89.91836702942604,3.2932879001453577,1593.1770985703522,1
90.64374237864745,3.368865066106034,1443.5684999951882,1
83.0545270475169,3.3877668516033097,1455.2891342297855,1
92.98591339533077,3.2628053068418703,1412.808697581946,1
85.23647037628386,3.353195365945601,1455.2288685136152,1
97.64299669048727,3.225444496016829,1526.0676356770027,1
84.64423213662434,3.3235898608803423,1409.9159348497874,1
84.06003813283752,3.2077003556255335,1536.8882767956245,1
97.49026499633163,3.315978143091998,1408.3911173841473,1
94.91243854241925,3.2121625735636115,1542.9099127530621,1
86.66298550035866,3.2514890149475906,1535.6775639130635,1
97.43482553429403,3.2706670083708187,1543.6638594340282,1
92.81041909921574,3.2699459301071814,1415.4958285494713,1
89.98862831322317,3.30220710348703,1447.3957422435908,1
87.86420282920142,3.274271872385052,1564.5385886445883,1
89.48745406631437,3.328377405444496,1575.170627658195,1
84.57543067965285,3.2653081083401543,1557.6328923706515,1
88.02974413001373,3.2816275103351358,1530.3956424813205,1
90.4723306221115,3.394700240036939,1524.3832737671694,1
84.88563074640508,3.208922115401734,1586.0617028922784,1
98.41370787204872,3.205107057252872,1521.8076291851396,1
96.54461584713984,3.302159228497398,1556.174750241702,1
91.14728087263114,3.31629729973203,1468.8105492888985,1
85.86763695492681,3.3661453538875077,1406.5199057117989,1
95.07267571018147,3.276217932645398,1599.5641703146875,1
83.41200950140676,3.2154622881988066,1587.1035739665022,1
86.04245813322993,3.3006991773811176,1514.8878494356936,1
91.86819454439821,3.2836160235687606,1546.6091321725285,1
97.25671143690224,3.305551279780575,1410.2863007889719,1
90.50192487139671,3.30488961416533,1488.203482802122,1
86.84528897337931,3.3672017880905325,1458.6130617723904,1
86.39252191719652,3.248614668546626,1553.5286828539888,1
88.5153692376318,3.2911642347496994,1549.637655872698,1
84.0775045489916,3.2482092953398936,1546.5596660339959,1
97.84408202304441,3.2723762319679413,1470.3969218737739,1
91.10158197116843,3.382927102390374,1530.6659854712404,1
92.89393450428767,3.289793604293919,1483.7700459804585,1
92.24816057757124,3.3653567835491076,1425.0562517728165,1
91.67708614773296,3.3552896542985224,1481.52348797635,1
92.52559605230576,3.227628030785241,1452.0557907161951,1
87.16393341234544,3.262768867787665,1416.3011914618355,1
89.57840662517002,3.3966495501226164,1515.202350160778,1
93.38733579118507,3.3545289951534634,1579.9744936524567,1
97.77530254552696,3.2031024503212735,1424.157769111731,1
86.74077020421007,3.3109157557955116,1586.0250331012312,1
95.3713718639159,3.225279590292959,1406.8151337412871,1
89.7655575605539,3.3380093129976625,1597.986696769319,1
84.38279959014167,3.373375997736021,1583.7246006550106,1
98.27668706776541,3.270873554240842,1480.4635013594161,1
92.02493405599765,3.3423967023095367,1423.8059287321691,1
98.15367377433836,3.3796707784185416,1518.2956004273258,1
93.09933268979111,3.398826820734411,1409.0475396420845,1
95.29747161696126,3.2709915264694676,1489.7790683965,1
89.35974505063129,3.289950742931213,1566.960934453741,1
87.20724054901213,3.295421209484508,1426.9211079678582,1
85.30211401750694,3.353191142662701,1583.2683694662244,1
98.85918603218147,3.2167578982595453,1579.1198343154547,1
92.68395916130297,3.2739747817425537,1529.880952020775,1
88.82874245768684,3.287717408205155,1501.7334382571773,1
92.58545579781676,3.388953619857142,1419.3797204379193,1
87.35227358996333,3.2682234422091963,1512.8262676562035,1
98.15142926166568,3.31596564130221,1568.8130854488068,1
89.6804115409749,3.2645600145817815,1463.7156602104012,1
85.21148461970125,3.228639312150977,1562.797436036248,1
95.2232634714463,3.397841074661888,1442.1361378290321,1
91.34442947066286,3.3150275645845886,1523.0954994475355,1
83.790397631021,3.256958191343535,1423.710215520625,1
86.92927300005736,3.287783348893573,1577.0698326368938,1
87.1926187791354,3.3835386131099296,1597.7611148449334,1
95.56243848733716,3.384903170513622,1533.2867224196027,1
84.53805625235712,3.241368622410541,1567.7579991649063,1
95.58756529569136,3.205470024940955,1580.5082604881302,1
99.27742065512837,3.307965949979299,1559.798400394816,1
82.11997192196985,3.3665008989310237,1405.1554610871383,1
85.65653690005149,3.3883611916719074,1514.233032504473,1
95.1776095331225,3.3041787790152113,1566.2075630632778,1
87.30894846114452,3.2219229753557608,1541.2644399988408,1
97.20539423941769,3.288881012631774,1486.453189690792,1
86.73501757952235,3.3729005502712996,1598.6154500819046,1
95.16940736798108,3.2232925280458327,1470.7442325407878,1
83.4232074275389,3.3586640510297445,1545.4723180448268,1
87.88808288291908,3.3014120345344202,1455.2216059766174,1
93.35123095839762,3.3025688226104997,1555.4091141731865,1
94.72257642733214,3.262961985010315,1584.945996162827,1
89.80079723751469,3.3864736001269575,1558.839479865576,1
87.71548957695943,3.3682862081500446,1532.2260854208992,1
97.79632357708704,3.2071272372442223,1526.8994310904816,1
82.1434705885235,3.22737493453375,1475.2418113829417,1
98.97692263099381,3.3346695262129282,1453.0572093577912,1
84.72579591513521,3.362773770372726,1546.7121370087957,1
87.08679412582707,3.2397145936411214,1575.1727895270462,1
99.11498964796597,3.371431359236365,1549.8891952845293,1
82.05755878849132,3.2134522534768153,1511.547432260539,1
85.75384548887483,3.235623005090375,1483.6318696856226,1
86.7353286522687,3.276058045969943,1516.779791168445,1
93.47886328605315,3.2968466125882583,1531.3881933008659,1
85.24115802200149,3.2600201142440617,1446.3786674664007,1
87.2580865027276,3.2970119900855748,1559.3492353409938,1
89.05978100568919,3.271425574337562,1496.1918105116742,1
83.73759819523059,3.2224734842224705,1576.1790378344333,1
95.58929982595785,3.257454270749679,1593.8724286067081,1
87.85714683274279,3.332483637966015,1423.1638359668768,1
90.36524678180874,3.263781190902908,1422.707258682815,1
94.5454344538272,3.3409637602091697,1554.736356261628,1
90.70729721428584,3.3609442619443075,1497.8348755852264,1
89.41605253793296,3.2469720080926456,1458.1860471783934,1
91.13477325344019,3.377962122635526,1556.5655788913455,1
83.09445870012516,3.3543597315597413,1452.3210505768493,1
87.71713044793995,3.2782756787673093,1488.3903092521418,1
89.1762312106236,3.3824737460235257,1453.6634467326185,1
95.10736325339278,3.2679683113638553,1563.704916902823,1
87.5531916920651,3.2819623086173983,1514.501139336261,1
84.99763257539448,3.2412401643090725,1525.0573010896378,1
99.06180029681775,3.3226607942741384,1465.9368353027335,1
92.8893017002628,3.2039839833233934,1544.4457441883053,1
96.44343180079301,3.2180505421466137,1540.946104129088,1
98.4201141621814,3.3533684101194337,1510.5788380853307,1
93.78876849178876,3.3037297997034543,1472.4195503227006,1
85.57191665272349,3.2313985822173197,1507.1397623353098,1
97.47501104266024,3.245866893664282,1560.257078947729,1
98.39176804371058,3.2663004225692083,1443.1230195655692,1
95.20001829025647,3.3880027592385424,1407.2149944983155,1
82.3605107187643,3.3880710386135506,1420.5041460715224,1
89.16287334445255,3.2969799891744334,1431.389101271465,1
87.4263958367437,3.2460010478370718,1554.4823269368262,1
86.45155729806426,3.254491649195426,1424.7285661294995,1
96.11296500862704,3.331055191756414,1426.2386378918527,1
95.3294632567405,3.2539997322290892,1416.9833258934723,1
83.33002436966578,3.3444225738994615,1552.4771984407885,1
89.47684042426032,3.2029483567813815,1566.0503037895232,1
92.88769349859314,3.230369511389072,1547.1746796193656,1
96.26716011047534,3.2388568160406823,1521.1383161832437,1
87.61941467319348,3.264745346345235,1502.4711262337614,1
82.4217751282362,3.254809947995701,1440.533338635682,1
86.75685919409038,3.3312101417425293,1494.280070627601,1
87.24229576983767,3.218612479004641,1593.3772659396093,1
92.09793265919419,3.2966699038213836,1581.5331514222614,1
91.59767026542636,3.2489228075480585,1403.4425064819366,1
90.94662802737977,3.278729036378052,1474.5475333373254,1
91.83846547352088,3.221660859066651,1444.8121720222823,1
99.55343070960085,3.2794697236585706,1446.4231095419605,1
88.65678927736367,3.3126306535436933,1528.5637130001332,1
87.98383854767593,3.361936157390347,1595.1634855324544,1
83.71700263094856,3.23385114253712,1572.9655428858,1
90.8166063180668,3.2499938116727605,1428.266113107197,1
93.09679246757378,3.294702931528398,1544.6064827436953,1
92.19950569935492,3.2464859516306714,1553.4816957912112,1
86.536429281633,3.2622909914560783,1467.5736961280159,1
84.71101554227751,3.2642885963454806,1513.0624720435294,1
89.31761710111576,3.2011143539371267,1538.079467727578,1
95.59068274589904,3.358939158154617,1509.1177470979326,1
87.6342911665928,3.330401724928229,1464.3675915321292,1
94.75962709407459,3.302886223129641,1571.730582028158,1
99.86959646042621,3.2162868617791394,1421.0087752725215,1
94.58660015013129,3.2751372100819385,1551.3773411715397,1
84.91767605661528,3.3496297525189482,1433.2393947204464,1
89.87682267766807,3.394383254816628,1407.812389560793,1
89.63528004969152,3.234144417384513,1560.6307261058525,1
90.76948078362328,3.349798686614953,1509.4170099767257,1
89.18930184965322,3.259350204642986,1487.0958805020814,1
87.29602581977079,3.384394043505529,1535.3366319404656,1
91.40464185031466,3.323020097448744,1474.3263625559366,1
93.70397288342582,3.2283035193237617,1504.6502481177804,1
85.68031314351147,3.3227999641776016,1542.8949600029787,1
91.34883611560852,3.2502478725792616,1492.5760331908123,1
98.85164497750392,3.3854159187477295,1544.026051456014,1
97.34313114509843,3.2270678492847655,1504.8756908105038,1
96.92934428550055,3.2019642372692942,1483.260588614979,1
84.70628337911428,3.213409602632091,1595.3952267849481,1
87.61312917341563,3.237534885405403,1538.809034368169,1
91.67916690002892,3.2662070260863225,1412.2215578332136,1
90.43649384901062,3.231290604273635,1470.0905585830562,1
92.0648096047355,3.245205902077194,1525.7643506141446,1
98.70183097919474,3.254916122979205,1564.1508861057619,1
97.62567685299354,3.316893677010124,1461.1500641215962,1
93.24101684842854,3.2806536718224106,1450.9498768465403,1
91.73830587825766,3.3318735140600624,1415.4952251801478,1
84.7435924548922,3.3461316156632326,1455.99710669864,1
86.73287710656133,3.220464424977756,1559.376896206018,1
92.57170711164878,3.353210868512014,1466.0320379967327,1
95.89561628819409,3.3184339949559796,1455.4475008944555,1
96.53139247947021,3.3742673167823063,1533.6993827063288,1
90.52132308309913,3.233619877700017,1556.6729832169876,1
99.80357006114708,3.2182676537775206,1560.6707656605895,1
84.63684979513287,3.2329636774591566,1574.9228179458482,1
87.82008176595102,3.3791906684187683,1410.4378374471887,1
91.21069473423226,3.28793780420036,1532.9684458251136,1
87.88760855381227,3.3000750210285297,1423.45929926749,1
92.08261243312388,3.2754619103281493,1477.1059717331,1
90.5406040280301,3.262352366505041,1504.39714091565,1
91.55233913218672,3.3766571217855526,1568.4382441847017,1
99.19648221872816,3.3890979865696576,1566.720986780132,1
94.80425820180707,3.3679752207357336,1512.0971730972035,1
90.82168308281746,3.3577930111446066,1537.0735170248745,1
92.04229152348428,3.2870826745809496,1469.6360978156513,1
82.45531998269627,3.2731374351015274,1493.2151761215102,1
94.06070375612265,3.345698300635931,1442.7559921398374,1
92.07629240880391,3.399580022574374,1587.8814297780157,1
88.88423348021288,3.2358011200028547,1549.5256990126347,1
82.19210359100289,3.2884161134973042,1505.2005189581046,1
82.10106169098162,3.2620781396753364,1418.8216968045247,1
88.63961367670095,3.2507520653349062,1584.3127906516113,1
92.92193945433573,3.206705638240603,1454.990283610931,1
90.617227637539,3.2087834775384336,1539.0998150471814,1
86.55468317072935,3.3250540823597117,1594.2281388821914,1
96.81986275723335,3.372637064334794,1585.5149678450962,1
99.95016839307422,3.3264480165458927,1498.0600970592661,1
90.52207149191833,3.374987366270346,1550.1172699713518,1
96.53375233612933,3.2076387187384574,1405.7673940255054,1
98.09677243858269,3.230638350107729,1547.2392338170225,1
97.67643798378838,3.2263296411675584,1483.914516618944,1
97.22445643059672,3.2112095988443166,1527.4956311443311,1
83.12185850483371,3.2194950921206034,1508.8166971169087,1
99.70126170923088,3.2388364756928465,1522.800758089801,1
82.30014017215349,3.3674547056436404,1569.6460051829613,1
87.69664514183444,3.3418617906707726,1581.1449497733568,1
92.56325481085807,3.3888601949308166,1503.2680899115967,1
98.92981290788141,3.2806346169358176,1567.5433347638286,1
94.05354114701376,3.2129909801377954,1565.0095086713031,1
91.02746248733439,3.3457914132872757,1416.7937400528567,1
89.98117967546844,3.255105091048075,1439.7366802226256,1
91.09838495676613,3.2345936427046356,1549.3656856449306,1
97.0814745496185,3.2006448765265416,1454.7526278504124,1
88.31232600002633,3.2682904980573837,1513.6346531452323,1
94.53325932882512,3.313237857714702,1492.6010744097262,1
84.09271042439491,3.218112343821676,1545.9100754356648,1
85.34186000909673,3.318229706029035,1593.1531191171816,1
95.80100623554024,3.357747335747538,1443.5051704018497,1
88.7415320596567,3.2162549866396164,1544.8553531516154,1
86.44117812469662,3.3674616644991793,1528.463478300955,1
98.22662557335605,3.238217211883379,1551.1665087016083,1
84.38922667196965,3.2106670608808257,1541.1827926145145,1
85.20407264695571,3.2280852147415877,1463.1081959813575,1
86.06728684183176,3.237649058212041,1576.713715790547,1
85.1880175741539,3.2589864689996157,1539.511632084248,1
86.7618125801043,3.297977132134368,1515.7392328435378,1
88.27946554051839,3.3283651821658653,1489.9346289478244,1
93.35847533022402,3.3663460883058227,1407.3462187493817,1
97.02503545980166,3.277136138313568,1507.589756799804,1
85.79193034684361,3.340437493374725,1469.384306141746,1
96.59634980765223,3.3592542801628844,1441.4893915387706,1
94.59376887554548,3.3007530503744054,1565.9715365516122,1
96.29731053740608,3.218151500095833,1554.6817991297276,1
86.64784929103098,3.293537639470169,1406.2896101503363,1
84.07536734123927,3.3316664362417363,1437.2851021218446,1
84.51667507298622,3.317364152257131,1474.4565495308777,1
88.80238282568371,3.3176781563479825,1406.7699571287214,1
94.62318910571213,3.3258944159133494,1573.8658203199864,1
82.14216943724088,3.2842815525464655,1466.9424956093308,1
93.6618636418405,3.2200415375636693,1582.6297646135158,1
87.51296133495437,3.2933682464760214,1437.2321452975946,1
82.39149944411335,3.361844266379792,1491.2891352080921,1
92.36737361923585,3.2869936953946275,1479.8666961097301,1
97.01373540151565,3.25051495391633,1474.6429556622236,1
88.08180869136778,3.3357111683505076,1460.0346595646872,1
99.47378209771075,3.3754865426336274,1552.6345982175387,1
98.21557944032517,3.301392151576065,1484.1971969990345,1
95.93330406284703,3.390796388056111,1480.1500254766286,1
82.51399307662597,3.3024408700561296,1584.470719546948,1
97.95871443110198,3.3930471222067347,1588.5692663849672,1
85.57231857722171,3.394485550475103,1550.3700183921296,1
84.33803488270428,3.266629422886028,1591.982659777701,1
99.46585230251532,3.261854707886075,1553.1646223984076,1
96.42681323163094,3.291742703908673,1433.0684162089046,1
82.01517777036842,3.229498201907287,1576.5909480632372,1
87.42308200549694,3.2160750540861396,1447.236716535333,1
85.65979567064255,3.2180333789052584,1448.9465045245556,1
94.32484437522491,3.369133679234398,1474.8515620901358,1
90.59219360998226,3.268942372649779,1494.1601388898926,1
94.3621558926467,3.339755949694651,1582.5666091923504,1
94.03186330775357,3.3662693984262404,1541.2448201220363,1
95.73501111943345,3.219164972584805,1425.700478730137,1
95.73479734983088,3.22670525372011,1554.6520878778574,1
98.16438322586941,3.36395821522884,1546.0744215140994,1
89.64266391653493,3.2787700720639754,1414.3313591880608,1
90.78956791801586,3.348085823610761,1517.2857910795453,1
85.99049279049476,3.3217044669064286,1553.5687852429712,1
88.64438619107788,3.267970190199399,1564.6476283693187,1
92.99019742596941,3.3503368920060703,1582.917200144037,1
93.6203908334771,3.2276159800588338,1437.5941098395704,1
85.80218219336035,3.2870801256490503,1467.917331135372,1
93.77280882923128,3.285142263994735,1456.9928248391927,1
88.96267928298498,3.364255002857226,1406.965332122176,1
99.25322941832474,3.2843473779849974,1432.708575424874,1
94.28211597585883,3.3668464990056015,1492.9845404717757,1
83.48752848977718,3.3372131239364604,1420.281019294066,1
97.52439663768205,3.3607100513680512,1402.4448978318032,1
87.74246400831126,3.314936441938535,1476.798057088701,1
90.18445718443837,3.2972278768626113,1591.9842104169652,1
89.23066103163531,3.3542719320275056,1460.5909026041347,1
86.65568288681783,3.326823435896573,1520.7272094594316,1
96.44353111347404,3.2900539882511817,1474.5650630906277,1
90.52385113251523,3.2670127016964083,1507.0048331793698,1
88.56751216955556,3.3570989447516792,1596.1469015837686,1
91.57080931717898,3.276694364652506,1534.9437819123405,1
84.70696996245698,3.2674231379452365,1586.8354152255724,1
92.62275432527854,3.2395226098819023,1562.567021868408,1
95.09731779768835,3.290997872404587,1409.708719648068,1
87.07085119722187,3.224310289126481,1497.924282342569,1
88.6078741766611,3.377833186983061,1537.2775277037865,1
86.5418824826378,3.2674923489615266,1459.2288907868174,1
96.74504816847701,3.3085496995854906,1435.7456360656615,1
88.42393651237401,3.2035037986141,1464.9265100027374,1
93.44768859923684,3.3191557811374715,1471.4488964258198,1
82.65902231307949,3.3477360612097598,1449.7253435481095,1
83.51284347198705,3.2189145149678806,1545.3574808607166,1
93.39256041409153,3.2862201093028736,1454.9392466923389,1
99.49334995630798,3.3377983922023193,1448.820140836798,1
96.86028537351227,3.3669835804883634,1546.5375554866876,1
91.42405745568297,3.2916839138278977,1415.3072287538475,1
88.7103159180967,3.229350089444747,1595.368666535333,1
93.4806606965108,3.3764073775725403,1476.3825990447883,1
99.64479676676677,3.2157529731657695,1585.488110239418,1
95.48680598613431,3.2845059818040423,1404.4766950367843,1
99.10645985187446,3.2513716008090885,1530.5790867547466,1
97.8926565157406,3.367370663452665,1486.6870566683413,1
84.0956577530921,3.23832872744038,1452.1951496525382,1
87.45762554616084,3.3028079145240152,1570.8487298991136,1
86.38754324985018,3.359790819956111,1474.8472773631454,1
90.51253120507126,3.3521438091031883,1487.3891268294851,1
95.44365626871243,3.355661794820001,1455.3707622014927,1
94.08591353016614,3.320924513636039,1581.949281962604,1
94.20774848109801,3.254535880692379,1481.4365583764559,1
82.33694107887827,3.282864967967887,1425.9533886235486,1
86.80695903542595,3.3198158901784693,1595.1795244736325,1
87.72686910442009,3.2442647371065987,1403.6145846679933,1
87.84295901640533,3.2127444917133245,1457.5662623765527,1
94.8166048747874,3.3653949953029216,1517.5828329038095,1
93.42590793009217,3.2657504030189783,1477.8079025083823,1
98.73770852415136,3.202513444934712,1468.1191955799502,1
88.23459366565433,3.288876612710623,1492.38951035493,1
95.36628081635791,3.2421274789158114,1539.5450728684864,1
94.11374712751137,3.2511385193510924,1406.4533019970336,1
97.34125019821255,3.3935447217205295,1526.2768126823582,1
92.10386325217075,3.2690598384784044,1441.5102403581304,1
99.72763488838562,3.2738382910252106,1458.3646085126065,1
87.67608554755886,3.3349002740791143,1405.912913614363,1
93.24752855694938,3.2333468610409875,1470.3252756072468,1
89.76755424944366,3.3991651680543127,1404.6816688051647,1
99.52042723529024,3.311287897443849,1498.1513753379586,1
86.22493415143428,3.3842352562212836,1426.3394778645468,1
92.92819137184875,3.3699336381606666,1419.3959644373501,1
85.9294968530796,3.398426181242813,1514.1490031620099,1
85.21520389294683,3.231823503623716,1555.5049359565714,1
95.22029280379516,3.280223301872716,1481.7032372236617,1
95.52305656611581,3.283635999114005,1519.8497076017852,1
87.74926295778896,3.2726349363182123,1421.127755439631,1
97.92564159902327,3.392047880043272,1552.3506263438053,1
87.71995174170647,3.307125409740967,1478.4346732871222,1
97.46301857584258,3.2989666428518714,1492.7827884052447,1
96.87049185217847,3.2898911851003287,1584.7821114560095,1
85.1972792983128,3.2576815620114465,1506.5331411806737,1
88.01298726896069,3.2928042972925167,1434.4541336347934,1
98.33105593748253,3.276670684784886,1530.6208482654392,1
99.5364530498449,3.2820587608052416,1527.2833750084653,1
93.13976740863522,3.2277144083525333,1523.9840589513797,1
99.98037790841687,3.3199136340179813,1546.4295989405741,1
99.01880234786127,3.265004062071163,1449.9881508446617,1
92.2475106511929,3.2943827087944197,1418.1932880756945,1
88.66532641953938,3.3485930749793984,1576.7024960963129,1
93.77408880746445,3.310411471890413,1572.6876544848556,1
97.30556224612684,3.232275854733242,1473.8128643081488,1
97.74370354643223,3.235042198705925,1587.4281774651893,1
98.58494232294063,3.264544840354696,1458.5963831317615,1
98.10002184328448,3.241401454176906,1492.2359175372019,1
86.41084547568917,3.320649797385414,1597.9426655797417,1
96.34156402337403,3.394561057480285,1500.0429878255416,1
84.0008313392577,3.32080135917347,1466.251846957334,1
98.5628046718226,3.2318533170891754,1492.4424465329143,1
99.32453247351319,3.201376662773801,1406.4645136624927,1
94.18370276178598,3.37341254281963,1599.1069100353259,1
97.51904147070408,3.214073122714524,1483.4179221951586,1
86.68052646443566,3.343195315506073,1424.1963948544783,1
95.97873751018632,3.3294178679424657,1506.8341623466674,1
82.42696227053835,3.296161512773862,1545.206350177208,1
87.27333528257849,3.2796793473188695,1564.4631515818096,1
95.83770728646455,3.2726746535292706,1543.3249248972384,1
91.20807459448895,3.3299259609580725,1485.7177075556272,1
84.23302324015806,3.229196747909591,1452.499819931299,1
96.85411464003187,3.3507155713314094,1422.3567466765555,1
85.04116239097984,3.282578610862102,1467.9669248192758,1
98.43354262691167,3.359110619846867,1442.016996837419,1
83.74826267317282,3.3284071142877876,1414.8139111075432,1
98.18551560315112,3.2983153861053327,1448.9456888392278,1
86.6799919617472,3.2590584139364873,1488.9344130913335,1
96.1727310725061,3.339912334468844,1513.6462379623933,1
92.69970633568916,3.35226454755667,1429.6047948625376,1
87.19174774338997,3.2442043079140346,1474.1702237181953,1
88.52903623020988,3.2582436595956428,1588.95838218307,1
84.84944401843487,3.3267789159785828,1495.0569684998375,1
89.91752235680086,3.2589759232915063,1548.7466332393865,1
94.51148529584673,3.2293052280060195,1458.4665758299047,1
88.91608013683188,3.3273524660288065,1405.6009409590351,1
85.8099167831104,3.260591313463991,1516.846954840521,1
86.66958110447908,3.3442278735467665,1549.0914476964363,1
99.93011538164856,3.281168926472924,1523.6919982731401,1
85.0673822723572,3.2688427085337812,1431.1753713892929,1
97.34698850676205,3.2628592469145916,1474.8725166588704,1
97.57735638819248,3.297049156797493,1433.8241754036878,1
91.45426367727626,3.2350774712622146,1579.426721304465,1
82.25618672398781,3.3893896506201515,1468.4733990204709,1
87.56754912224208,3.2448619978876243,1455.6631097326297,1
96.00425847707474,3.357854849278318,1529.999332423422,1
88.41702634824979,3.2918643423459053,1582.5405011156747,1
98.3134364949138,3.367995427170778,1569.1491869373567,1
96.09557388855768,3.3048236666591984,1445.6742640456227,1
85.64553971993988,3.3328488171589976,1479.6982446706324,1
83.77912036431215,3.2659030161908515,1413.4395454398893,1
91.95912065587797,3.3069507745602813,1548.251577522947,1
97.70708104543426,3.3940874439446893,1411.1949599484099,1
92.20063890079467,3.2495943892668073,1451.2144145328848,1
95.30984401172641,3.337939807677766,1530.1614431403914,1
86.41156692884951,3.3379274900516576,1491.2132101914744,1
82.72419026217456,3.321827541687732,1510.3951309285708,1
83.64446553122988,3.2380028333266635,1566.1384760103626,1
83.14604084425075,3.380626717407329,1504.5115400891914,1
83.09557203754169,3.245517249768884,1517.1354782010324,1
92.46286787533076,3.292854258564517,1507.386728944839,1
96.06542656510689,3.263771667763615,1526.7811403767087,1
85.53566492057877,3.2232812783746394,1416.6772417367038,1
85.5531323537064,3.3084737667283055,1442.9987886522617,1
90.77015202789975,3.313865853860382,1516.342709108823,1
97.50050385512262,3.2223047803640092,1577.3034966627386,1
95.99312555467554,3.2389597529008056,1561.1531729026624,1
93.05943907499146,3.2912508875015942,1400.099024551731,1
95.58208450175107,3.32027082930616,1498.5210279094103,1
85.17757376965514,3.301458596413254,1502.840047007435,1
99.12584255348915,3.25992745349437,1573.452193337962,1
86.48239603743374,3.255057669695977,1512.2528635011051,1
87.5584723149731,3.288008760081932,1595.4457994648997,1
99.02254633068476,3.297516088197406,1463.8415096601354,1
99.53837902226942,3.2941012658116042,1432.6261746567416,1
83.18007054692417,3.286402983476186,1460.928195855868,1
98.6553160661201,3.2886396666503424,1527.5765950783475,1
91.69462170307366,3.2365311342382364,1555.7583587001438,1
95.73134766647556,3.2426432897257813,1500.3559340616819,1
87.7602854951886,3.3060799039481217,1420.5834235023651,1
87.40110554319565,3.321905337587434,1514.201685297321,1
84.78275769820644,3.2312775450824263,1553.2794764581918,1
96.14460029521578,3.3704714568822727,1522.0246458986264,1
84.82838784055608,3.3913413964457306,1596.2308816220987,1
93.76283133562009,3.3577497264994816,1555.9509824610773,1
86.84889735368658,3.386568709109508,1494.396334788695,1
97.41227566465663,3.2607236241859066,1428.997305491913,1
88.00699896425584,3.270786714299368,1549.0427871277134,1
90.09474175828922,3.2850595825363493,1478.7084412018885,1
89.50822548644324,3.3524445488154697,1480.8162213195972,1
99.43623914836482,3.2707223916736137,1561.0741513072405,1
99.54974366891395,3.353409719875764,1403.895924715002,1
94.67810037463781,3.2417218084067922,1543.3345396160025,1
87.3063440247322,3.2746950373406394,1464.369159083811,1
96.23655945720758,3.265137026545507,1511.9944523856298,1
85.59013861681926,3.242995970871383,1500.5886844398128,1
97.41526196100811,3.2213669152176783,1448.6275630599528,1
87.85869466521802,3.295936539681992,1544.2527958645526,1
90.45769166303289,3.3942266344229997,1409.1999900061307,1
93.86952824161301,3.337560193180638,1581.7774693764577,1
90.76674427462541,3.2560285225315826,1521.340968588165,1
88.75034131905215,3.220287983203105,1527.92573324247,1
86.96883196891936,3.273889765796251,1584.72121847307,1
83.99855423341047,3.2268569467676427,1549.9652416616511,1
87.8418193130882,3.355048581559135,1482.755475974546,1
84.73190657594138,3.230083914980007,1459.7711258740546,1
85.59989753449749,3.2176010317180475,1449.045333754781,1
92.3091970223079,3.3525574321459097,1452.1438264201201,1
91.55849463277742,3.2582838769101654,1404.3703617758565,1
95.89781287206938,3.21360078136731,1557.1801419544984,1
94.80524841921813,3.2627922474700215,1570.6866657156193,1
98.29186291924606,3.2891680743504663,1576.9170436483812,1
85.31452052133388,3.2936652797873056,1492.1607380542216,1
87.99421776519517,3.3355337604454736,1540.8120621130256,1
86.5964399789654,3.3495300560186525,1404.6276616160123,1
84.14542786449435,3.2821557900716827,1479.2615962118875,1
90.75443555687178,3.2096062165970722,1505.6794763509727,1
98.43367965380531,3.3024523338280236,1403.2402538742342,1
89.86972449661627,3.206416803538484,1500.842311789216,1
96.36900840615675,3.358027500717058,1498.4018940965034,1
92.34667845075984,3.3268747688339793,1546.8867615991123,1
92.17552250369327,3.3948455073807993,1556.1176420932038,1
91.57172386980079,3.359718195369095,1569.2598683409183,1
83.5791445995171,3.3844993762201767,1522.0062965902298,1
99.87309506115298,3.3503814698354653,1553.423057025601,1
89.75704111694995,3.255372982421093,1490.2577175041374,1
97.84973056538622,3.3477873178604325,1530.0887395894965,1
83.31446416132248,3.32956797268275,1467.9619438261495,1
91.49885141894245,3.3385172333411255,1564.0417053528186,1
89.78314907855649,3.204296705724994,1514.9475683179703,1
82.1143712194742,3.3656445285528114,1403.7743300326733,1
86.05413885267762,3.2854299294210896,1451.7705900305132,1
86.0120197573213,3.3349076625224634,1465.3238557761374,1
90.23955976787975,3.3330803740029507,1553.9855656348536,1
92.33989146840884,3.270929062207406,1576.0623480601676,1
97.61037621187724,3.2305209564996473,1554.5984002177177,1
85.71059508288405,3.236317344160224,1405.2448981008263,1
92.83458643407303,3.36893966352858,1555.8926435222083,1
91.72137251699979,3.3909321189958854,1465.4922095992506,1
87.67605248624369,3.2460207710536824,1441.7614507700523,1
87.45273112460374,3.2848567277059013,1454.215588022737,1
98.85344079552448,3.2434471618717096,1471.0689530183322,1
84.47161897866037,3.379775926387886,1487.9281880305857,1
97.01483037370627,3.275022788383698,1488.7904925160599,1
95.39096281957168,3.3479825529584053,1476.0833130020117,1
90.04262296776356,3.279835640190002,1441.1264535352345,1
88.84908798801831,3.3628998832771915,1418.5703634757456,1
85.1517421090652,3.382656642166232,1544.9036680407764,1
84.19066754677813,3.351321271374282,1424.0716650198337,1
90.80395167567995,3.320969681975827,1549.9365180661641,1
87.70383245849834,3.238196228757989,1597.030420736657,1
96.39624183717656,3.271971695837347,1451.0569073389995,1
84.01586245751487,3.291390749836185,1401.451118856712,1
96.4614101168532,3.2800616695904266,1571.498614698747,1
88.38425979381103,3.389146356746527,1567.3069269438172,1
89.8146799283246,3.3695616314590002,1460.1388875087482,1
99.99471815393754,3.2168902943289766,1528.7163910421273,1
89.01435179834778,3.294272291683927,1590.2618288460887,1
86.94489032874498,3.329471923257904,1464.6541864355945,1
84.5332447383811,3.249799624349711,1512.9158496994883,1
84.30306945245859,3.2311516629758783,1539.014042123873,1
95.72118112967786,3.212236292058534,1560.4760545638585,1
97.59421109644536,3.3321904380516476,1474.3408078216837,1
89.46777466549361,3.2314965388465513,1434.4839977840147,1
98.8532485614329,3.3930600377192803,1548.3933341643476,1
96.58575414147988,3.2363229384497822,1575.8154823257842,1
83.96904836712794,3.232474742874474,1499.5110783041669,1
87.50916671205891,3.325062497516251,1581.7961705348268,1
86.77326420839462,3.2642145470209094,1556.6537797835917,1
87.96847685063588,3.3777640901066395,1406.8445544465644,1
97.69650751797955,3.3827153867597195,1409.2998900107666,1
88.78666187617958,3.3197014953531663,1505.040920033664,1
84.84710641057845,3.2029876922796165,1579.4377389888461,1
83.65823018221477,3.3976383016501748,1422.4821179639255,1
90.5624086585626,3.3966737574563575,1571.2280853065004,1
91.66108961349342,3.2268810791625318,1520.654219104983,1
93.46339426944397,3.262286176497107,1493.8973961763813,1
98.25189310776821,3.2256397222323367,1531.2748544513972,1
88.58048907834512,3.322721914452958,1543.263058508036,1
90.60021721475147,3.349743783222272,1570.3936942983262,1
85.53316773671652,3.243862225882313,1425.9615224681013,1
98.96120433931588,3.245110368220821,1416.4377968656797,1
83.70620541953166,3.2807677064572274,1577.3835847005464,1
83.89410777759565,3.245244680718587,1436.9253512174341,1
93.86864846512636,3.2657251517630526,1594.7913489671785,1
94.03041454131994,3.303983385141051,1515.4334217125818,1
97.90449111760456,3.351978723555106,1426.3414194106222,1
89.5963771398803,3.33224036566201,1515.8737119084751,1
98.82323938096667,3.2068450625955105,1581.2029060717991,1
88.93054024408642,3.2096036863240522,1439.5792305164496,1
85.2791044582262,3.22859089320098,1406.8228078415677,1
96.30589990527129,3.2323770409774237,1464.5064756448753,1
92.2975611884443,3.2967689720655686,1468.7803539451186,1
93.31683258452613,3.3633978977364,1515.4402962411298,1
90.13787405094935,3.24296723820745,1524.2625121218034,1
91.82582968411992,3.2235638257040984,1455.8610389463015,1
95.83319895908859,3.3847771262189004,1467.4509182522977,1
98.0654831927549,3.2510568847372876,1561.3976998209523,1
90.77239267450676,3.30978015729236,1532.6496140606753,1
94.02422833004489,3.268475004677876,1503.8145844084968,1
83.13611987289173,3.2730844489135067,1528.4585386893361,1
99.36556389763756,3.225245633862292,1445.4250111804722,1
90.23380189345332,3.2222273932699528,1510.0929539094795,1
87.3228417953356,3.3746613477880123,1461.4060810991598,1
89.85095393627415,3.39686233988337,1416.593448767502,1
97.60541484870193,3.3009447443226163,1479.5116198361316,1
98.94249495820132,3.3997089587314493,1438.9755966390794,1
97.12023069150999,3.2443714183210006,1403.3438476900415,1
95.20142182262782,3.270787299462519,1520.1872598825958,1
84.73188145556966,3.3719852395811105,1505.0090447768498,1
96.40467980203638,3.2725312300614378,1446.0847090090733,1
99.04894299767275,3.306174014757206,1474.8944240193812,1
83.80248531883318,3.233127103201907,1526.8625242396306,1
93.12731672877547,3.3686477585593595,1550.220836275944,1
84.73691944580366,3.3884383975790895,1521.9331106901404,1
97.44931353360064,3.2556842759980444,1591.8113529222405,1
99.0801839472034,3.259299286290664,1580.191323938591,1
99.49615956532027,3.37874889891825,1493.6008294253368,1
84.45015779873623,3.387628666013469,1400.0707225127078,1
86.52392633818194,3.3111514757098557,1462.3210701476853,1
98.61493874491967,3.3226234534293186,1591.8551505607588,1
83.06600008601734,3.282075105816578,1428.7583134784284,1
96.80394252303654,3.352918586093329,1561.397655273162,1
99.11639103003024,3.248492612527666,1557.2625699034975,1
93.62952324406928,3.2781999328604585,1438.674259556194,1
97.01792247822382,3.2141063276325244,1592.6714687780293,1
86.97192168629114,3.3785277000091085,1424.6942843883917,1
95.31378972937715,3.3888682211523014,1430.3692403522598,1
89.98086439492816,3.3344476137689805,1552.1169190518103,1
82.19384266034974,3.2234584026345914,1462.2321181360498,1
83.84701979078237,3.32570914715297,1494.2218664768056,1
93.88758581793975,3.259764443073035,1424.97289857456,1
95.37241115406634,3.2908734860326003,1414.080546617846,1
99.62187327129024,3.3821012328863245,1468.2754380631975,1
86.8978501788585,3.3975918815150434,1476.300342139568,1
98.04010145811843,3.222567514519242,1493.3051368980266,1
92.52961433702862,3.3752484645094882,1538.287384607652,1
96.30020104923452,3.3516919065879387,1444.9266828936925,1
83.85490297968919,3.399521061378359,1520.6632136698581,1
92.78284567275294,3.272509876253147,1573.8722575455388,1
93.9683909930406,3.3673418234312518,1592.6488838083703,1
89.59013412162471,3.3276119814890475,1573.0334487109565,1
87.04366416604705,3.3448104735202233,1455.17312721123,1
86.53007448855622,3.3015647103321997,1483.9290718242205,1
97.05333245189848,3.396617322201522,1416.618672032544,1
83.82035768654734,3.3611982978665065,1448.548843839443,1
90.9095694868638,3.3182168877627953,1533.125697472325,1
83.87137816810196,3.3561843854580236,1541.7058177111476,1
92.09207368582138,3.3674824052536785,1475.1644680002746,1
91.34140214075954,3.385048618417318,1476.51744491175,1
92.82992155805496,3.318068606910416,1558.7199935952988,1
99.17328660022007,3.315125104926398,1423.4946727256918,1
95.75255213897718,3.2721401655377775,1534.5218788226027,1
31.230316853750097,2.516371994923522,1478.749019977881,2
29.95447820662647,2.4604783399799195,1557.62727028168,2
30.81786426667827,2.6300086919036394,1504.5530781705322,2
31.521576011102958,2.809870503499474,1525.623669839481,2
30.22104617546781,2.7018012742032185,1405.128114247381,2
28.535439978881936,2.218108317426525,1589.189951611999,2
24.790433603064827,2.8905022696339184,1560.3790492242197,2
29.832458940543127,2.8370725625619926,1450.7028450944854,2
30.546947460354072,2.458037293436258,1594.7159125888177,2
25.98960866192773,2.53450524201827,1409.5598225660806,2
27.6656365811291,2.9432317676105013,1452.6347395309972,2
30.349128196274762,2.357035763702231,1554.1617808691904,2
28.378221729295667,2.441410863068168,1480.2641745706187,2
26.78831313735057,2.8116020893979337,1568.9439691600746,2
30.85317087703165,2.450322450055581,1523.2805453810613,2
29.918874609777667,2.827176737222282,1445.514184708199,2
30.62946488296003,2.2759736257465817,1544.3881334221846,2
29.11561390197666,2.4346932587500647,1499.4385386101528,2
25.489537164960176,2.487022288155644,1452.9360783934235,2
29.659168689575232,2.462945428511135,1561.1794999804633,2
31.166241846171808,2.7660781347707886,1591.861666990136,2
26.582078219409425,2.28361045190947,1516.3693671085352,2
31.270642608768895,2.7251712257544014,1512.097058141535,2
30.054164621825294,2.6036907693999343,1479.5942464746101,2
29.56508869385334,2.348964709192684,1418.108443486192,2
28.783755058926182,2.8576997879698327,1480.9274179521335,2
26.1069603649238,2.7369160753125175,1506.5655504968756,2
27.17405391532375,2.890943744323627,1420.7252053097031,2
31.648599668519637,2.810929814408335,1577.4902206636775,2
26.351298070753813,2.6275800863508803,1416.4423202333394,2
31.995511127997926,2.5319020410597366,1408.1545684425587,2
28.383897731006847,2.7006409957595765,1454.7576591765273,2
27.955943419007575,2.8249359735944073,1596.652458934449,2
25.962813906379697,2.36937448889216,1529.5790103249628,2
25.727744766794245,2.209313765709064,1448.736040241406,2
24.166191629024226,2.659165385830812,1567.5861439689247,2
27.316206726808687,2.6134196154682297,1513.6171403411613,2
27.298588525417927,2.835928581572537,1516.1791226262105,2
29.018040870157293,2.866453105783142,1595.8262166188713,2
29.97434224256827,2.730059446376547,1596.3832383811011,2
30.427408683402856,2.3976680053285215,1474.0457003779925,2
31.200422878593553,2.902691628977875,1464.0309446161525,2
26.85659337502959,2.9185683196030507,1426.898560407255,2
30.8795575992732,2.939691844409899,1449.379071288641,2
28.30620339983454,2.296573506090537,1596.202204998552,2
30.27374887380029,2.580590375745784,1495.1475419631004,2
26.507878250170208,2.805440176052752,1520.8183172759777,2
29.7608499734606,2.7381734019265203,1528.9931922800733,2
28.43258260614142,2.9388078135846025,1493.0572871403895,2
28.594073226250018,2.239901091495001,1523.7611881462797,2
27.977063571874076,2.5271381877250474,1590.6328022417256,2
25.3707294477293,2.619969047131771,1511.7992082987391,2
24.46036612366686,2.460702325831874,1573.515429655178,2
25.18304098032575,2.711505257456073,1413.0825518887254,2
29.750950352912568,2.6273152197823606,1589.4702254184022,2
29.822084011291086,2.7352091412864916,1498.1619632703514,2
29.633742556832146,2.9070611145348666,1597.2413188163132,2
25.721633116114187,2.5390837925103975,1507.6791401165813,2
29.39734097150928,2.447899934086377,1513.971472976232,2
31.007749587771592,2.909700840006445,1428.8466137145463,2
28.31690090776554,2.710991297216373,1462.8917185406895,2
24.05420273368886,2.6571958261708035,1542.4227427757774,2
26.866796111312368,2.28976253741209,1595.4707698092063,2
28.91080367944412,2.5973289844414857,1546.076068522345,2
29.860450696624454,2.386599649375949,1520.3050937857242,2
30.070568024491678,2.334505611857806,1436.247618540358,2
29.19525610976375,2.571231288064274,1423.9000191268178,2
24.712845807919585,2.9096103545476977,1514.8005779101381,2
31.592239122709813,2.49058835546438,1481.5148374159496,2
29.571320442820046,2.3038821275193184,1468.6590674266065,2
24.76690639920207,2.4663677139808104,1541.4525902723683,2
31.032516256094823,2.574761367723725,1436.9132761068724,2
27.211422038114506,2.369980153541271,1597.127204607763,2
29.064058606718085,2.4547901279389532,1550.3630773634134,2
28.190938190088737,2.215300571244031,1521.2318853451325,2
31.856080982513927,2.2443596505525156,1474.6293963424716,2
25.348104894264274,2.922699817186941,1505.8241933771646,2
24.03728820841668,2.4885651400662807,1405.5307117105099,2
31.24116036701671,2.6225235267067477,1571.8717248281675,2
31.645693610453186,2.3413615716797214,1524.1744793924709,2
25.454293640566707,2.363780392943552,1469.049592460641,2
30.976776759814086,2.8844609723687427,1519.9436610552195,2
28.591880093629854,2.8685775747934223,1541.2735132067994,2
31.03737555575273,2.333119008544807,1429.7699508284948,2
30.551963594264176,2.2227562503260523,1407.7548562516167,2
28.300718777670475,2.918523527273801,1588.1408022646353,2
30.45763867701578,2.4337490111684383,1458.28618870344,2
26.79243217009497,2.335312569831161,1503.6977695932765,2
31.201844817383382,2.5732382870828343,1520.7006739903281,2
31.97873524506042,2.8899993550259437,1587.5636524776623,2
31.4288517629199,2.610985325454381,1477.769168889616,2
27.583484646321004,2.287286220874852,1510.8923689506405,2
26.706751540078052,2.4742701329740586,1447.8902711874055,2
30.54068401400853,2.3412551391537524,1480.8569387221194,2
26.86657125107194,2.8874578761812986,1584.2249296313873,2
30.487258901810726,2.882251047303863,1541.527486971932,2
30.712497627206638,2.2740852775859137,1503.9687605067395,2
29.30810079901243,2.4404147977672537,1505.467497651274,2
28.600694340598935,2.5989442616049545,1478.8369830800943,2
28.371048965644746,2.3506990657144873,1464.0632840029532,2
27.583236561031498,2.3485311368086887,1588.8494560514976,2
27.41055359865654,2.5263541183084266,1416.477777794697,2
24.19067320175406,2.2782388764704455,1512.2505984963543,2
28.877305888462583,2.42942318672844,1598.4574717079997,2
30.165926175546282,2.7781320520716855,1539.7803307400875,2
28.220401038602425,2.2312244064439772,1589.355971052032,2
26.456958645110877,2.640602394274537,1580.0552689601107,2
28.342296253046914,2.680699321145119,1547.851410579616,2
28.27433705496568,2.2354056617250753,1460.5891844405255,2
25.505912086472847,2.9231403339901774,1410.4870510455164,2
30.60315404439958,2.855278903062292,1547.708017391525,2
28.191875508381177,2.333717588197881,1474.1647849695883,2
29.5934649136496,2.8829965759878595,1419.7301469105985,2
31.599714409452996,2.8692670577479555,1542.4821158056118,2
24.58370785200802,2.3527061750848324,1441.347388284125,2
29.123369134248318,2.211694532140534,1584.4172677121887,2
25.648238712568325,2.7170421401951335,1584.862447217765,2
24.037910276913394,2.380290538778124,1562.727549545832,2
30.650432308360976,2.9383014737277726,1597.4170988647875,2
30.61257769038509,2.478837833093016,1567.5574621587377,2
24.358054289575158,2.3062520645489077,1449.2346325841006,2
29.348262444626407,2.8614585924270255,1484.5681200629408,2
28.564317864785934,2.847807534236952,1525.238082274406,2
25.639010247008372,2.859010784626024,1547.326713671887,2
26.180919492793286,2.717710942832161,1483.1774738781974,2
27.30911882979463,2.408565012603817,1580.2151608310587,2
30.533797131730637,2.566162368581214,1520.0259253538097,2
29.01229677751798,2.496601355309408,1539.2003532754281,2
27.593025632434383,2.6972222728067976,1444.5949182965223,2
29.100776440762303,2.2864588012486164,1580.4434281456322,2
27.908294443279523,2.3375189211421072,1465.4757129659754,2
31.548024996524628,2.3923743726051443,1536.181120149826,2
31.444954555929854,2.4986534030259033,1507.2520170903786,2
26.277638605565315,2.6275812502661675,1421.6984104528863,2
24.95520564287342,2.8171581105455736,1576.805311742613,2
31.601672594934882,2.6160624901565965,1499.5934429776491,2
25.01692023981962,2.946668847477223,1493.7913976294096,2
24.874751157248415,2.37148380934092,1566.6189467729089,2
25.47582662603903,2.771906058268343,1561.2818227222567,2
25.93401476359061,2.6614906201375756,1487.6217122947369,2
25.142069664122094,2.6477511072668802,1408.2103813631486,2
31.468924731231887,2.7750926359063444,1437.7938848265248,2
25.68345086126984,2.438440983241934,1513.7602701994942,2
31.58871532396737,2.456010619138298,1590.0828797382148,2
31.374718199701846,2.4625879130998745,1440.1298595988196,2
29.153081360842474,2.493483898304595,1430.6195034784396,2
26.334444791412032,2.2477370352963115,1436.7926323819363,2
25.554712732785262,2.693509162522002,1487.774318494364,2
30.97069850209537,2.2520371618313098,1449.1552242661417,2
28.22845281885901,2.6176398487450445,1428.672690014725,2
31.71341230377874,2.2425348455721466,1536.952565707462,2
27.279393346193274,2.6007053245834735,1523.717245043043,2
25.35932193542,2.899600422689633,1474.0744293308705,2
25.147891813607192,2.27784444848625,1446.7323929159368,2
27.049707114900407,2.622033742396632,1562.741213124286,2
30.149563465532946,2.2897315695341844,1444.903614762688,2
29.026292743396475,2.622729068690441,1414.7848025259277,2
29.19090103054037,2.8831085932055203,1587.4421873263893,2
29.158321224811957,2.411851338030454,1523.2098182838665,2
27.59736966551787,2.761052055494873,1536.5762345352207,2
28.90086801350369,2.4588596901677424,1597.5954959343337,2
27.639874248452728,2.8895698917950137,1430.6275836441266,2
28.291637413468617,2.4701013603648536,1428.8814802272075,2
29.096745713411483,2.330764869766532,1593.474001271206,2
31.993123844695745,2.861453117580991,1473.6156191527925,2
24.16749700497011,2.804087859205106,1428.7967548408433,2
27.67945655646154,2.7330143694568707,1508.2997051651532,2
25.815884887426456,2.5016732118559495,1568.027069608122,2
26.823530984407718,2.9064108200694942,1484.2281310016242,2
27.34180500868449,2.75008696831192,1488.7785776739927,2
27.107542840452023,2.4726701963942572,1465.2021969338855,2
27.191064484901112,2.7424807827729927,1441.183016070734,2
25.735674483334414,2.343223806666508,1438.9203875482158,2
30.988849087316204,2.6944944835312246,1523.7752502611502,2
31.20283463379001,2.61115413715563,1552.795315969107,2
27.265664719034234,2.6830000361813178,1442.7027365458453,2
25.130651919259574,2.2814876363211987,1530.4474882071015,2
26.402562195341353,2.8246659213066074,1554.9155322761997,2
28.98876872134911,2.2381642814692655,1443.4356277252482,2
28.413544588680544,2.317539510091682,1476.8581002013714,2
28.140006865965354,2.335236425007876,1488.5960683581761,2
29.551756871131257,2.489478003423994,1533.3987074678253,2
26.186559854962383,2.7594787747448137,1512.6728009719252,2
25.246845462396035,2.5014073627539117,1556.3717824233127,2
25.582477995794015,2.5084672986519934,1493.7159527029075,2
30.944240792898277,2.2979163130519185,1586.2504936556295,2
26.529716826102614,2.899765163082961,1522.4649794855536,2
29.882540978675223,2.8569374280160384,1535.2378816858895,2
30.29569805057997,2.2643125438399583,1401.7337365749058,2
30.897994152871593,2.2395645294236504,1570.5201850681706,2
26.50635104963557,2.876352817695754,1440.6014140599732,2
25.204823491451535,2.359758891766305,1568.135702708398,2
26.903520502044657,2.8819342038528997,1516.689704216294,2
30.626036074555934,2.5563154992011605,1540.720643364218,2
26.31792839188817,2.276124616725385,1512.3775112030094,2
31.20653646472462,2.314012670684178,1483.0371739245063,2
28.25844144286105,2.6637166694347556,1431.6560843015673,2
28.418569661896377,2.55217575747443,1596.6606040019312,2
29.519709697246235,2.8777387089061914,1595.2249454160935,2
29.31095271977197,2.30998471775568,1488.9807777063086,2
30.045388104878565,2.3016990554345687,1476.1898286235528,2
27.034958033375744,2.327843468080115,1403.9908239039412,2
29.5049719803198,2.8134637782110885,1586.188436211551,2
28.67912963461341,2.3363752490691847,1578.7976086435567,2
31.762373655543747,2.9099530585394895,1513.3566012141537,2
31.084830900417366,2.9408614740800703,1577.2981410771133,2
24.551119934155672,2.3012075503768274,1460.0209082325894,2
27.148926014707328,2.3121144990118507,1598.579360447867,2
30.327740309263135,2.7016778997916644,1592.3150221023302,2
26.565588670513,2.733556136076051,1589.752354899909,2
24.664581558389177,2.6521094187176093,1559.863533816859,2
24.127644277922045,2.8682857736404395,1483.547732221636,2
25.352481267763135,2.8384396194632115,1438.4046293995125,2
26.241966723325035,2.5903237054363633,1583.1850111833876,2
27.916872401152105,2.879362489843081,1410.402214004703,2
25.910431426794226,2.4299770895193147,1489.7862136306671,2
27.463597377390734,2.2303418036895053,1549.9995246456515,2
30.078120509188974,2.5435656427931628,1416.0488372041566,2
28.41019290872656,2.2979873922022436,1595.64973253987,2
28.993357241790168,2.750980949254628,1403.8424317579127,2
27.04536892173543,2.8784011151834634,1476.0033866590218,2
24.28786526294281,2.7039279382878005,1539.3712183462708,2
26.685079298424355,2.802359523135708,1570.7253321910696,2
30.27296283391203,2.505396277684423,1468.425737518579,2
31.543250044956153,2.7393378302171154,1510.4765298856846,2
27.910643355944224,2.400004397425649,1582.6714701203618,2
31.35020891856002,2.2635964766450702,1533.2445188065494,2
26.548911384432266,2.581593461497608,1422.705054317426,2
30.486040659458986,2.804669990551081,1421.409921710135,2
24.595317016667558,2.480041218166943,1430.8012255607678,2
30.411656453427394,2.7841575083549346,1572.738079839068,2
24.07716195125026,2.21008541734798,1561.3972490148765,2
30.96127676420876,2.6630955014585487,1431.248758111529,2
29.009011028149388,2.8535120343925975,1492.1525994405195,2
30.987211485558785,2.789598724608895,1421.1665475555735,2
24.975827160845185,2.7281107228550034,1439.9042620033058,2
29.968512649927256,2.2608666996596836,1418.3407764408803,2
31.611135369037743,2.202880851363592,1558.3185459458844,2
25.864605975760163,2.237498973591137,1415.882391314061,2
26.563239611712202,2.5970001108533065,1495.2088219188913,2
25.578398031487325,2.94094718412664,1521.091565052083,2
25.48851904089513,2.416047620763433,1535.2318668243468,2
30.92006581192606,2.2459497577092593,1436.9855694585806,2
24.050507132980723,2.3318881845522137,1439.544099961611,2
25.151142172704734,2.6064988265303937,1594.5447432836079,2
29.59973616147103,2.7271510710660363,1415.1559519591906,2
25.496384432829398,2.4410540846527717,1598.3960825617842,2
25.299388610998868,2.6764726935105796,1518.4616406213038,2
28.81243171765101,2.579990840185033,1457.080602971104,2
27.41218645876347,2.8183514279020523,1547.088630856232,2
28.244406760155144,2.6911316254579805,1593.6278085165188,2
26.013345377531596,2.765722820318849,1412.9306674921804,2
24.50226381384868,2.4581674395279594,1546.5828360027135,2
28.958763107994205,2.813277633283817,1415.9903223425672,2
30.11547046295641,2.7370822834554986,1402.3997887628789,2
29.954149584442444,2.2661737638622417,1517.6277246644886,2
31.330667073397436,2.471109840076841,1536.2161630474134,2
29.425564405876166,2.2494091095544464,1452.487460862322,2
30.717801411096094,2.53809021315414,1548.438529388555,2
27.843590460446084,2.574771198072921,1552.6824958459847,2
26.50779739295941,2.9493230704868365,1438.0570102156871,2
28.697833011779366,2.232024612785492,1470.5789929773396,2
27.71955852985231,2.5462301641201663,1584.6892040912087,2
30.77185284764845,2.9292070485832635,1492.7247716019783,2
31.19271656658605,2.539132306087864,1428.4165780810404,2
30.004416667554626,2.5146978725658773,1404.895964076164,2
25.11545621086748,2.437542623922922,1597.9524267766633,2
29.057544299923414,2.4995636893382858,1402.7900329744537,2
30.331000853622246,2.696329053707583,1434.5559897289256,2
28.743497308852845,2.3379322142358525,1418.969240809067,2
27.13033315374185,2.312424870604035,1467.46304362678,2
24.17344537361398,2.494173923274407,1460.7044262137683,2
31.641566089023033,2.6119964760411696,1445.547858163634,2
27.892278170992434,2.742796903285032,1486.5712485240513,2
31.57864712784273,2.3198654872589306,1593.819982805534,2
24.478083333573903,2.9210795624517547,1413.3812158598755,2
26.58626000321055,2.557525188147003,1457.8643711529342,2
25.881219358370465,2.907503491049064,1560.7244092470464,2
27.330763309628182,2.2097256952348543,1461.6015354268382,2
25.268819173489838,2.6728442764502685,1536.8115136302713,2
27.431979454256698,2.2913855411062904,1425.8856155419896,2
26.255176981752946,2.7435675626994374,1561.4248569138563,2
30.912780292518946,2.477175655022232,1594.0861410998152,2
24.50499993668257,2.535308656301397,1483.4001157374828,2
25.675647911106154,2.444650462763096,1446.687669918159,2
30.974990242871883,2.434402781169143,1583.147582265496,2
31.780222980748874,2.79010460384487,1510.9991495918591,2
28.617758380998254,2.4482955401669977,1438.875554355764,2
25.017062781183355,2.441374564067992,1526.5363463346287,2
31.769085461579614,2.3716950258693,1518.5669565340684,2
25.89614300807249,2.814742738655391,1497.7175840188534,2
27.758020334873024,2.214547968172245,1502.1920932542207,2
24.764661275395355,2.7626442422067123,1524.7213994289264,2
24.6504613476536,2.568205358065791,1520.519955307887,2
31.12728458327915,2.9187045592506986,1453.2014639182769,2
27.595879399155166,2.783074913508343,1558.25631584219,2
26.209682924265124,2.3073125192734367,1569.5545565750588,2
24.472170023545438,2.3849392124824225,1526.613964144965,2
26.617715022335574,2.8186275852135525,1496.5106242327063,2
25.1689615716746,2.4045681753568404,1464.007133967724,2
31.882276553760068,2.6535782684565348,1507.262033522216,2
30.59309153620771,2.6843811831708724,1591.5451391394572,2
28.780697501008596,2.2902718135842286,1546.683983595018,2
29.883959048078758,2.3462073113219937,1559.7696997286814,2
26.25965006638923,2.7930319784731172,1484.5982651422114,2
30.548692277234853,2.2081855112584887,1452.197575873494,2
25.152476805216274,2.218962770861506,1530.326993232948,2
30.098989034975958,2.259032254118277,1492.9878961679292,2
31.27845299202083,2.3107110573724943,1525.1779740780883,2
28.442114898978378,2.6453837989501987,1551.6923134238825,2
24.86195897679943,2.40516404205529,1455.1898899641346,2
29.65037385264292,2.5400001132009336,1432.580218593002,2
25.02828546302341,2.917079170142987,1424.7829885071865,2
30.941901584061267,2.614431341795818,1473.7643989052665,2
26.522149850833674,2.740375935146748,1510.0254238031287,2
29.03112271036265,2.684746238163957,1479.107539620993,2
26.612883723561886,2.827054991725077,1406.906797950895,2
26.26327135109986,2.6242126667303483,1513.705925702127,2
31.066076905233167,2.2418943877673336,1543.4540461207391,2
25.054934054415025,2.247908426785555,1413.5789307056539,2
25.21255940808375,2.5920854376445437,1588.0245577005353,2
25.88010877918359,2.765994674490673,1594.4638868526831,2
26.70526439435236,2.509481341449021,1550.1701385819563,2
27.93964561227321,2.608833535735405,1504.9358687048448,2
29.134549664838833,2.496992626197189,1430.9968017758392,2
30.582767611114605,2.810773113783009,1489.699629186184,2
24.921993181870228,2.8835682813189836,1452.150938253695,2
25.914123002082952,2.683568934817921,1511.5369156363981,2
24.419864812070283,2.832169885731979,1445.1039738635618,2
24.33915865672683,2.3642506779648054,1446.5331300347536,2
25.22104596820003,2.8528623540196927,1500.1167749158428,2
26.58360203430207,2.7669723076801596,1534.052600556327,2
24.154045850649293,2.774152506643754,1498.4454527847665,2
29.357136590167414,2.7228435587972704,1510.0062162696743,2
24.32104016543176,2.6422514962181762,1441.7673218689947,2
28.661913483826222,2.2053642802837206,1540.364842236977,2
28.652665727236684,2.4760886727412155,1579.7157940701197,2
25.313433432411045,2.3595837482377284,1507.2459966053814,2
31.321605302553163,2.7581904200247966,1456.2834296608667,2
28.450101755517757,2.583159717852733,1431.9726643485164,2
25.612687334666937,2.6557138844744017,1466.8971481856292,2
26.61646466838885,2.395256386283594,1423.833532110546,2
26.283053842285263,2.221613108621222,1520.6735714789254,2
29.211268941870117,2.5838538309746424,1481.1381641098708,2
25.478656298678725,2.2312450661554117,1560.9271632235193,2
29.94250726300976,2.855675740198697,1440.0285270210493,2
28.56165580366269,2.7604547781792084,1566.5859396602955,2
29.393650663753892,2.8649891152601215,1563.5720585336844,2
26.887506572233423,2.2407756659081026,1525.223526701048,2
28.534772747171314,2.8632853216131897,1450.4665154469103,2
28.08879506729916,2.4324261740540734,1443.2847109877873,2
25.447353175899863,2.4504490103927594,1499.9185427230523,2
29.759536825929388,2.739976956289404,1491.5768667820535,2
27.126035130132017,2.7653939815159365,1584.163790183786,2
27.841404590656154,2.647555280953697,1559.0006351273971,2
29.33619450672621,2.9033688812433844,1415.5348250513825,2
24.858092718387386,2.2002030535750916,1406.239987342472,2
24.400224319527506,2.20840893171795,1454.8462643178693,2
24.000075835194977,2.53379546020974,1545.7496457816824,2
31.689667174785566,2.272924502493094,1473.6099529494475,2
29.16617692654046,2.9282051486326326,1548.369297201104,2
26.98256773210165,2.409984010555709,1530.7251945471683,2
26.379759417202692,2.2262445652774816,1424.015303406194,2
25.134704665108064,2.542695736867147,1586.4491282215147,2
31.866264510187907,2.8859245479367637,1424.0650041690562,2
29.093678280369076,2.9143187449229617,1558.5525051211828,2
31.042324538889112,2.8990323819769817,1434.9162578796506,2
24.900694136982874,2.743606772468255,1491.0489154901977,2
31.09152004598242,2.7211889327919754,1454.6269107909006,2
24.18047158139209,2.6224229891582858,1412.6567687562615,2
29.53441215475171,2.3616066809659326,1479.5077870458651,2
27.019400181168205,2.227870875768867,1486.497504756527,2
27.72561266496326,2.3312671693390636,1402.653812731446,2
31.179264905693156,2.6924575205688006,1591.8857764743761,2
31.011006610442575,2.7324263085512555,1543.7741674172448,2
25.62158905279285,2.4004633286469406,1534.2485118984616,2
31.705516867160295,2.3410523610272547,1537.9350400686103,2
30.482831418630397,2.946878091153776,1408.8246209524882,2
28.50569575043872,2.842748661909315,1511.7888792636193,2
29.623575478108382,2.7939728295329265,1543.113864732469,2
29.940207722621828,2.4148878315316598,1417.6831999392048,2
26.938377228752223,2.8155356511798235,1508.9181485234121,2
26.98613969436892,2.876365670028733,1545.2397205695868,2
28.326136120897274,2.440533428649576,1527.86283693729,2
27.256013165352506,2.635158843557048,1474.4219831637802,2
31.86810233279688,2.7754849666307657,1429.5266372177414,2
29.381263539293958,2.867071810892843,1535.1421394083925,2
27.262606225033334,2.9210398116989698,1417.2891119154572,2
26.02560245303943,2.3032311189890136,1584.9438151101301,2
29.163713125381182,2.5380765584504417,1507.842358740866,2
29.4427013495133,2.867305680230758,1468.6907522475017,2
31.346389464122744,2.937035568571069,1429.0100985747465,2
26.733199032557668,2.674523085162117,1548.9587786189138,2
30.808782863541577,2.63026944327832,1595.4463956002269,2
30.33822239672022,2.818514128177696,1479.270035150265,2
30.587546969591145,2.8605422614806146,1598.100786658203,2
28.35197389376035,2.5896766348023825,1515.0929182828077,2
26.037737306028916,2.6128364231324026,1588.4579720567194,2
29.917690111802955,2.713008017333707,1557.5448488219079,2
27.913439936454374,2.4441154740668165,1567.2937568976179,2
26.986577007082147,2.902696049930307,1504.6242053164422,2
30.554887198972686,2.364303566759561,1470.226871594528,2
27.26398758219486,2.763674136928938,1421.2853256252629,2
29.123754778140917,2.5402405669299952,1566.8698559611184,2
31.16187481601947,2.341248349377151,1400.1192240315431,2
30.34875196035388,2.5783833149816946,1421.5601734745546,2
25.154844398250802,2.254155005300068,1590.0221203365265,2
25.93466679786447,2.5045899028118193,1565.046391202873,2
28.33573506106428,2.272440419075362,1562.8988700971106,2
24.188044906629322,2.2233230830865955,1424.2151069746724,2
25.485712935188808,2.782050887945005,1414.2672301337448,2
26.027471211707553,2.913259492734184,1484.3835055006662,2
26.86011431584269,2.5022506069982526,1539.5637029373063,2
26.40172382254419,2.4908104846714956,1441.6896809693972,2
27.428191043094262,2.6422680973236767,1495.6878969598108,2
28.918425416549216,2.2314061623762407,1498.2666939154467,2
24.25214430689781,2.439723885533383,1406.2080640431973,2
29.60505202255234,2.845881154376073,1476.7510544552176,2
28.31213842450305,2.2735051134007147,1537.7182283805678,2
28.961853795089468,2.463291191025389,1594.2724700046303,2
27.922467708268066,2.220496096722599,1407.7343150418524,2
27.899587199631302,2.8794065614426247,1494.974357265467,2
28.34987962794595,2.2622235121879144,1544.8557270029635,2
29.72486791797273,2.891733167100729,1490.937239497678,2
29.992417772852342,2.3810339797489837,1596.800049348592,2
24.27473719852403,2.4323601835554043,1555.4327543140055,2
30.83713754720682,2.3624165155760046,1482.1214185579922,2
24.082351606120096,2.2962881162395465,1572.5433374572435,2
30.24667924810861,2.901653637958474,1488.8859943585092,2
28.01658089049061,2.5473849833462827,1539.4262098745255,2
27.10542486913846,2.8937353547792677,1530.7404633228941,2
24.389719024491566,2.6392457964886087,1539.6433122705464,2
27.928792010183255,2.876696308618743,1458.6778951489255,2
25.301969470966846,2.417714992916884,1466.2831208508187,2
24.87739656488939,2.31609714274424,1567.4748868894885,2
25.592984645494592,2.564685588976607,1401.1384999562854,2
30.205920919449973,2.805101993235973,1581.0819926509732,2
30.179701350731825,2.232906006848123,1436.535559927557,2
26.720563284490442,2.712274851558189,1569.107683738099,2
25.82986019336152,2.533499810519173,1540.1560052455084,2
31.29324156737861,2.2761532904455435,1427.8410615503774,2
29.922851144003687,2.910004321887378,1512.5541508550616,2
27.504778355130295,2.475006732685514,1539.7842398732505,2
24.16430084159427,2.5938814153765675,1538.7624179844383,2
29.078655990569867,2.2797460829017195,1494.7316006325734,2
26.231217648761934,2.61796116923195,1484.4510466857828,2
24.521402721836743,2.3970816825206263,1589.732406533811,2
26.861140696682067,2.5009952297831712,1583.8548902321338,2
31.252929921619163,2.8566497337307446,1424.2021754743298,2
25.29596257724628,2.6278154681629915,1532.92818992811,2
27.56881693958413,2.9473903310257135,1474.6633731683619,2
26.104053466193662,2.2501141639660975,1557.9996327404122,2
25.48408148182157,2.509941825172956,1511.9333163496192,2
25.857986343052822,2.310540423357914,1426.642964402798,2
29.611791216773376,2.2083952157116973,1411.998797223264,2
30.304696739445056,2.2845644372956633,1533.1822384385578,2
28.684582801492173,2.206643118169219,1576.0769289902773,2
25.09649433610017,2.8905487435516504,1572.117137134655,2
30.409802330348555,2.341500258803571,1494.9519104931883,2
27.829874826319365,2.274285260433804,1477.57150762235,2
29.067172505082475,2.6060521229656013,1560.773991154013,2
25.168899158661503,2.2952166869743484,1501.9735785505216,2
30.88948379519689,2.250995512740808,1502.6769175974532,2
31.89889371827782,2.6246180569644983,1449.4135642453148,2
30.027309978813445,2.8298282106907493,1472.344502713693,2
25.80273639130447,2.3968513395994426,1411.9346033817096,2
27.45496827619725,2.853001544925315,1556.1263999262883,2
24.221321892297606,2.703741985521253,1586.1559962834153,2
27.126209822286864,2.6548273841088963,1573.3870852361933,2
29.988868052214855,2.2954947628790467,1522.9791551074204,2
30.323740751120287,2.866558105907581,1529.2081920383441,2
30.04344133349326,2.3179638443962145,1519.7957702297845,2
26.301021426745265,2.7798243772707254,1486.5483054516044,2
24.247312093813207,2.249750482076891,1416.9685329563533,2
31.13320373159933,2.3091728402650995,1528.2800242900082,2
26.956169025742376,2.4949505072878684,1492.9014185818537,2
30.454491078059608,2.887833074525833,1460.6993777101106,2
28.28232762845134,2.445315825115853,1461.628372751741,2
31.58796754300069,2.583579970269208,1477.2187706193592,2
30.96927242514537,2.7163387670529695,1539.0499123337681,2
31.387631993423927,2.6539036132358493,1532.2017651584983,2
28.591904886798105,2.5519960753828768,1418.1975389889242,2
27.91740429253737,2.4568075183745797,1503.3995160704353,2
29.05092698710766,2.3886947041142066,1453.642325005175,2
26.170009605571718,2.416710220618735,1502.7035820899043,2
26.504413063932645,2.87935811536851,1581.4435262075287,2
28.528119396642836,2.4613849116806352,1461.2695264694787,2
30.60588171094647,2.588253821112775,1482.3078487493428,2
26.11128119216922,2.5178860843350255,1531.822225732137,2
30.146512425723895,2.8679127968115363,1427.8555345568723,2
30.159272234936488,2.421261474434097,1537.42067618069,2
26.89189551547891,2.6070819386443302,1464.228497750259,2
30.384245125215674,2.6363117694115976,1434.6831219154756,2
29.79674158827916,2.8571092528745226,1527.719071875553,2
25.645870602019503,2.792458769493425,1566.0778527518692,2
25.46462266965349,2.6856080011068517,1499.3911376222948,2
25.965070509411706,2.5632574885173227,1454.1480987258017,2
28.545515087788058,2.603056461409104,1429.267983518132,2
28.847870056155337,2.3894017707058937,1593.3027407177717,2
30.50491622392436,2.937900674676975,1400.6534145273959,2
25.511424709081123,2.900591498547108,1585.5611421094172,2
27.638084526941242,2.9431403149886664,1516.7167213874434,2
26.216733307309056,2.625590230639055,1439.838003018053,2
24.407944320534327,2.520780472614501,1596.3393322967881,2
28.76217419553275,2.5572761161467374,1477.3769383328288,2
24.95555818913742,2.335828546003904,1472.2669866086906,2
30.41039830411613,2.2408766085712313,1569.4349424098134,2
26.218848175255157,2.611368024732299,1453.6828579417202,2
30.270965105050244,2.8943108574097405,1537.3448542107103,2
25.639141919609152,2.8684836540015244,1513.3134678898452,2
24.078848785843373,2.4532044200794934,1524.872004567939,2
26.217390434991604,2.5223519822993143,1446.0976663536394,2
28.94649521134265,2.627962825177572,1453.347155344265,2
28.420926353547063,2.8305759972130637,1430.3405791863115,2
28.429681991584303,2.4375383456927793,1443.9744609174763,2
30.445682464027385,2.818839528690681,1440.6282418097724,2
28.930373073663745,2.9158549883983795,1418.2355501819256,2
29.923648870833652,2.9340043725860454,1453.945831670687,2
27.89005661753197,2.2717627438503856,1569.0764537549053,2
25.767787888170748,2.544629959815781,1433.1285117445666,2
25.388344879008862,2.365256213095807,1421.477381889773,2
25.910165945956802,2.4313706768780574,1515.9275142265785,2
28.797730675315233,2.490027470027089,1442.677562284739,2
24.802932908969055,2.26149785262645,1542.485002345045,2
27.540220448397726,2.7543732916272345,1476.895104126016,2
28.920423373621354,2.4851219755952805,1508.2529243306158,2
26.173786413975286,2.8613547280802085,1498.303965384737,2
30.316702060410183,2.592951535111044,1464.4160032581028,2
27.992257208082634,2.661728375709992,1567.6437906059466,2
28.852431488363123,2.479720789629123,1540.6912775000287,2
28.80762838345407,2.7241966341619106,1475.5328538542713,2
30.304559612512964,2.355348182942318,1462.8423561949514,2
27.240818278440344,2.3865742451414493,1458.1357626593897,2
25.847163819041494,2.65032672701998,1493.9426049003825,2
24.194207828431853,2.9014491477793594,1448.8145793161948,2
29.58064729360908,2.539184355250018,1560.0201279250969,2
27.11095902750829,2.4588881125274336,1476.194186539194,2
27.92765977598976,2.7431338666677156,1581.8376070620684,2
24.715687241397042,2.391194297829066,1445.711367233279,2
26.93275802800647,2.9478243108458395,1495.706150171307,2
25.34833325261693,2.840235209383972,1529.0017895656374,2
28.792841764148267,2.8076066151021735,1569.1805095021327,2
31.833291970577484,2.4734288799463506,1552.142048222691,2
24.719780010408435,2.8868874383648135,1418.475356125012,2
29.562502357532026,2.2375488041921954,1415.8510722596257,2
31.456080749937612,2.539825623570174,1458.6305620396645,2
30.86800202345215,2.408885095292751,1583.1925752550662,2
25.832709336844943,2.433698760159102,1504.1015938919468,2
25.8545250816232,2.269203236816142,1410.4293071815507,2
29.236975299304767,2.7881972156753463,1590.767776767622,2
31.532070263689455,2.3319579460932482,1509.5877103064186,2
31.536128844217302,2.871191503300851,1447.2490445035426,2
30.46182983883274,2.3465387545673235,1542.505812759768,2
24.539056824018736,2.2761327274276546,1563.4579521166438,2
25.429844768879015,2.2931029605440387,1492.5074257752876,2
30.086882255609666,2.7424063718631344,1430.54372151741,2
31.45720083634893,2.384234906659881,1401.7492984614937,2
30.843258629548224,2.774762222947576,1502.6491818030265,2
24.165743678862636,2.578382309683626,1411.3700142410482,2
25.07959283393629,2.236258349953593,1431.1818820931571,2
25.058327868099543,2.8462662179524214,1566.8559839832647,2
28.590916024634687,2.4094577893376643,1449.157784067011,2
25.401160044086527,2.282407137640359,1449.642959478627,2
29.121088958144828,2.7658852106459824,1413.414806102002,2
27.01940078353311,2.2004300435289883,1492.1545409096673,2
30.390704422590524,2.708144060639247,1479.0033840392764,2
28.331751628293688,2.502923846368451,1505.0101570287648,2
31.69683919235189,2.9074640068392616,1470.7870971953641,2
28.84413728579711,2.738766891719556,1549.8686602789144,2
30.013050094332087,2.5926028121460423,1481.535658489012,2
28.0252203856663,2.574795024057328,1560.9677449411402,2
25.655144099796836,2.649848663032323,1473.5002530246168,2
26.387537426682485,2.653296815440982,1482.4826007821744,2
27.007553774089693,2.4802175620042304,1462.9090361106717,2
25.589622780699216,2.212031155911668,1487.1075075493336,2
29.10762940349266,2.310377625282521,1573.039435730025,2
30.32419441692568,2.7619189840174005,1529.8142638709553,2
26.41577711083655,2.383368834530834,1403.2756088681572,2
25.816571885565736,2.5292695279396322,1497.3551666725266,2
27.730792386108057,2.548903527696992,1576.4766874979323,2
27.706394441748508,2.5118500204363,1410.2692503413052,2
31.58180344972238,2.8727791501582947,1584.5493452270102,2
26.363344691636303,2.2398395062455263,1493.0178834637882,2
27.09245478433648,2.6900740135765426,1486.6764665814094,2
28.78589172923273,2.466080788268303,1502.512300836454,2
27.8168647909477,2.9004828843177712,1573.7258074390509,2
27.835668091044166,2.4643618248297967,1438.695860371503,2
31.375882298154686,2.3244590469322515,1598.4199123103958,2
25.167512222787003,2.7333287672787354,1453.921721964906,2
24.197468072742623,2.3640203481391513,1504.2182063628234,2
24.1931187777733,2.502559040490767,1559.7022348834962,2
27.682327768023356,2.666329503766511,1456.9854339479916,2
24.407330799175735,2.587748140388846,1424.6595589571193,2
27.507182762532977,2.565637617744924,1552.7279295235448,2
24.289247373719217,2.7844809071048524,1545.7328882052561,2
28.530804604646427,2.2504668857826546,1593.6258914371283,2
31.463580657524645,2.483443741482601,1532.123252323674,2
27.518891676154723,2.741907639998224,1453.4211697339288,2
25.137689933902546,2.886246111223479,1418.6379203451788,2
27.071116285071362,2.495799554624991,1408.37832993867,2
26.423282325989884,2.9151697453089547,1438.8986891781924,2
28.554359030345932,2.5131917890131756,1565.1844246434669,2
25.213171626741378,2.6102919785390806,1451.0295763469135,2
31.32857008043623,2.2004252362494907,1413.2456528594962,2
30.870725216714202,2.3991307664321995,1496.5329152152124,2
24.528712583726314,2.5512299614872824,1596.2394538009225,2
31.3985742731459,2.5701116747087074,1415.993906064953,2
27.67685024807988,2.874553982966042,1523.3596708296566,2
31.835665069348597,2.837945373368969,1591.133685345238,2
26.064666901650632,2.618926439515829,1577.8340606411189,2
30.515043422109564,2.4479498980465784,1532.9882999159888,2
28.21367324326028,2.7008138959219155,1567.0717309662164,2
28.71823665619184,2.7119510737003645,1561.2377920655165,2
30.22636889795006,2.383972404671082,1562.986370954253,2
27.47098693152642,2.404141398862863,1587.9880093169734,2
26.404551595382355,2.9295708585024447,1598.2625803421574,2
24.410292562967566,2.6437696335856384,1560.3347597466795,2
26.06113821902852,2.8180517458243592,1511.0028165930885,2
30.755905555693893,2.3642144185346337,1591.235359383729,2
27.714780623029153,2.3149436920474376,1419.7194467445936,2
28.337674171080806,2.4722446811160728,1548.504713773505,2
27.354332242403796,2.4484098503314957,1416.2258405126545,2
25.299563802662977,2.560880253548687,1585.6819699151552,2
24.53056477159059,2.4354677538915976,1577.8613001956091,2
27.48498740231542,2.8112956261197164,1430.8091885063393,2
27.78539311756841,2.222946635263707,1587.5188043272199,2
24.94581123042151,2.376761739811972,1575.8211687174417,2
27.93488621281597,2.918705697337229,1517.6846447796056,2
27.24254157722626,2.837087545740109,1457.293518250042,2
28.884581792624562,2.3236708201623224,1431.838400062892,2
26.617143189516426,2.4826357345275505,1416.5756748626527,2
24.656758909363166,2.797145723574405,1401.697972640464,2
28.32296362093345,2.5694863555761875,1418.463009498081,2
31.7604817028993,2.8060738695639196,1529.5939522264714,2
31.934698167524207,2.201565445984946,1435.5146140347192,2
25.06786640235323,2.9377757980129484,1473.353397367507,2
29.485293621902677,2.8200680324806893,1471.450100341526,2
28.5759780459118,2.230322373836608,1578.5759453621022,2
26.641133910415846,2.229206685701286,1516.5727005635883,2
31.905477347344977,2.6607725068938723,1564.285956207739,2
25.537985193106095,2.3274507934063084,1478.1728324654564,2
31.947849004886155,2.2806538533456457,1518.6740313342636,2
28.923480679801095,2.5945656199288556,1566.3604432534232,2
26.27555883756971,2.2487068898733886,1521.2335465139083,2
26.079857776009682,2.682598020375195,1539.9885453505688,2
24.76896151878926,2.6548626908499298,1537.80640554979,2
24.256269895636645,2.8391173247545454,1533.0017151874401,2
29.55927017168166,2.8077030922426385,1471.7503844972023,2
28.07100703158371,2.4202399521329783,1541.1314857224197,2
27.20875223982153,2.8052243985077205,1447.0250171337389,2
31.876789381928614,2.431994571161952,1465.3219300665667,2
25.925450233297752,2.3115406884061245,1431.0438156676257,2
24.63562500827003,2.6407623216983396,1423.543627780199,2
24.861395954979997,2.5366901434554334,1429.865364317253,2
24.587537245897963,2.77777503132482,1537.5451614259935,2
28.634162440255526,2.738980360040051,1487.0669669060119,2
24.980948026768758,2.6832332674503476,1588.5157461041817,2
28.41696189221027,2.6407530984052237,1587.487239702211,2
25.678175025915483,2.554921210498633,1406.767225808217,2
25.25224765484299,2.3436164528788197,1413.2110700740102,2
24.251036098070223,2.8398006871545354,1450.4363915168628,2
25.492499936373164,2.57321269584915,1531.6658898689636,2
27.179917084200667,2.73185629767873,1464.7159165883247,2
25.06322603319771,2.4451811381352018,1593.3394233992465,2
27.378787199163725,2.4360912838470106,1583.0986481182488,2
28.53254990983807,2.724891435265328,1401.4877406793448,2
30.265653441201394,2.9157171792384258,1483.1602068144327,2
27.895153634281215,2.941276631138602,1429.6335548788688,2
31.0737530076707,2.3800175337835277,1520.7843668689693,2
31.656500892511744,2.8804801721251874,1544.1568779654995,2
27.342961552050653,2.7781449564316785,1526.3075923334472,2
29.690921744284807,2.8001564689811893,1474.6047784942089,2
24.021898454701734,2.5620987745275796,1564.864808275214,2
28.00861514816959,2.3582963214133263,1466.503583908611,2
29.26932512866104,2.752409097984726,1500.9962279698939,2
28.246952795427454,2.8671897779893234,1598.7262138582585,2
28.899710293208255,2.659168379362641,1486.98753233211,2
31.598535521702235,2.800209584679968,1490.9905000986791,2
29.75285766070933,2.610342385751344,1507.7584505033346,2
30.046188620116496,2.2333852448565086,1466.5210813550873,2
27.258690392334476,2.670282049654531,1558.3676562648989,2
27.79614054140763,2.8586757809887366,1585.8096815102444,2
31.312841646931638,2.6565703435161954,1446.1890472815774,2
26.521436383414397,2.643170248845031,1489.854267634005,2
26.402260058612416,2.6890410221302776,1407.742094720507,2
25.835783402230277,2.878285322596675,1450.8283829611728,2
26.122927308337985,2.598057113751141,1408.1088292923585,2
31.61606871017856,2.5369374493452534,1479.3960362706339,2
27.440086069569812,2.9189780850490874,1560.4782354880629,2
26.189077647641756,2.810818508450839,1509.3091859518242,2
27.334040463944877,2.5763138793513884,1590.5194502066822,2
30.357037768768027,2.6800147402360692,1461.2408247126652,2
28.801959792573108,2.2383967691844457,1597.773677975202,2
25.70731643045485,2.695966439427953,1457.5114276702327,2
24.92697327466213,2.376125058488711,1597.8554165199794,2
28.486037714822366,2.4464405382642713,1509.0126509310344,2
25.60205662335225,2.713813030512075,1415.9353782665355,2
29.174743845796364,2.9099339187882722,1404.1381792716086,2
25.039019818966505,2.762057685466576,1451.6386436954479,2
29.25965734078387,2.7038581504882826,1483.1151294139943,2
31.247636343625153,2.353069995692904,1432.7814599296892,2
24.780834482019703,2.89880610306996,1461.8984848229366,2
28.33855633089289,2.6115105009024364,1413.717953974345,2
31.862508842680967,2.8549158699145964,1570.606057252143,2
24.026625749682516,2.379663563515892,1555.732974067836,2
30.35541217079448,2.9082729261557634,1593.0287348910726,2
24.906966076189295,2.5384686950828685,1424.287808687185,2
30.127998342227418,2.78465314396429,1493.059445188611,2
24.97678008563768,2.7009987835643776,1455.6601133726492,2
24.666144809499922,2.7917500206755292,1470.6480326896883,2
27.103045452034586,2.3419751208944497,1588.9881435785828,2
29.802521945132465,2.883189950402155,1524.0683940118183,2
31.755376922685493,2.7748629444451494,1598.4245956889285,2
25.298337051022823,2.4565758907813944,1504.4173416722087,2
29.516238423276498,2.345627830989791,1598.2227070997862,2
30.058514871094836,2.463536937701269,1468.0361551843675,2
27.114225673238355,2.767567237275103,1420.713877390735,2
28.099358008853326,2.808857073276077,1442.471996199374,2
25.521149493519967,2.678116924781854,1554.692676047019,2
29.98187474592654,2.2501754245318693,1598.6044492492842,2
25.814009596974323,2.6927692875291944,1582.5765517067396,2
27.9550013874446,2.7781292624279104,1477.455120268783,2
29.140219054750848,2.3493348082525873,1408.392925614684,2
27.6232753508139,2.20279130546901,1471.084292258503,2
31.901299158607735,2.9004400382146467,1529.7433649580562,2
27.32426945863561,2.8281393375663337,1593.9167459535154,2
30.896054772346098,2.263918947060106,1568.6044768929144,2
28.757187933952462,2.621059215997114,1423.298778523334,2
25.086162416543353,2.5707590562491776,1599.2271357053587,2
29.807229445075034,2.4555274988697082,1524.9893096250732,2
24.259840773710383,2.8264200339359062,1463.4133819431627,2
26.49646541697273,2.816623431959975,1458.6902633889597,2
30.869255310688867,2.241184754701603,1460.0410232913846,2
31.712624013328735,2.3026896109575787,1451.6562801833352,2
27.036649286704108,2.314777570296087,1467.988239004816,2
27.296238659698382,2.2557979381184814,1506.1924656685967,2
24.600893288748683,2.431288848846937,1459.9640271170003,2
24.181857885488736,2.935940398379165,1465.5507686507347,2
29.694402461831345,2.8521286636819583,1586.2820633127606,2
28.82325128314173,2.838677418791443,1472.5064324041816,2
24.761258123793546,2.3981498884111576,1466.7570312594053,2
31.10726708911222,2.3369642181866506,1442.4620935056034,2
30.40297270291083,2.3736395343155343,1455.3029795162208,2
30.731737539806034,2.612656290949363,1508.261266221066,2
30.87402064082999,2.8086828264192523,1509.787300132527,2
28.618895046132828,2.7178616636212802,1459.4412802253953,2
28.418933967226728,2.4231595447311314,1579.0651625449207,2
30.018415446924408,2.230553072571152,1583.767662760562,2
27.361369257746187,2.6934231340881434,1453.8096379356002,2
24.416427739673352,2.251560663213851,1589.7967650662304,2
28.706434071302976,2.2801215221624958,1495.3954175748302,2
27.75378494319323,2.4708461493588354,1508.3928825063867,2
26.114258000779564,2.643140390923194,1512.238094054199,2
30.352856948827252,2.261506658796572,1433.6759614722866,2
29.187886054406352,2.6267614187711708,1573.3384387252834,2
29.046711016431345,2.212634117921716,1443.6835761796663,2
29.66529197255739,2.3270271878942568,1591.458311412,2
30.91060237183858,2.5822633395265036,1597.9293695210076,2
24.042291920269204,2.592231342615966,1454.6628826509277,2
30.357288106075003,2.7821967339618516,1437.5099904725741,2
28.380510165566903,2.2445287456534233,1442.2015035349993,2
29.335058295037815,2.344353845110305,1505.556229193071,2
26.75414294816318,2.5033904450408455,1518.1540256910666,2
31.28596988787244,2.415747065484674,1449.806135321237,2
30.84911983547018,2.293486605436938,1484.0448368415225,2
29.18670091660356,2.5732579276046863,1595.5631689945023,2
27.24435970728024,2.343373704031775,1450.5872423817216,2
25.025528286493778,2.338268449238201,1528.164111942357,2
24.959817884395978,2.7032678297652684,1426.4897148476066,2
24.32164956515167,2.948608733993001,1548.9760295250478,2
29.850019876491977,2.7130511264952952,1426.5924140292702,2
25.745085375103297,2.919549859571905,1514.9149447721506,2
29.214823973787126,2.7379273785880267,1565.9941415432454,2
24.110079372725238,2.280215239942206,1441.2666893706835,2
25.15506959837601,2.7432356576321464,1557.1194963503542,2
30.95040913634043,2.4438337093810554,1482.225367991216,2
29.276161820820924,2.7102358960084505,1488.682354484677,2
25.61239152298905,2.6762886789399136,1441.356292946951,2
26.825425516843836,2.8524633057370243,1571.6227173011976,2
29.298428430722268,2.5674349998435764,1589.8286018876693,2
27.499606552656495,2.389083447696962,1486.6586781495548,2
25.26884079345492,2.7860448156796584,1566.7380080515031,2
29.98659452550099,2.593211496746575,1440.7679757675594,2
24.883331887799894,2.4154074524009483,1456.6892344941616,2
25.41648062623455,2.7767901726836395,1494.646793284558,2
30.101066680526277,2.2489712725569557,1490.885811072354,2
26.425565519586208,2.3682368020490356,1440.1848013526662,2
30.91078247282598,2.8296009764643495,1592.7016353467031,2
26.157115945843355,2.5602627155588884,1487.6258580458261,2
25.06789386374627,2.7857558598802665,1529.0440715639331,2
27.076653195552403,2.9398698382927964,1510.3493116940524,2
29.135107990144267,2.308519126343491,1453.5351585168282,2
26.96667263043095,2.3911083852308312,1419.766919719893,2
30.896019259589544,2.5873603947430555,1462.043435493712,2
27.229717911499712,2.247225830520443,1591.4308263135085,2
24.856953218056308,2.8740817517944426,1450.4197535063477,2
25.954353556498106,2.9182592228154483,1586.274325185952,2
30.846801257943756,2.6308102529439776,1584.8861344604481,2
31.374619852480127,2.6706395016817566,1595.4903491263506,2
24.026966699903983,2.9189661377271827,1465.475335372229,2
29.51710222778836,2.6154042904436188,1513.5902126748804,2
24.011684148372368,2.345064353127248,1421.6932471582575,2
26.450704438738867,2.773121661831711,1450.2335424662037,2
30.436745540615412,2.639644267034531,1525.769408646157,2
29.358690252417922,2.9204904906539566,1513.043134754929,2
26.855100041394827,2.4849411357484077,1524.9238449279499,2
31.122056558423285,2.4435362918999237,1571.5592881085693,2
26.85504522749089,2.7691948956316366,1506.497197350009,2
27.945204390739065,2.523117393762815,1512.4870553857556,2
29.51783436991383,2.2773943116804154,1579.1850613608892,2
25.850435460253674,2.8499136670150427,1440.9918702648324,2
27.29887899964933,2.946967040404391,1414.520792816006,2
29.44768601595012,2.931945450689093,1488.2562350011333,2
25.085769964500198,2.7535183560915315,1443.6940913958504,2
24.77484947661256,2.3923424043414996,1583.6406910233195,2
27.273105449693052,2.943486687245281,1528.6038452217374,2
31.11841252147179,2.8698270526290934,1418.6965917659018,2
31.38853730182108,2.658830526762339,1418.7020313820478,2
26.002533423370096,2.6487426012953246,1549.283547146778,2
31.506173715645716,2.380907499291956,1495.2024932041716,2
26.21665200835914,2.3252782977593895,1551.4652799008322,2
29.829316735646522,2.8946711624528105,1497.9098898426673,2
31.93805564739457,2.7967917148683723,1577.493654684341,2
24.800748353523623,2.5777753408041555,1445.8658455681966,2
28.60539837346494,2.2000696839416722,1539.2758166029435,2
31.477238616758566,2.764995540971062,1511.2573723434493,2
25.31435483854409,2.7541755245859427,1596.1409801650143,2
28.573633791289414,2.70047394600841,1438.5089250982824,2
30.57851220112766,2.375664667435782,1409.0408336109522,2
25.43513251518345,2.8204580955714227,1439.528933365089,2
26.359999743750997,2.245956369461462,1489.8934024954217,2
28.94916970339507,2.223618175375515,1545.1487688902635,2
29.792495143661714,2.4749818095590763,1551.3178778889273,2
30.088740843510248,2.826059796773418,1486.3645049243114,2
29.50333702941346,2.8252147512575045,1431.813774218753,2
27.02468913838999,2.328531363091631,1407.0259012774075,2
25.40076593663929,2.8321807832991728,1484.0713308878608,2
24.678618476654144,2.31815074390798,1414.6426054145986,2
27.3204227154517,2.525963844894937,1539.9375078269832,2
25.329513446458584,2.735272759498629,1542.7444615289528,2
31.070629100629194,2.5981493522411228,1580.182771283466,2
28.733463340936602,2.9214183299828576,1517.1240940457694,2
26.640394323252927,2.5397913695726384,1565.755107994702,2
28.754156740477548,2.6953874679317344,1443.1175171637806,2
27.592468585067174,2.329101261185196,1567.33800589251,2
27.56060631747099,2.4367976508674882,1521.256262383084,2
31.40970490774002,2.7987265842322793,1567.1247408092436,2
25.570157194484242,2.4216506639990554,1554.5116134516115,2
27.71894710822389,2.268268561035719,1516.2805037429146,2
30.372814398677207,2.2950842084409535,1410.758439048734,2
29.896028620020722,2.6001571700883805,1571.4351596134377,2
28.480518786866764,2.4959552886486036,1529.9310558746195,2
29.69959179983212,2.8125282615528526,1410.5663396685636,2
25.438340755642972,2.8568493129599863,1559.788578937094,2
25.923863286256864,2.2380686289169787,1571.6606313093027,2
28.349364094997703,2.255629698046454,1507.8005769137699,2
24.668543060965057,2.593806903832964,1418.7073055798683,2
26.08912154031252,2.61168057249587,1565.62202152358,2
24.352148498756925,2.567881265563397,1567.5802859742944,2
25.117699432544114,2.7925211006058817,1539.7551039401433,2
24.71506473529071,2.3108666656064245,1488.4695292583633,2
27.376979274804583,2.6753908564153663,1416.0313766267018,2
30.081116755118515,2.5456744039317667,1536.2677876298299,2
31.94201510234033,2.453261115569399,1406.6212248287788,2
24.092236922982188,2.2204913547745213,1532.976427213674,2
24.193657688074456,2.807198112028223,1406.0694814974572,2
26.579972873027558,2.7681688920158782,1561.5944275811898,2
28.686724309984637,2.2619744547901104,1438.0844033968149,2
31.624709236942127,2.273695449748891,1556.7299364422176,2
28.312250712367756,2.478654622233925,1557.4931571347206,2
29.987773952999333,2.653653080533303,1543.8450815525282,2
31.907223245700408,2.4346330194494414,1534.43571197265,2
30.357516522065342,2.5780150691733157,1457.9723592885275,2
26.337103442001585,2.3194558390511597,1509.1550466608492,2
25.18354890348603,2.7011076754502117,1508.002670819727,2
26.297470420070837,2.5916666204682755,1553.597420568174,2
25.20461798761636,2.818267767670911,1457.7954389176002,2
28.97323970724999,2.2318448747365567,1475.889051659218,2
24.323065311142425,2.526017440114056,1405.2502707304752,2
28.793693187764475,2.202096692074298,1452.2570593443404,2
25.964902721518023,2.45901412202046,1468.2978288660772,2
26.89173392795916,2.5869180284910613,1506.0070442407707,2
27.241466783149313,2.6222511302099134,1447.1603548720068,2
25.194184470039612,2.4020569602680353,1445.5689504603558,2
26.573123357866187,2.6959929290171596,1473.2421283574795,2
30.572625706805923,2.7888549307928896,1475.0651057505602,2
24.33498522952457,2.735716081258148,1525.0033817734857,2
24.424293780728096,2.355937386157307,1482.0366928012706,2
30.848204947364856,2.6186967804656756,1523.618220321949,2
30.29218578331119,2.2127457721477364,1524.8796280899849,2
29.089959797448245,2.9039477668115294,1584.9284716335264,2
25.478131420956057,2.2483858886773427,1453.5621371894981,2
24.375892813690818,2.291807845226962,1478.3353123855816,2
30.679185720001207,2.29319834163527,1511.1586882401034,2
28.234317048699033,2.2037287972584805,1525.11568178726,2
26.069293019899845,2.842709318420537,1435.4890146068897,2
31.587561754801378,2.573835417705331,1586.1799571648469,2
28.125306796661388,2.483565940623254,1552.7705642397464,2
28.226570406421576,2.2481244422479087,1453.5598877701568,2
25.23888746935128,2.249147915885789,1539.3289080263417,2
28.952597479695264,2.4213633343167023,1434.174227001851,2
28.57136342794812,2.702121383326011,1546.110354822124,2
27.261129695033237,2.3189446487689915,1448.5432444206567,2
27.358397707729306,2.7377433400443403,1473.6513029370449,2
29.801828375163055,2.5962407844004542,1442.7748636962367,2
26.476680276440003,2.783721130631026,1416.4336554139336,2
30.987553539322548,2.816527688075886,1458.325064101,2
31.857667126156826,2.4924106390588285,1470.9352164658035,2
30.00234373650938,2.7682435051944774,1573.2546908758088,2
24.338553558980767,2.502459387790369,1445.8158116357388,2
29.406007252278783,2.4549480379194164,1536.6366791530777,2
26.35066480586958,2.919413819902398,1582.2865899342987,2
24.186112801352998,2.263455144706175,1475.4542265947603,2
27.28953300667368,2.409840732792863,1458.1201531186405,2
28.605675277708272,2.8110414482486714,1501.0432674233234,2
31.344411493688344,2.779027672629057,1546.1560146644192,2
26.94697435149213,2.6170677421469586,1500.1939662080213,2
25.427637030507064,2.9367249556375663,1466.3102458797316,2
31.77980894650542,2.549262023028519,1566.350672687874,2
24.49224064789282,2.7161929764222115,1407.5081963683608,2
29.49461964601763,2.243142572006915,1570.5930773785356,2
25.910536837854377,2.8873644304431982,1441.7874350692807,2
30.12037145042047,2.4662975966613496,1565.7051153871603,2
26.061736737914178,2.436305357237236,1541.7756112250395,2
27.15776000788516,2.366409118883526,1428.283215770048,2
24.817405288818932,2.2709311666598855,1519.971037588632,2
28.20969131388962,2.74093879393449,1557.4746163543743,2
28.355023327370304,2.654842371729707,1439.7237766401415,2
28.74654162474982,2.6731551968238296,1439.5980305859164,2
25.734258063716112,2.5037458805964974,1464.6040335289292,2
25.805740835619638,2.8617870819195,1570.9627062600216,2
29.786886517813244,2.917157943642877,1583.6260791868604,2
28.89500133760891,2.578664833474903,1551.6796707536296,2
26.619528531516906,2.492005502220101,1492.3426254998742,2
28.00546806206575,2.5053981221034007,1510.5099644069167,2
30.9121269896313,2.8688679215035324,1402.1343885533674,2
25.47863049559018,2.815261644273452,1599.4526219527233,2
24.235185777311937,2.280059342093329,1555.7266032919626,2
24.896117004736688,2.295930260629934,1519.4393329678026,2
31.39461183626176,2.3832893771402355,1475.458224615234,2
27.778184094240274,2.7271289525405598,1452.7774300117212,2
26.269193459930474,2.9342513069290974,1423.9401891237028,2
29.798221105810214,2.5116331803612715,1400.6148217354435,2
28.968464832313106,2.3602763238833924,1473.5809692885616,2
30.336660286533387,2.3004447260082737,1411.5890086833417,2
26.489822840910637,2.253184515657911,1424.6347291333102,2
28.207691349940806,2.7789005602245864,1457.3672340942267,2
28.313834625020235,2.3693830652051577,1479.4004269389636,2
27.818775078234093,2.828548922164605,1517.3114167739357,2
30.052169501598648,2.5054592676164917,1434.1201377137697,2
29.78363240705002,2.9062001035488336,1521.3136667042443,2
28.046820708983084,2.2551261635877697,1490.258387140959,2
26.681530138116756,2.5137017343756445,1418.4449482785872,2
31.470223011760883,2.7215628114306316,1571.4554559152234,2
26.351587064865377,2.589760182440868,1481.4495860646184,2
29.977162542513216,2.8221873054290336,1526.0955915171717,2
30.224147545816432,2.4531188590693214,1498.47510596453,2
27.163972403327794,2.526528437247246,1558.1463824864584,2
24.37086722370024,2.720264747157611,1423.302529374276,2
25.030291582734346,2.785230072102716,1403.5937665981728,2
24.337268170347688,2.3447039295444028,1598.0516523948124,2
28.162052505310616,2.352386656187412,1478.1179478732204,2
31.076316810096944,2.2662848101081643,1574.247039500976,2
24.21815618194843,2.3154938620603165,1491.1257506499878,2
26.56302570940907,2.7588709723922618,1419.9891492020886,2
25.404065237497964,2.3639530561158075,1579.4987251468501,2
26.84636271310163,2.8130482597078763,1501.815163419085,2
25.46723118044379,2.6290311286716186,1497.0772245919381,2
30.77945372374476,2.518355169685848,1512.274172371851,2
31.21934289590095,2.6658839993785617,1596.7839755482855,2
30.651132301317634,2.417800617681798,1592.6258117561665,2
24.926628544455774,2.428004646839726,1510.9061434938892,2
30.350490959156147,2.938860173788462,1556.0486528189022,2
26.740874248650087,2.378069255185613,1572.5667367385429,2
31.301794204133046,2.7524935884050556,1505.7215916164148,2
27.259657981760537,2.3589705621846813,1529.0271153663139,2
28.91606835865124,2.2931028447303943,1420.494947831371,2
26.964502599926824,2.718330833095874,1403.6108353818686,2
30.578054907768443,2.580549604268239,1598.6381002731052,2
28.646749002191257,2.2486299459074806,1457.8699205603666,2
28.592699955807806,2.901221196069047,1542.9305538466028,2
27.624863504880317,2.3914330101547714,1561.4649700605885,2
27.222840533031146,2.6483877739282047,1514.5574757811064,2
31.54072759306207,2.5155534403396502,1524.8967805098225,2
30.46456047152686,2.8521849936648387,1531.3542400247034,2
30.64225748495451,2.6813119896016646,1551.8989288811545,2
29.968152089700588,2.7069314614587237,1552.2168799955184,2
30.833617297184603,2.267241012430665,1504.4424836271219,2
25.161448391393698,2.78764806966957,1515.8559164167923,2
29.094216045852612,2.6265709011714953,1429.3863703762797,2
28.52271897214317,2.4208056264814366,1554.4599004096365,2
31.098707277154524,2.6271111504293065,1558.4597110373584,2
30.854677092698275,2.9149663614581733,1578.1079354738827,2
24.866838943061506,2.8293897821400407,1561.4154827883328,2
25.784223276044823,2.785396085724005,1555.2537560002656,2
27.438996756327878,2.622936353235592,1592.1256064437762,2
24.438180172909444,2.6666634017583597,1404.592134043608,2
28.4632683678256,2.3162506122029973,1528.047894116814,2
27.657451973187424,2.5132777436022233,1578.3214986779099,2
29.13548764240678,2.3304359682795215,1443.1813706599203,2
28.49327724832484,2.9460189073778764,1445.6220709085371,2
28.85384858968242,2.4443335652545835,1532.5086647307874,2
31.262880108463868,2.687642190851058,1579.704379960992,2
28.16166818967599,2.6929443852812005,1512.230658169109,2
24.139994194267466,2.814079739791919,1456.9402856052125,2
24.024577909544156,2.458512165174003,1481.4944355000298,2
29.308663077223613,2.936198537847714,1580.4497013913738,2
28.530142701268613,2.525611157387531,1405.987978800017,2
30.436682096062405,2.7880570382657037,1481.246186182666,2
30.104842147750986,2.6083753172860717,1429.3224534901165,2
29.28734888231984,2.270123045427357,1510.1227900124102,2
28.583306215899952,2.4585380677520763,1526.070566583878,2
31.387691368413847,2.3624740791410197,1512.3588122158185,2
30.469937111494172,2.2736895837188418,1566.122836896287,2
31.05829502020583,2.7748682535642013,1561.4464931614766,2
26.50955746004027,2.452639368067351,1584.7651984548893,2
24.961487487073573,2.8324808794560337,1555.44372240759,2
27.189363929120784,2.3117140291664797,1517.5222423617297,2
30.185158807679574,2.8373226540667824,1454.3802911431212,2
31.191951217684867,2.8409776920235945,1566.505992351804,2
25.313963680173,2.764249634130307,1400.1956358649036,2
29.341730705035197,2.5854239551401594,1520.0784882764115,2
31.25871216566764,2.4919647156965263,1599.6886984335645,2
24.934271564108744,2.9347379108700196,1477.4374865053585,2
25.616469387713476,2.26091057882634,1438.6665788506177,2
28.895118912150917,2.8176704073482712,1564.6649567104128,2
24.203882637495767,2.9090076379453156,1475.0382878300732,2
24.447890020136093,2.686213897983993,1416.020887036673,2
29.038896179588654,2.2548721003784062,1547.5460698029292,2
24.434588280507143,2.505843284951454,1435.4378415091314,2
29.036297888863547,2.3469246365419068,1516.4924874148126,2
27.546508946542335,2.50835122220392,1428.7296236310888,2
29.839811049006048,2.3653830779949367,1455.9600446673057,2
24.13454323385468,2.571451596397811,1488.5389888269242,2
26.25200762693512,2.3217342134091,1542.863073860006,2
27.59220068963978,2.3047978777029807,1480.6438457414006,2
30.904130423763164,2.703545068930995,1519.2624019640582,2
26.756403864590077,2.616598367311062,1418.4139039305792,2
30.979586749797708,2.743741125382798,1565.2012057217053,2
31.382631205586982,2.892317541955198,1596.3964911713776,2
28.52337096329214,2.8993638757716766,1413.3588221208947,2
30.22191901585733,2.217051302253896,1587.314895576211,2
29.397059353204728,2.397099307927255,1594.0593945909568,2
25.587513995329523,2.540399829105175,1417.8373693484689,2
25.061325368535115,2.8985399666104477,1471.5757872386557,2
31.444888363554984,2.3519639287781406,1583.1638767734382,2
27.210498399061755,2.5503945910074863,1585.4333610522015,2
27.714040280022704,2.353687781744891,1599.2221726463943,2
31.26110334183412,2.7085245227533763,1415.7189169569717,2
25.307062506703403,2.484872161853798,1443.7742140149142,2
27.375196471093474,2.8188755268973917,1595.9088424885763,2
26.5420475084994,2.5507957821474303,1509.2225575051243,2
31.811464866695715,2.48198583119324,1438.0774396929946,2
27.57991481270409,2.8685504075207344,1509.0377588521364,2
26.45678599265806,2.644416268072189,1545.1973288673726,2
25.349548629794,2.6341048914363014,1409.557125182228,2
30.912982606624873,2.420512379949551,1408.6002513365129,2
30.539690559775604,2.523369808171271,1456.9521248265041,2
24.42320097902462,2.53880398164442,1536.409747973272,2
30.65600336203667,2.4987696834117066,1506.8363638345638,2
31.421471604214503,2.8787820949957057,1548.1832918389691,2
27.997266451554083,2.585043091161092,1583.0341058770541,2
24.601428509593816,2.8254683946900645,1527.8124929849334,2
31.025451868270356,2.870699673633845,1517.798615301019,2
30.618582259559155,2.2767534708321038,1438.6770788745557,2
28.155395920907587,2.930258793122327,1434.3239241428969,2
28.369000574358555,2.750910978557993,1498.2611697679677,2
29.849828224586204,2.654870565447571,1446.772902843175,2
27.408164016400786,2.8197502942660573,1574.946650598264,2
28.314879193486533,2.8574822968709404,1569.6152143408362,2
25.417732867211804,2.7111488066385414,1463.688326490559,2
24.23325564494558,2.3716812173226405,1550.0542453671146,2
31.678139074968424,2.2171890118689803,1557.121537182956,2
28.708892735516926,2.739387196134684,1485.7378399413547,2
29.44596248430642,2.945850768605219,1490.7147444461602,2
29.600892368619974,2.5019945054924344,1587.638876581884,2
25.887599343080076,2.5038135162644686,1555.9771728628957,2
25.17235337854034,2.7943030082553357,1473.0172615714907,2
24.018011711604405,2.605465486330704,1416.8705011291959,2
30.725445280727165,2.335336730017745,1525.8349855978843,2
26.62312481843728,2.3194128622460504,1598.4301602741432,2
29.429976992216748,2.6946663605014263,1402.9664304514029,2
26.68040815228668,2.9416550299932194,1587.4117524994924,2
29.49397994666747,2.503701014645948,1430.0681035704756,2
24.582897396256772,2.6884762657997583,1587.4134215328318,2
24.582026242119195,2.627963699058131,1465.4785090206071,2
27.183443544442447,2.5425442916618457,1518.8342332167792,2
24.315478536935235,2.6429745331458347,1554.5141781596274,2
26.148139848424147,2.5224708062974943,1521.7922531692052,2
26.31043271919187,2.6100445855487755,1403.2332568661673,2
25.266695685796385,2.86913242033824,1407.557627336491,2
26.64705311050326,2.2254332755770534,1521.0333059605855,2
29.83709432064289,2.6967351845005374,1508.45646475725,2
31.80007467980319,2.648667165171827,1538.2812861364653,2
28.05888986403141,2.4189007083794327,1425.9976346763033,2
31.059929347371913,2.4532907194242006,1547.0849418785124,2
28.097645077320387,2.6721370212697457,1529.4541509211274,2
26.268527468846997,2.5388977439667983,1509.1384776048883,2
27.663083610679507,2.8076945443703294,1582.5837433871618,2
29.562242904593518,2.531054168334226,1471.387573962881,2
25.432338370995577,2.87139704084379,1480.33066607651,2
27.123969464159096,2.346991561386381,1553.8214608611308,2
29.253813873932422,2.219663419205161,1523.11657436491,2
26.19920035484125,2.7851859454698404,1592.7047276705864,2
24.50784872289948,2.670864238200852,1594.671476574847,2
27.959186053897852,2.5991479808043945,1476.8948801487338,2
25.19933663946532,2.6677309370111275,1583.0636552519568,2
28.046443968845967,2.7389048075983933,1430.7830644205883,2
30.672704763977976,2.440087208428142,1515.3608548583888,2
27.951257288109773,2.76232335998591,1558.1056023289348,2
28.257125337019794,2.7111720498151337,1400.1309251764321,2
29.148395668639967,2.7117540450312205,1558.4810469113017,2
26.949447336904527,2.721626220658387,1576.6040921656754,2
29.308560901565357,2.8508406402190625,1551.1134296573296,2
27.121235452946376,2.7457664502013803,1466.3753862464614,2
27.653083596777527,2.2287368466926787,1534.602248854675,2
25.343357281660857,2.8748250660026637,1435.1814415728734,2
29.97178234712073,2.8393611992217376,1453.6644879746523,2
25.460448320760182,2.592688656560183,1492.1371632718965,2
27.15253604627295,2.3052656193432584,1565.29368432645,2
28.891099351296656,2.339266665866419,1449.3249589710667,2
31.61311883527624,2.7126441914552997,1547.8721046090918,2
30.77394493038967,2.7921513199324837,1566.0616738593174,2
25.777577213423974,2.9054539184713803,1509.2364176518838,2
31.212143118606278,2.629445853091048,1420.6205224099547,2
27.239208469654415,2.3955463033892603,1536.8938515790246,2
31.327977021210234,2.3399513438327624,1552.2996415762423,2
29.779366731010743,2.89912083344517,1435.5797155409364,2
31.56019510885183,2.4918073991370164,1593.725598715907,2
25.37485750935384,2.9095485530185936,1444.3304253642773,2
29.55678142441931,2.457493783886028,1521.587514552001,2
29.49149980366539,2.27666554240633,1572.0900401345332,2
31.516635507612303,2.27965796753727,1542.1230575311472,2
26.953851423609507,2.21924445266814,1529.1641659880163,2
28.15147991555031,2.917194233385543,1589.9154154213104,2
28.46947922255852,2.211724307815827,1464.0882831156073,2
27.90214704114218,2.710077299292971,1564.9723980750248,2
25.79365366742625,2.3456196548787096,1525.6255501854125,2
24.959822230204942,2.706570034998658,1502.4620396261344,2
28.615716640621997,2.894738966407611,1422.6393787769682,2
27.849738752782407,2.563186814811909,1409.377967117947,2
28.17234074074176,2.7285145863906397,1516.3953918755324,2
26.153070258703917,2.2282679074593457,1567.7125638190264,2
25.68148692813699,2.430685359359946,1465.0491972173006,2
27.629413849563754,2.4450758730672266,1465.5532288585562,2
24.857777787244075,2.7466993535319886,1473.22202417162,2
31.088791085151886,2.8131541119114516,1495.171126317742,2
30.767003294862672,2.593393584139894,1447.6297673565205,2
27.41000064893525,2.838669496312664,1409.1584339977155,2
31.678401685999084,2.3993158177625236,1569.3210157002306,2
29.577007345215012,2.6824840322270016,1421.8209390096051,2
31.603094325647316,2.794340699280447,1407.0384379868713,2
26.830876062948988,2.5424747309625095,1523.143752707857,2
31.583801209783168,2.291510275543177,1518.3469601328984,2
27.78310171136174,2.2451067459121634,1546.5003562493803,2
25.053075179920484,2.55851036574725,1454.336405338327,2
25.03820712775051,2.8335266410238433,1505.3566181030942,2
30.85162715715086,2.4612371914211306,1432.5579045566697,2
25.094798143814444,2.44816991700273,1561.8195770873024,2
30.47513394211883,2.521113825306761,1411.6738318734558,2
26.595641366483832,2.7796941644525184,1501.2878871195207,2
30.33836476530373,2.5373347532316015,1488.4402979605468,2
26.38920139447407,2.3256923944031023,1498.5423724444236,2
26.70312419594576,2.4529639991921592,1548.1603754955097,2
29.35451807258211,2.606012095318208,1467.9072405887957,2
28.706569756386557,2.9234015522359487,1559.320489863744,2
26.538618253922927,2.7345071135549417,1522.7295641422759,2
25.422200888516375,2.2966726316392894,1591.601023993466,2
31.283894009510146,2.92572579653735,1562.4835769730512,2
27.42485821159995,2.4492210829186947,1427.2250547000385,2
30.80810511149511,2.861867495846388,1408.574986690198,2
30.41297193210371,2.479377698744638,1445.9146776591708,2
29.178720407391054,2.3740671735596743,1591.6922647303659,2
25.04902318970266,2.858028800929808,1576.6168132293226,2
30.616609759076447,2.799484076682359,1573.6970190962804,2
24.553940606614585,2.2041772797180896,1467.9859541066426,2
24.27031442652863,2.3530684528877095,1526.6010275865835,2
28.444368406424232,2.336611776512088,1420.073876207932,2
26.426099436543165,2.8383415918041526,1504.9583786977955,2
27.064540468801596,2.639825128502933,1599.0200843166374,2
27.925035246853373,2.57468834945799,1570.0684080874335,2
31.92370438198168,2.3665641372450015,1489.8008717579673,2
29.098574625779847,2.5307978700065656,1589.8915012071552,2
29.145164752798046,2.3122785140587023,1401.2730764295707,2
26.93035285746832,2.5864855150773565,1547.7496917600695,2
25.341671581223075,2.4766257559205216,1441.8301626290427,2
31.66953272042234,2.594370747088112,1561.076952239226,2
25.38299129650389,2.6075235378429062,1563.2712052849847,2
29.896369405610905,2.3428177887741777,1412.583117375218,2
25.601448750888064,2.3074094560667726,1568.233408995193,2
24.056674279386517,2.4286520858708838,1418.5208172485002,2
27.017250641482857,2.2060861383684847,1417.9701961868861,2
25.95798786970186,2.3967927785005676,1432.0301595389203,2
29.740356657072663,2.5473895658459913,1404.845077592899,2
25.320473120625913,2.553745557762824,1503.736260095487,2
24.69673512370332,2.5420206038855455,1557.3845895836728,2
31.198813101654512,2.5600596848740884,1464.1697723572563,2
29.974612770873073,2.472390549417816,1525.546905794189,2
27.870666810015834,2.4841822029357123,1572.5475468802733,2
31.537101807158813,2.4440756790849143,1523.722303048125,2
28.087425340215443,2.781638527223165,1533.9568462102136,2
27.62858625545578,2.8747385933492957,1510.7599530236257,2
29.836450046434994,2.494371674134004,1509.87481604372,2
25.453220052617137,2.529652389289908,1424.1859535059634,2
27.75017983767682,2.247491452417337,1537.496568583054,2
25.586569514447348,2.7904087408475267,1545.6606912870257,2
31.406359825401594,2.691547064385681,1593.324044624192,2
31.653528025022805,2.8945653503533446,1465.1645216074426,2
25.380350897025565,2.6324860533058243,1513.3749230349683,2
28.91847361410251,2.7557459317814947,1576.3117420244107,2
31.642735785294178,2.7496038464481014,1559.8805924161593,2
29.25797682129547,2.63888255250843,1528.071502302883,2
25.890176508017564,2.612994195579773,1447.2909448991813,2
25.332510609930903,2.6899897502569052,1540.494050032126,2
25.956169413885576,2.633203867761599,1578.9043300452286,2
25.625492055428246,2.6169581026194404,1461.6122830909167,2
27.343003161082063,2.5668274193524536,1528.9212978825383,2
29.896919473627804,2.8618797583120044,1443.7732043289568,2
30.46593465763818,2.417382095272478,1588.3796692186002,2
28.568349738873493,2.39577844738271,1450.779249634756,2
30.486107704226818,2.781198218268067,1522.2425680093331,2
29.800238199024136,2.335345350354567,1489.3653446489684,2
30.598952343937388,2.845460677792872,1487.7591997425081,2
25.494357798757743,2.330747924224334,1413.9764952094697,2
24.443500180906636,2.3848670132461223,1580.2145191965935,2
27.748088107093906,2.595250051714462,1499.5401825290392,2
24.900104714288545,2.567745623223029,1579.076544668526,2
26.61501414407941,2.6346839168178064,1511.6624503520195,2
31.31984612458616,2.382270397230992,1429.84791551244,2
30.498566131306923,2.764561735682666,1419.7112815599387,2
30.345869026440816,2.4978487651564354,1558.117149362131,2
30.90382528628651,2.6109846066037594,1434.6532658303636,2
31.06697184112463,2.398983675396052,1510.8420036568425,2
28.852639723469785,2.9047951650955595,1576.965083875659,2
28.148991972414297,2.5794365461745654,1513.7842617010622,2
26.794503371929963,2.357939300089998,1547.9962240488,2
29.639623157889563,2.479144665230147,1502.8669109305206,2
25.477249636459103,2.678070349628048,1478.8691534464099,2
24.487048077505353,2.8283908388906016,1550.121368155384,2
31.980365444040928,2.77642651558167,1440.3990388174907,2
26.225041507362715,2.426577646488067,1584.5089322147535,2
29.163254742742172,2.8110045457594053,1571.03712528087,2
28.5908185434779,2.282110629194685,1413.2816871209257,2
30.68147265147121,2.322253561135908,1442.010283279429,2
29.823662255437142,2.873904802250885,1573.5184968912142,2
24.182724641498616,2.31191153140503,1515.4376881830096,2
30.23376410763632,2.74732513395228,1517.37590245795,2
26.785980383396648,2.2180224613797392,1460.5581316334597,2
27.823749916385662,2.6903160270370003,1546.9844244590117,2
25.542810205023805,2.6590601333784827,1439.2665235871889,2
24.03929982045586,2.5116883057663877,1494.0193222204564,2
25.683336835311266,2.645113723165534,1418.5858452449697,2
31.739316827963002,2.3088880378631105,1409.6832925577323,2
25.20745377133819,2.3138405396541186,1441.449123855538,2
24.94463371436184,2.7150894630178115,1540.080399751833,2
27.682758057720154,2.549914610866419,1532.036562472038,2
24.42802769632136,2.6543779852131957,1549.2042149207557,2
24.713892705198163,2.2845321885268133,1480.5392579801462,2
25.03601985652955,2.3355302336170403,1424.1913581155359,2
29.773365499491533,2.53486825303726,1544.5998718484327,2
29.293741389666774,2.8941479902481024,1551.9903979266242,2
31.459219291727177,2.348463498384597,1524.594802777131,2
29.837447477226807,2.2277672687188477,1514.3767687565753,2
27.45158841492436,2.452984888153534,1507.2296917638319,2
29.282697747876504,2.5415074384806298,1575.3745029347297,2
30.490073758451054,2.782486567204778,1420.7259135687825,2
30.11488060861832,2.4115337392844474,1420.0917349608249,2
26.27560347454008,2.792377749597952,1536.6083434146399,2
29.002787144471192,2.305458411883166,1467.4311248359738,2
24.069937263514372,2.698692613057639,1596.3967682937298,2
25.201024627466396,2.4150347216552697,1425.7614821450634,2
30.7199310555004,2.643550910020176,1540.1251388294595,2
26.933817565117305,2.9257572525179496,1544.3148410029644,2
30.717168497501348,2.249513180612389,1548.4224106907595,2
29.241251111104255,2.8040216177554846,1442.9236333305737,2
29.335604463152293,2.6471520614544235,1425.6406661558433,2
29.556484674421483,2.572418546062859,1403.4177076464339,2
24.77734447889705,2.9266641303174254,1423.730066630064,2
26.203695487425115,2.5178965911371756,1471.803214475058,2
26.61311152813669,2.4750179565737143,1461.3890316524687,2
31.392160363813257,2.3590094576385363,1405.4084304859598,2
31.532101278003992,2.8660767239107496,1555.7042124214329,2
24.205164381316056,2.942574999938826,1586.0370457974307,2
27.379678316301874,2.4713669349304466,1432.3907725204683,2
25.846454355569385,2.5711428173515802,1412.0617928599593,2
28.792534447874115,2.2461389205033777,1543.7681968831234,2
31.711952154956673,2.5234164179835408,1572.392857955117,2
24.17904313876278,2.371150936540147,1425.2965552508992,2
26.2511902768044,2.687570702723148,1580.2240000770087,2
26.739122588600825,2.3957963907322726,1572.8110345581151,2
30.622141115581226,2.7133365204468447,1528.4081965797805,2
25.77469525940424,2.732748791574245,1457.0911586767181,2
25.997579518475995,2.2935210120875027,1523.227440361957,2
31.263844067162054,2.50415500303687,1499.277406281871,2
31.31365244200304,2.679879012991527,1473.7132197964029,2
31.144340264012786,2.4311944959102556,1412.9764771027685,2
27.542498146898918,2.7078013526930307,1599.6079077542306,2
26.975758390727258,2.5188775806324855,1434.4965010073336,2
25.968780294137073,2.559678623312593,1421.285005117743,2
30.694161642199028,2.3883246645056415,1486.836974326867,2
24.884481849916195,2.6162060509961016,1553.831374821826,2
30.378072427725826,2.5856372672466756,1407.7460783827594,2
24.213163304692312,2.883600914124491,1558.5059842654657,2
28.430746807447132,2.2752828928604303,1479.7276679816396,2
30.107553955507854,2.2674855158980054,1432.3748714086491,2
28.130239310420954,2.608279474898031,1503.3703850171391,2
30.498689337179844,2.702645854090772,1489.5522417238387,2
25.18505713896438,2.2228615395823454,1543.9585225406015,2
31.793609341545043,2.728227828782811,1492.6910669869706,2
25.563886017105762,2.2318379685762535,1490.592625888685,2
25.97202402674455,2.54645962368299,1445.83780069968,2
24.637660620735602,2.2358487897347503,1574.0458343740183,2
26.88896906196888,2.5980206006423803,1455.1095582426087,2
26.40189255472985,2.800769983980528,1434.996125272223,2
29.632517945561027,2.218592609189989,1513.026242606485,2
25.453806897934292,2.5987687687915075,1505.6244651621075,2
26.84266814272522,2.519431293961077,1485.8969831409458,2
26.030085235606084,2.222263034458618,1424.0992748160031,2
24.04373343788163,2.3492235977189173,1534.2101541215977,2
30.97734479767113,2.3502742112071964,1480.5159705230362,2
30.580683577648763,2.8895921599422048,1487.8952472239275,2
26.0337690614659,2.5281061568649665,1478.7248141121995,2
30.58554459505758,2.2592000597337285,1517.029437518231,2
28.196927323374023,2.823019778010745,1539.8954508509482,2
27.800027133165635,2.22406347202648,1595.9645632892912,2
27.223874712872743,2.5191726585859464,1462.1202572659863,2
26.642653979470587,2.641985644539446,1551.0192097243835,2
30.360827154903383,2.237933165842284,1517.7028573835696,2
29.33229222699157,2.2932425646889736,1450.4633248408895,2
24.157182857335965,2.6913273952679386,1517.1129200398207,2
28.351023898617786,2.906107451871231,1413.5889408298544,2
29.719222102339316,2.7679654238741875,1571.5840633325388,2
29.04859660246599,2.402167193819781,1400.60537802435,2
25.994324187499863,2.948113751640891,1413.1557648132234,2
30.27566153836969,2.231722694200585,1522.1116805208462,2
28.014688255661596,2.805873954983311,1459.5257724025607,2
30.64104763257106,2.816283747350271,1585.8522056230545,2
27.16000168224131,2.654581831744991,1597.9395784330732,2
29.11105276487355,2.6860201854172274,1439.7327564109082,2
28.722537245691857,2.713866784723166,1562.733060739303,2
27.057769990145385,2.617406511026845,1458.5232035846343,2
27.28709768701051,2.486503016699769,1419.915352982938,2
25.730268686113085,2.4149912730932965,1409.8208345249614,2
27.839135025204293,2.3996305934055253,1446.6597763164586,2
25.39356337560386,2.4417396554922335,1436.6030666395059,2
29.89574370914007,2.9252806528399966,1533.946300433539,2
28.760970728940123,2.6371479539301017,1582.3939265518463,2
31.96536455217279,2.5345509849880643,1402.93209562748,2
29.691895116719362,2.883303130403797,1433.0285458019748,2
27.446296027190776,2.9410338611663565,1532.0644589358071,2
24.210455609222784,2.5504513560849102,1503.1142494987573,2
30.558509820942668,2.6054127513109755,1434.305636742251,2
24.712182546302195,2.2411918508318855,1431.6716949056922,2
29.322863856510153,2.2205720549309143,1560.6499011225105,2
29.022160545557227,2.2713085374773634,1586.1777676670795,2
31.492101880654552,2.9077856174106125,1559.8371670897131,2
25.881685875021038,2.713259619670829,1550.185134433522,2
28.57249972301455,2.6466054560865655,1576.9901946083476,2
30.240315412563856,2.536435198229733,1429.3211786410911,2
24.895653610438156,2.9320084764312404,1592.5038457250791,2
29.847653856055754,2.6031263618002622,1525.1921349579802,2
31.716657536611955,2.8958525292285886,1501.6434997775193,2
30.52255092980555,2.8385504383814117,1594.1016413966092,2
31.424605929792026,2.8706226911025254,1460.8228155003546,2
25.105925152344483,2.7683745022131667,1490.2582689327048,2
31.041418664660533,2.467038145225195,1502.6290681026064,2
31.41681833464729,2.6283157213564365,1488.070718903123,2
28.054783902990774,2.528250884632619,1402.3068048642572,2
25.38060027728763,2.808902713427467,1451.9001357854827,2
24.374578620123124,2.5557307272415506,1494.6550513306022,2
24.749576558399834,2.831944465524498,1568.42375276821,2
27.041999254431076,2.263846025427183,1519.1360777664624,2
24.732029662407015,2.685963996507137,1416.8065040322374,2
25.262647838050025,2.868242461046303,1534.86809256247,2
28.72343953075505,2.793597465187401,1519.9803421950523,2
27.387796137314375,2.8778587168344485,1430.087403153418,2
29.80964355183581,2.4940783998664244,1588.6540323481681,2
29.36220931590885,2.8359492846418304,1532.9166853955217,2
24.4002030055007,2.2323510202887005,1470.9282491048236,2
29.7070559929558,2.3939885815869357,1558.0941708213643,2
30.320932780562323,2.517642095196022,1470.922008793279,2
24.352169543168273,2.8746902403524968,1528.465362262892,2
25.416234283894703,2.413088098955485,1578.7525621182917,2
29.52744356114932,2.6186407153911744,1466.6613827986498,2
27.019094726684248,2.280256665753372,1586.2020335499042,2
28.64826999889995,2.8442449901521853,1531.7262316793626,2
29.129415237793815,2.336293938157241,1527.999724515032,2
31.07813975839298,2.894670321913245,1540.4022062415688,2
26.264319886868392,2.6573686013537348,1476.7461352747655,2
25.98923937799662,2.398623528343941,1522.3607874353352,2
24.204968289473335,2.5397948248965703,1462.4787347788952,2
24.51807942652383,2.2087114357554314,1512.166628745225,2
24.81767740165801,2.3067547695327955,1596.245257457223,2
26.844570909738387,2.770036913695697,1565.1039609764757,2
27.253047661496236,2.6069647428395895,1425.01153945974,2
28.02026277587779,2.6304027592399386,1557.8688305298467,2
25.776020661945235,2.600966557116046,1506.540688420367,2
28.014470292803768,2.660560182339072,1576.0668552456918,2
25.099675118029857,2.393898685622151,1495.9047200550715,2
31.924761592598145,2.7646714578971787,1489.034863713298,2
28.60600197721421,2.5186858260373857,1524.6478122964809,2
24.507279818605294,2.424924762214644,1442.8903594593864,2
30.6375700302688,2.6398734545114997,1551.3377204451278,2
29.798166826265167,2.4683103345028004,1551.098211090469,2
28.79752049685103,2.8111475275638242,1599.7157973360247,2
30.985062372956936,2.736051080044617,1421.592092860712,2
25.70675036162796,2.7397858381697864,1578.888493776954,2
26.733832132016442,2.935759466413178,1408.7581722711782,2
26.036100227905365,2.6172203308588466,1418.8791117081169,2
26.659605728373457,2.8225440913829862,1404.3861745447066,2
25.32458688976265,2.87982181137138,1455.6833323098367,2
26.416705339884277,2.3084834202873488,1424.9138662461633,2
24.778891588981015,2.4384127563812905,1406.3131598726538,2
25.54598889929143,2.416864127331973,1405.650992375162,2
28.53775467970317,2.501548560215875,1412.635918662021,2
30.044844015856718,2.5631796942832454,1582.3108135631055,2
29.980174426158285,2.779299901700321,1425.3554563227215,2
26.069534873637387,2.603680109828159,1550.6016322174983,2
29.043895366300994,2.6100282837136195,1591.2852211409108,2
29.83588612096617,2.8497240647712982,1492.3450124760388,2
28.409223624793302,2.2726735830577014,1415.9238911313578,2
26.166960621696678,2.587728695838475,1599.0552814373168,2
30.298214925913463,2.829800973421604,1524.5095032225668,2
31.352933787972905,2.6699425736993465,1589.436985947231,2
28.367320145498816,2.662351124714136,1507.680750813196,2
30.438130790897493,2.386731836007242,1595.0511628117704,2
27.166620534448583,2.6639088225525924,1488.0693261498448,2
31.442478329343984,2.4858718125180608,1462.470061613156,2
31.14018558661534,2.267721901427917,1468.0569985335353,2
26.089751003914845,2.4351667534759973,1531.9813207526513,2
24.88516784454088,2.6602728288700863,1544.4763177619996,2
29.436184357439366,2.24394105921398,1537.490525515446,2
27.822053730170964,2.470987053847294,1539.3981783520405,2
27.05191927487575,2.7210750030977007,1470.2522085806556,2
24.563069252638865,2.258954744166595,1536.5532111051643,2
24.494936956588578,2.824393015705086,1507.5634937773739,2
30.170339140608274,2.8056279282731142,1441.4283073265087,2
26.515104070219568,2.5080921954057978,1541.8713251465833,2
25.006104296446342,2.5860008376423393,1451.981068145713,2
26.979106998413435,2.2418585224765333,1497.1016258115744,2
24.393213810013126,2.6455880447629694,1530.265470702052,2
26.409062076031777,2.3019150594177473,1506.0705706049125,2
28.6429111510645,2.3341956558467354,1458.6634724147743,2
27.010684132494927,2.4812835034862633,1573.036781361657,2
30.2841370643991,2.7554200514865905,1511.3504746755816,2
27.47926410623431,2.573127585707942,1410.0004692776122,2
30.31342336152816,2.396598098586291,1402.8710153999796,2
30.32402377911764,2.433056561917519,1484.7181362884915,2
26.913500159384565,2.7671997244084037,1467.9833479784697,2
31.139708878349317,2.628407611980781,1556.5033673539629,2
26.468171225071274,2.439199192997578,1444.14653508706,2
30.25007596650254,2.803948469880656,1405.778267123031,2
25.046846642644205,2.8427779949208567,1473.9059332878717,2
30.39143970039109,2.8569142344291905,1556.6558213991018,2
30.83430580100616,2.3382440185384343,1483.7467943675924,2
29.60478736693802,2.2406443017072903,1479.2980769762755,2
26.672016656616357,2.6561801087876233,1445.7804231723433,2
24.42959255034662,2.7210944149563954,1535.0535101078385,2
25.28211312625262,2.340053539267262,1434.9815817954477,2
26.352898608508344,2.922459227379616,1559.63838018764,2
27.42545586611831,2.8610156566558307,1538.789925957686,2
27.791587430871502,2.500927071651462,1552.7617816865522,2
28.90618503495051,2.4926076354146876,1420.7312600002663,2
25.41502012496773,2.731855728385005,1419.9829400961103,2
26.98007416193002,2.929309159434141,1500.672098719009,2
31.65236236162192,2.6000566758041193,1503.4139001956848,2
27.10595941504082,2.2449764598502924,1552.0985885030586,2
31.835430832913545,2.2112605063711173,1494.9170657825618,2
28.130163012860926,2.497060719586166,1542.1934105374428,2
31.933095726897083,2.2958891130753822,1574.9237613069,2
25.383113239874813,2.6466432941098432,1588.353714880891,2
27.552706714315725,2.789195109329738,1402.7239947482726,2
30.41531206805689,2.5345865260897766,1598.8432045553302,2
27.268389451058408,2.397341666665348,1432.8219885209114,2
30.495911921560058,2.257104767191828,1546.0893722041067,2
31.35617400196933,2.2401034124413,1505.7523775864072,2
25.83046053263043,2.769791612501245,1495.7443614932154,2
25.82380756319068,2.4592894231701323,1517.7484403990152,2
27.08695559897413,2.764419235283267,1409.6187374907795,2
28.432861050984528,2.9302771852482166,1527.1116020810657,2
26.94796627660996,2.398545325256817,1502.8112205487914,2
26.478103585715097,2.292554425849109,1511.498416505331,2
30.009428395781562,2.5775970171632183,1575.729990382817,2
26.89623342734074,2.764316090084323,1590.0047246640247,2
24.37719261833641,2.706865475017053,1485.8474511719714,2
26.444024661351516,2.475570424004683,1530.4414070654275,2
26.708313628421276,2.309231497365257,1439.3618655882924,2
31.040435795587527,2.283552745021565,1588.892866959496,2
25.233310635963367,2.7346939246248017,1489.4898806295782,2
30.15800741537016,2.6610824627728205,1547.2957964703025,2
31.817204206660595,2.711629072614489,1524.1580065093037,2
30.524791239696107,2.26365009090351,1487.677672358111,2
30.188429200538636,2.7731179558091608,1448.579240835455,2
26.347758629623943,2.6811367467708043,1548.4522985910737,2
27.914281676395,2.2230288218239034,1573.521966982788,2
28.44071075552082,2.484630229799541,1433.9431909019465,2
24.582207733257963,2.556049608552625,1542.8433552572365,2
29.240438374453902,2.2455836605347477,1569.3589762855643,2
28.853924201967608,2.490268653793165,1449.3875947992526,2
24.333620384629363,2.446713483974849,1527.0683291470436,2
24.265601121581376,2.6566605910342,1558.5652336163234,2
25.836355228722077,2.7393899560644406,1500.6082636561148,2
25.158610777066073,2.668096719461275,1445.887451367116,2
30.782163693280125,2.8608224304704946,1402.3630604680834,2
30.862707788993866,2.847417104057994,1557.567850700571,2
29.922450429429826,2.5860266622293198,1543.0310768970653,2
27.1707121992434,2.555627977318074,1457.3211468967625,2
31.240023855385832,2.8319201258475966,1469.0680756999532,2
25.377999799183257,2.390576953372322,1583.357953533569,2
31.644092044798402,2.3962395716191507,1485.4994953475702,2
30.60681477378231,2.357699511308871,1507.0160431847098,2
26.893054109122396,2.2494680393959103,1520.5534810118988,2
25.739541557451275,2.7284326027200274,1510.4942129658955,2
24.12455675851029,2.7146803072704615,1551.130352780742,2
30.403624458672223,2.7021385810552085,1448.1847131902716,2
28.76605135937529,2.3103126716052977,1491.298665047206,2
28.018713802843827,2.6958028565465852,1574.826692847709,2
29.88272913610915,2.8029288393748866,1513.5797077108618,2
27.404679655323744,2.6397443823201234,1502.8984930759834,2
25.2400284340858,2.8650436097625693,1538.1199830753362,2
24.48736693299264,2.9449057529789426,1462.900415780009,2
28.630201381628368,2.299633676023281,1495.8682553539486,2
26.193926801666358,2.5370606043246973,1427.5060582962528,2
27.014737321886493,2.227321890798717,1417.9083434668896,2
29.83119511523817,2.6486630235264843,1549.5397984437748,2
27.050708097843682,2.38947492265159,1453.5599233689923,2
31.236468506082005,2.823731163647475,1529.7394964492084,2
28.739143159957557,2.322050526671839,1447.0931652758527,2
28.544105398198887,2.2774025068671326,1595.1571823846245,2
31.882644095782716,2.694648234265143,1499.9938354344422,2
27.135177369114793,2.8126835448133742,1588.7402920150214,2
28.532649946814196,2.9375540761597594,1503.4162206455082,2
28.117471511611566,2.2370320792031886,1515.6148129061548,2
31.392984283691113,2.3258374348974176,1424.2253170084687,2
30.529714650927364,2.2111771236273325,1446.0038888092772,2
31.11170929682926,2.2122080858593662,1538.3329935700021,2
27.087518540698834,2.5254778909277307,1422.9228661139452,2
31.28032601057294,2.5809423884820664,1526.275817449192,2
29.371784261932117,2.6185813083474545,1560.4076335977545,2
27.84677158086693,2.4896753724014538,1402.240816574903,2
24.668891240229,2.421603780180314,1474.5342692490158,2
30.374876683529642,2.4165729164800336,1583.4538351364522,2
25.881854408844774,2.6147743896918167,1585.711235283799,2
29.199005141494787,2.6808649622466714,1417.0104765737542,2
28.082678005404304,2.2355235102744895,1496.5175692384892,2
27.369121300163172,2.763306354543759,1571.242909953492,2
29.132116206780236,2.3462405583720387,1461.8660038838805,2
30.930836557295443,2.641526194939719,1566.4115051571744,2
30.320843881229052,2.2261519067193376,1439.711148639523,2
30.184757470761845,2.212676273232572,1567.0602154010487,2
27.23422163224216,2.3367845684485977,1474.0116563698198,2
30.524642841753227,2.907593807928771,1590.4993753763952,2
28.706610344600044,2.528151156198743,1414.906575279545,2
24.156361276086532,2.716773706559523,1487.182331730203,2
31.779552870803283,2.701331471223016,1484.4163600633628,2
24.736220244993312,2.209781434601101,1529.4609671726635,2
31.329118989167718,2.4243181124376343,1417.308349473713,2
24.722370189671494,2.830542596197552,1598.6235081294121,2
25.798363625215384,2.411644401782671,1561.552571426363,2
28.33323075317925,2.275428687401991,1522.8237000375166,2
31.37915861107754,2.6436109639827046,1554.4851848760452,2
27.755470218775134,2.592094559679789,1403.0088787783448,2
30.18404463301288,2.7701565902381056,1485.9793013627684,2
28.385878098148233,2.4206508212944184,1428.1653424768458,2
28.27436666045282,2.62560103851148,1524.3660157997256,2
25.274444901252643,2.65519993524503,1556.982328020672,2
28.22363586628913,2.604951710813394,1511.6060131123972,2
28.160312110048896,2.676459303306897,1423.6626557595707,2
28.233108997047335,2.711596146936036,1528.1677432139145,2
30.252714253328158,2.2544858874608824,1406.1269750758943,2
30.42280600019466,2.5215657370944142,1472.60426946511,2
30.751143638940714,2.627012270993389,1579.3584367290953,2
24.186989050699083,2.646026198026245,1425.3008395765378,2
31.546144133029905,2.2995257874854635,1576.2359048449132,2
30.11200410057611,2.4688800177791275,1569.8540254881864,2
29.04847791921953,2.6329841708339816,1566.2074027548458,2
25.494175754793908,2.2110194048065264,1595.555572328954,2
28.42636816828135,2.2043832702248496,1588.7216210073216,2
31.178578768470267,2.4764078300512824,1427.8400420259613,2
24.582717286584682,2.545739135674426,1467.1228803850663,2
26.514836667270387,2.9180026832098807,1492.1141288975743,2
27.655345218824586,2.729549755660141,1534.192841869523,2
25.103757946984633,2.4225983946682694,1520.424635983822,2
30.272466842808026,2.272428995045707,1534.5948544103424,2
30.678285458384813,2.613569361779765,1456.0661764322251,2
28.86841337160886,2.644165466741545,1587.9930766489665,2
27.48593963779635,2.3327696153673463,1428.1826549815514,2
31.54420104488897,2.450700569779948,1517.5269753850223,2
27.594232800805244,2.808372070121391,1576.328289502417,2
31.307303600542514,2.398250359227915,1546.2822561956068,2
26.131208355203142,2.2989177624056256,1564.6614991926433,2
26.77289156204553,2.4202363575222816,1497.2213131687627,2
30.68006658824512,2.4392203347857166,1555.9004582551086,2
25.01135236042059,2.8336913793048515,1428.3071877454647,2
30.75651269374153,2.4753766523503415,1566.1009073258354,2
29.682452951343215,2.213546362173354,1546.8634665754155,2
24.50695464802493,2.4994738289316594,1585.0681538941365,2
31.187811395059295,2.507506559091298,1590.1278287959713,2
27.67486525605184,2.3584540893916834,1427.2024859166834,2
30.780946544678017,2.552502027481121,1435.5250649200361,2
25.30364000317707,2.6199925061931455,1465.619671177006,2
29.768955998747277,2.790660597831003,1401.0113731897038,2
24.71167525562494,2.590127986587303,1589.0639735943287,2
30.534616679949174,2.3370761645636584,1537.7694610682393,2
29.736614075459478,2.3802778565702374,1427.2499442006435,2
27.357482378035066,2.4921145555093744,1586.7920779321266,2
31.393567856027616,2.7961309770444167,1474.628324815999,2
27.851762596721116,2.244188090337261,1470.2864541753697,2
28.499666133015182,2.7235112128018857,1589.7582740470793,2
24.731734580765284,2.6307707103256224,1594.9449136868502,2
28.883347283482564,2.83288037924369,1577.1817159760926,2
24.87365841752618,2.812211210598819,1417.2347296997657,2
25.487438227379542,2.2606531207311797,1576.0223881060176,2
29.950945398970084,2.3705595754850894,1563.38809261053,2
30.3515607381218,2.2399300837189826,1513.9023753049437,2
25.596876564255364,2.2246210328994813,1414.1760346437425,2
27.44150373897841,2.435432576465339,1402.9411673614434,2
31.655848829976733,2.3923192641104625,1540.1322123855011,2
31.903794089177,2.2649677787567857,1500.836002191905,2
30.28166069461455,2.6213307837660045,1465.445760934244,2
26.3442845479848,2.808046125504336,1428.1698492131363,2
28.5398958040418,2.5512439117573447,1518.6196156670644,2
28.584674788316402,2.84890338400824,1482.4250032672492,2
25.052040493200895,2.3928181291317303,1591.3099772814176,2
30.12792885992331,2.5100647023115252,1546.5404914142055,2
31.674689330125165,2.7947736504727065,1502.9340802515976,2
25.13000541790749,2.5556011926504856,1560.9546964032272,2
30.48749432196735,2.261981844975897,1580.339306250978,2
29.80282287439383,2.2530424269038534,1451.5633856241259,2
24.36323148928458,2.4638462564424604,1512.2960681676684,2
28.886190974907976,2.3663342789817734,1436.6351769398461,2
27.746176534438245,2.4225774389505523,1594.1640405083426,2
30.269372450749152,2.7462790244814554,1487.5700790524984,2
28.192143306967072,2.86098171187857,1448.3913158437538,2
30.970856900119557,2.3135379490666663,1505.9879363484315,2
27.245052567842258,2.4047563715596514,1509.1340041688409,2
24.31134234340977,2.5219501941342166,1438.751227540204,2
28.383629513921104,2.942294827761582,1599.2911744883222,2
31.12796600458477,2.89821170461518,1500.675964646387,2
28.377299744107706,2.925754753743541,1463.5838982465891,2
25.82281204358489,2.8908530051711794,1559.558725219598,2
29.04497581535859,2.837357242207501,1481.1784385368294,2
25.103197964441307,2.2355746317515988,1466.798499305655,2
27.56412862636473,2.5332501254622564,1455.3400437603711,2
24.400967621414274,2.4700795630867725,1523.974925779646,2
26.81951374292741,2.473166559418222,1479.4131788007255,2
25.64791986731118,2.3370791964001203,1564.9303898360329,2
28.752532961011784,2.6056316144964695,1466.6612996195456,2
30.125278194222,2.280355098708562,1498.676901502824,2
29.598697382776336,2.747964902748669,1533.2164823861613,2
28.80070728669862,2.8671124113736917,1419.9459745750457,2
24.66667729596981,2.275087795756942,1555.781836073861,2
31.531230293983235,2.271066042041557,1597.2560430864662,2
24.152772852320922,2.4464004706895426,1458.9863877060407,2
31.539435830425333,2.7114828723803077,1410.7966820698048,2
29.62157751185582,2.3261425668402347,1404.7586014958067,2
29.73669407492772,2.478211777579285,1446.7615683602198,2
30.540581102366275,2.899125649042703,1539.7265194959891,2
24.66526262060332,2.3328448615868256,1400.1300065114629,2
24.6615440050877,2.301424873893564,1487.5474764423325,2
26.509976076181744,2.7954146882524595,1513.1780614813333,2
30.97538351786011,2.2446407758290454,1431.5817354022438,2
27.341446087333352,2.809342018326573,1583.7945715349524,2
24.63151927706644,2.283245348207246,1442.919756267702,2
29.755794044166887,2.337319584785992,1575.701557616926,2
31.732899296161392,2.691007270401635,1537.2787216129907,2
26.077037360677394,2.675287386536208,1523.5270415839318,2
24.255924966219766,2.4118896620934414,1591.1723283451104,2
27.93850154280025,2.773738726468434,1540.8368947971803,2
30.75619847352118,2.5477716926203695,1510.1489067815505,2
31.44600262366924,2.7312227424783457,1517.9774383814206,2
26.929259815449313,2.221037749462511,1446.1199233925745,2
30.00796889240942,2.249322141603443,1401.944549355756,2
27.141363339891768,2.918044467331125,1524.408139610636,2
31.758677798751737,2.779646013982786,1402.4409639883986,2
29.520234995917225,2.634233658677996,1400.6008390746028,2
26.78567845380643,2.9032657602695715,1575.6573754765286,2
27.427265944815105,2.579861714010544,1539.7459387366532,2
30.082536654723366,2.248307098850656,1508.552213460046,2
29.01488796552604,2.8823929609384122,1591.082351239594,2
31.923885205622984,2.452608052718454,1523.07472469896,2
31.135255108729744,2.919883266159017,1471.8348344357432,2
30.07972155511634,2.38272323669476,1474.7599641770491,2
28.536657651690696,2.3098809449693447,1472.2691973863875,2
24.565293433264355,2.244493658882885,1592.7508212430666,2
28.555155869756355,2.633206774367289,1528.8250640321098,2
27.18226769990879,2.5213548750220123,1582.8014342618483,2
30.593982431143402,2.2440923594330684,1509.347063879456,2
29.737030591918966,2.558125486948162,1408.81776627644,2
29.56361477943889,2.381226933353297,1495.79639658474,2
26.136447053813228,2.7101635593472406,1543.3312891271166,2
31.651333225834605,2.696659268776954,1514.0551996950478,2
26.311808246776863,2.6357898740035814,1592.636030892358,2
26.999749115818027,2.368771224211033,1400.5558168778277,2
27.92621209969975,2.4827327126195438,1569.6132493712178,2
25.257404287706272,2.446068799913209,1443.5932415137888,2
29.063064834352662,2.8213317011169394,1414.5757071572993,2
25.700132547936928,2.484612206629125,1451.020774438989,2
31.19075157589692,2.337733669686331,1421.1535728862561,2
28.29791130153961,2.33782768835563,1412.229661088789,2
25.494161287635055,2.910268714871344,1540.4912900613224,2
25.195613039662547,2.7919576187878237,1461.5430538818687,2
30.848091727212008,2.2523080044345933,1547.4457543901426,2
24.25558636017547,2.2298753640231737,1579.0060429160997,2
27.374038746293202,2.707575171327562,1471.2338987652738,2
24.044948794675275,2.7732290705241742,1508.2027726706651,2
31.308195973277364,2.582827559038681,1448.595143875397,2
25.21173446693411,2.877139687072383,1417.677249586621,2
27.14065661693047,2.3649580381507707,1427.2162163499986,2
31.420147121339753,2.411192415448193,1535.667656860518,2
31.661502181010018,2.8926472126250795,1491.3077091188475,2
30.033896736887534,2.947016872628999,1511.2967100589788,2
31.85617247480335,2.5383607081507016,1571.4419730985069,2
30.885630022649053,2.2657951301205452,1518.6838175906937,2
28.748773561183572,2.517623298494247,1433.4974190521857,2
24.371409668382714,2.914938442277709,1448.0538776801232,2
29.368291723972966,2.8617289940594564,1559.4679013020864,2
31.07795433367579,2.3060989766804862,1474.0087991263317,2
28.16528601566187,2.2583032626053385,1492.3887490977397,2
27.706938379402644,2.218498081871698,1519.1675471158062,2
24.008778983791522,2.5336882485888963,1418.1668218987481,2
26.754017999282702,2.3215769810172717,1542.7388515352225,2
28.405846119291734,2.3356994091852297,1486.2898166484,2
31.659481714263467,2.274230993056865,1559.0523386120713,2
29.804457227006747,2.328187591587334,1470.5143286390667,2
31.283086152340942,2.7892572596175205,1504.4507944179336,2
31.278886585762084,2.7420920495182797,1537.2790908307463,2
28.52434713211437,2.5253011374161543,1554.560510981179,2
28.025063123496203,2.358576999989509,1474.2856760804589,2
28.40190461579568,2.2611647743563914,1517.7082521926231,2
26.50357881599516,2.762218493579421,1538.053476769942,2
27.76356143757578,2.727983281895883,1418.839274915635,2
28.448103756711724,2.233342801270055,1410.0687857723422,2
31.939322338886655,2.4547520319959215,1447.2666360121223,2
28.27982400450634,2.8062218772211907,1520.7747770221235,2
25.72757780952267,2.6106166734123013,1475.0875422487504,2
31.540838727627587,2.5813902395327477,1516.3768924468634,2
31.193717489980354,2.8027793670579673,1455.2221943910404,2
31.691559426907773,2.433243805540163,1410.6840888520428,2
24.767795860494907,2.5854352243511123,1433.624271634791,2
30.031942038343672,2.3218851823427853,1410.7948678398614,2
28.40959872089335,2.661281429759481,1507.3309155217719,2
29.002176459230256,2.829011994112557,1445.7276927460287,2
29.29988288554635,2.3166152957407364,1450.392404330791,2
26.219394462033783,2.5654560185264965,1455.7522247058655,2
25.69138012714042,2.2987593210743076,1549.8612148467514,2
28.19920502589778,2.2822796788031554,1484.292036256102,2
31.627890524659065,2.4699261582117957,1520.4886938788595,2
25.570264679259108,2.20765591118369,1425.306598448335,2
29.018422230171346,2.2097843248075657,1407.2231361777244,2
25.662861167113515,2.238030752597367,1587.4209235823066,2
29.567028412179212,2.3642631395852676,1426.240109101809,2
29.7355161570851,2.57352026640908,1570.097297326278,2
25.01753692003802,2.8568578897224857,1448.7398510767978,2
29.74281866514464,2.231071625082816,1555.369218825257,2
25.04514220376838,2.270152787964393,1467.0930294488905,2
24.37627866310823,2.3900992415614777,1439.4082903905003,2
29.45745545532472,2.8186588409772577,1468.8868697214832,2
30.34437755315726,2.3731068413792333,1565.635361432985,2
27.655344454026153,2.466894193726873,1580.618672943953,2
24.767630434698177,2.602951804311452,1426.4038335798757,2
24.568301301228225,2.2171883198531046,1432.3798253993218,2
28.7857196384465,2.511782930135557,1576.6920787289064,2
29.486301778452408,2.756722265150552,1493.9352919139533,2
27.024960867475816,2.6560888449151627,1572.1201210392867,2
25.272970830323715,2.761805637306273,1506.1771858009245,2
24.954653080946947,2.788868646114161,1452.7341295003018,2
30.737174866519027,2.7564055379920394,1564.2355922995594,2
24.535046674018428,2.4903245299600925,1432.4404718739327,2
28.53991270549058,2.801093829806714,1440.6048118157476,2
24.948123539674256,2.565135908205018,1500.2174422977523,2
26.935139918676782,2.617885034632672,1473.7148805988415,2
30.72990849123502,2.831075953895482,1581.4822351832036,2
27.684036609771653,2.764857191650269,1578.1849474319508,2
27.06531770431208,2.7253196566961773,1585.9723108306105,2
24.67290136637258,2.5841087416048083,1478.7432780296367,2
26.89336401584414,2.427397521480249,1457.3879447263523,2
30.10453652043477,2.3910517884446483,1531.205417269733,2
27.52780216725542,2.523613884252587,1595.939313167851,2
29.478862482677076,2.6534943705622682,1437.7129028995032,2
25.797757838222555,2.512624197511691,1401.7072279785586,2
29.177785849840546,2.482696611251355,1490.7230678048325,2
25.035806169897874,2.3267074777856864,1426.937926462054,2
31.056513597609,2.2881033581968007,1459.1035425195955,2
25.174864426596546,2.3623316078586343,1482.1871320388684,2
25.099563474633406,2.8215614866773264,1468.7045334888076,2
29.23636821239026,2.721569754856982,1453.311010708669,2
25.210444635236968,2.709383351624126,1570.0300716060967,2
29.08985775031354,2.916219835202903,1506.7601885422353,2
27.943938490697356,2.939746510577119,1590.0742019522836,2
28.94159401047743,2.7549289712092357,1586.0610312336146,2
25.180151262251737,2.380076560327904,1462.226980786681,2
30.56528489060496,2.2634765419625587,1520.1570266051494,2
29.46158625961937,2.3977522869814365,1440.2026393409158,2
26.710683811008806,2.379566455375561,1426.7955805661759,2
31.72555005326305,2.94199292593673,1589.4469402148322,2
31.792866525530574,2.33999424440207,1473.1266597907402,2
24.460825524608524,2.598721564016399,1444.9825692855159,2
26.08593636448593,2.3517301608772794,1563.0473048012473,2
30.47133449849631,2.380664223120818,1415.737115899333,2
30.675630650868676,2.836254616091742,1505.8003999285522,2
27.245342315911614,2.480396537744279,1543.7535945580544,2
26.95835947177214,2.5501783615631726,1545.5528414106434,2
31.329100828756626,2.6227866139736373,1453.7125982334903,2
26.646601366762283,2.5401485573577323,1517.3653032066022,2
31.159315927061556,2.798115723526279,1453.6502327348974,2
30.17670946972021,2.876115836479813,1527.1455665461772,2
31.5759155273061,2.4703694568968624,1447.9858330437335,2
26.965750608701565,2.554141103054182,1571.449269757948,2
27.144219719568444,2.898394978762419,1518.929446901263,2
28.022318028349147,2.9217063483235983,1412.7164280875147,2
25.668973917123363,2.410267898402027,1415.8157306568073,2
26.746060388419075,2.4774543167396974,1507.0972855355462,2
31.266069829935986,2.6295148942547315,1585.0586069207964,2
31.494771994252524,2.8877987735340156,1461.2698994696818,2
24.70030688135421,2.4562678671555487,1552.0835643993332,2
28.767556377804002,2.4423223785303203,1587.9902770686383,2
28.60573264248889,2.497806165937821,1568.8478998045389,2
25.453790850212673,2.8400864213107413,1447.905825098673,2
27.62560265482162,2.93562805508925,1427.3417729729374,2
26.94354181152103,2.7380533500863313,1597.4598260501973,2
26.125560711717167,2.4886044725172587,1586.6250363195504,2
26.287321809091516,2.9482721861509487,1590.7313887250004,2
29.205321225193842,2.6376409083348515,1449.5624747762658,2
31.178084978903122,2.9057189778357158,1563.3156033103824,2
26.40797941546151,2.4375511651083692,1461.7892536721988,2
29.747154582118583,2.241877404522925,1513.314249236359,2
25.760085741149513,2.777739917437906,1445.2010946039109,2
31.688404435364028,2.710502214936541,1403.6143944114262,2
28.273263254500424,2.7146938305210546,1424.396384500984,2
31.521173449208156,2.81646372837723,1583.9505093798223,2
25.136709984059404,2.2901854396577974,1473.672067716553,2
28.39186235944236,2.2692835650377923,1586.5064003422578,2
26.246810574432352,2.3173138108613824,1472.5496214861355,2
31.755688110467286,2.4095201131280013,1579.252232873765,2
27.463564568113096,2.8793826697700804,1559.5020956704834,2
26.078092710200504,2.8331061498091166,1530.0973696862065,2
29.42970088112684,2.2364570717090477,1499.4440171033077,2
29.142526505283918,2.3227004837413894,1529.6209498252852,2
30.526943068307965,2.218986305360688,1505.8073526783617,2
30.373061081256694,2.8564840604102533,1564.0711577945767,2
25.78051518827303,2.5335321794979224,1490.593269664134,2
28.61843773305265,2.500228750418696,1464.78276015332,2
25.506402206121635,2.5510229345601347,1422.2950239161512,2
31.288213912364565,2.6842791231018395,1409.3282683566217,2
30.10553697522281,2.725199471174422,1563.0582185871908,2
30.509371187646888,2.899321770316045,1412.5763610371748,2
31.42057257509535,2.4756157312103566,1529.8154317127824,2
29.266282378678532,2.234222712943516,1405.0634487282855,2
25.215864508381184,2.8422511470452982,1435.636280073953,2
25.024188522440944,2.431891577241804,1463.957721685044,2
29.300544550817122,2.909022279055049,1423.9830187341909,2
24.211758053554018,2.4258429390939464,1593.5319104398254,2
29.538397716984786,2.2925634229699487,1583.6946073436986,2
30.104510629057646,2.5968149468644874,1525.5093048425433,2
24.694756775759288,2.9450909493368775,1581.6866234467661,2
25.58767587671418,2.34858670371445,1524.4868745593178,2
26.808515412162976,2.3156310225916887,1555.113089666911,2
25.408082062392484,2.740634380803196,1520.186609990709,2
25.49189624641022,2.7446907615168072,1571.1890391776558,2
30.272744253047183,2.457977048649381,1543.8272988401784,2
31.730881668053286,2.4641866681757216,1578.6502627429468,2
29.2741910626224,2.359906489269126,1446.9262572353462,2
25.351807662890927,2.6799524733418134,1554.1715648989104,2
27.54155154388186,2.724482886954855,1438.0208222472988,2
28.177699721061572,2.6559427882040274,1400.2848346342585,2
26.908724597267156,2.55526106334025,1538.6985478226923,2
31.155215607983607,2.8236974888782553,1556.3717400342805,2
25.8040147500755,2.369977879654021,1485.3642956720405,2
28.05820723474074,2.9289946546857717,1493.9084863619446,2
24.733104283058523,2.236716197903606,1595.2246344970386,2
24.364493400540987,2.3405781640992873,1521.4268587497386,2
30.303297576880986,2.290594877104226,1501.1332777245727,2
25.26715939222365,2.8401551097626054,1476.2265965917325,2
24.78936231220719,2.568544147115283,1431.1941838211205,2
24.798213443411633,2.683604620277817,1590.4300403947034,2
31.84387246093881,2.3666960319110104,1592.5491698954638,2
29.422167274965087,2.674090009714898,1436.577000776063,2
24.71712451956615,2.844272609574693,1533.2441282179293,2
30.734516121761015,2.526056351455168,1541.4902936846686,2
26.09710696543052,2.844646966410451,1555.8701401986737,2
27.827810955065733,2.44323388622673,1550.7503304819102,2
25.04819304616145,2.3573651413228998,1593.972913867492,2
25.733527540096777,2.718138755014939,1430.5532532060658,2
31.618272314154254,2.8897319855842976,1501.6716540111413,2
29.07792348302189,2.7657859888342857,1458.407384535307,2
31.97710622274689,2.4595795871329296,1598.0779061769738,2
30.864514693055554,2.6245551423409004,1543.4709814424616,2
29.320032417226578,2.7139960588775685,1572.0464738967007,2
25.42910568322256,2.918765733877601,1481.005475010216,2
27.016215514125854,2.8157896642857856,1523.5864862693888,2
31.944464644046654,2.3582976525924577,1531.2179432053997,2
31.201745414114672,2.381682377121129,1579.4177675775165,2
30.32284633648752,2.559091342600956,1559.7476068804294,2
24.53335278362534,2.685815717548544,1506.314528071019,2
26.172448181916458,2.7127556554581007,1498.355260902315,2
24.836331118802615,2.3772360690290832,1497.1133659318125,2
26.52204246694536,2.8425788899449103,1589.9555791987336,2
30.177361674429456,2.6899008696620426,1464.7917734809178,2
24.10841643145553,2.6949935045376634,1443.950308523727,2
27.082934270770238,2.5009694758491507,1411.4663846920698,2
30.276360648085102,2.6979776482989815,1445.8477207584835,2
30.625375492578453,2.555144940261828,1473.0750030072277,2
24.506060380567966,2.747873178181325,1558.150831574416,2
24.36026342877937,2.4388153313738874,1513.7353942881844,2
30.394257317440502,2.902587617335148,1531.9376469661188,2
26.946299498467322,2.521089297406491,1544.0759767110171,2
24.576167051642727,2.6246698269607154,1583.6623991626955,2
26.737767298814553,2.5211989064046323,1403.3813976788156,2
31.466761748226002,2.2684929876191466,1544.1793045043576,2
28.739400564716213,2.3586399707436634,1464.2081103486705,2
28.376974016228388,2.468314526257218,1436.9725526276202,2
27.81728302260805,2.2003959544629055,1427.417571869731,2
26.0289675097899,2.525947593765675,1431.6591421763055,2
24.1192714614344,2.6670620180678215,1530.405794823364,2
24.76875186776848,2.7467231049852394,1417.9610776151287,2
26.45984799106667,2.905600573877536,1514.3147248680157,2
30.01518212058857,2.5224973505694623,1589.326983124471,2
27.22826936619028,2.598985227010378,1529.4532559125173,2
27.247867526789648,2.624796020360055,1504.6439684548475,2
25.72495550359448,2.3237302651239324,1498.1098993021196,2
27.87098182626511,2.2599271923185693,1520.3884243742973,2
30.16392989071454,2.2988887069999193,1530.406863077586,2
29.39960067061428,2.2212387784964345,1591.8287654803976,2
29.563622985886074,2.9228760469541957,1506.9530317509732,2
27.80123458199193,2.6085224685465356,1470.4833749491445,2
30.725280561292315,2.9019770380556857,1588.1409237250168,2
29.47950235436355,2.8750819175458133,1539.6567176177634,2
26.470139098347147,2.286466101571645,1418.339102908917,2
30.159707151784374,2.4466117533413696,1437.6752198202569,2
31.63050338700379,2.7040851182774523,1557.1275421652472,2
29.095473547868203,2.3362667525178282,1424.9378430019792,2
24.365445504101487,2.290788537186162,1413.8506164431167,2
30.737319232435166,2.7809468050437354,1497.2579908483538,2
27.025087432401623,2.944890488401735,1512.6080716253578,2
27.64875845906382,2.8912456152071755,1495.987588177454,2
29.687731567021707,2.2008929584563552,1484.1729789497995,2
28.49009921933813,2.4967324162246864,1461.8373655449682,2
29.323050246388632,2.5264438276909953,1480.1827390458343,2
28.579166856278544,2.64481439394954,1584.6714486323438,2
31.078508135139728,2.266770164779143,1563.243148030797,2
27.085255377920056,2.4606690493969086,1538.1252422788855,2
24.270197764452192,2.8434257123468027,1406.6052496776783,2
27.25364835526132,2.464752494067334,1539.806318611787,2
27.76207817788004,2.228226291326042,1547.822955826105,2
31.800411955857253,2.623784729614619,1523.291740099298,2
31.703088430428686,2.5310345713742723,1421.981991652745,2
29.079917881812612,2.687555394087509,1427.4706372161354,2
29.567563496837433,2.367055120623277,1441.1777303361077,2
29.55777194326888,2.6451733406593183,1543.8031688451126,2
25.433970056057383,2.46232342856073,1432.3023997679595,2
25.288818208138498,2.5101441003815523,1441.274013260851,2
26.39767731635396,2.940586106171998,1570.665073862692,2
28.912652152179533,2.8871238547816143,1524.1529849915787,2
28.476728906661034,2.627437581662744,1467.0798385317983,2
27.147767385761792,2.891952433148546,1482.7895010373877,2
27.476996257782798,2.4239028288370443,1466.081516077696,2
26.093801788965404,2.8758449279261513,1584.669152337551,2
29.962632311666408,2.430543663962018,1451.4795732283064,2
24.58395146082086,2.872515889473367,1522.3973425050262,2
27.164175425135223,2.896002274398584,1517.8176525899592,2
30.02385196730262,2.38184354435904,1541.1374404203148,2
30.861798778681678,2.4068409598152303,1490.1780803279412,2
25.811319623882767,2.8606881465928957,1575.4146850256889,2
26.110354841779245,2.5943684031762397,1535.2043268632465,2
29.259061318612588,2.6210179290063906,1429.2208287485373,2
24.38195387085205,2.4461410043789313,1484.025648427462,2
28.84351001518667,2.557771030013707,1587.035851506183,2
31.906617377735344,2.70175589407369,1506.635720495202,2
30.164296202798894,2.591788720615042,1571.6267182435952,2
26.156869775042473,2.3868829139938206,1420.7222684731157,2
24.063808798653266,2.8706621670736867,1514.2013899170504,2
25.032710079026458,2.7184539603442164,1423.0287058061679,2
27.829897568326217,2.2325137962341133,1465.3646965345124,2
31.193902245260816,2.5889290877492037,1438.543278406658,2
29.042378050670347,2.788276757371418,1474.108805264053,2
27.780941057226237,2.6392038367609216,1571.8287017609864,2
25.005287530260823,2.3833253875942564,1408.5821469154525,2
26.225101325910387,2.5246279797419344,1460.877334149929,2
31.431203130727308,2.311286275406561,1522.18768331922,2
28.53258824673937,2.8172203832904947,1428.2870291132315,2
29.898373715558147,2.466828623264857,1427.2720840257184,2
24.918389928581725,2.7503791469919,1492.2941868503667,2
30.867773437111516,2.848239361250246,1505.753002624182,2
28.759244763350864,2.3427359394585756,1516.470055784854,2
29.02403555378561,2.829687164750062,1592.7684724365427,2
28.443017896409064,2.5226830883185514,1561.2328858358878,2
31.381583009580616,2.6571129580125263,1588.876366717792,2
26.08873168860771,2.470372159141398,1459.668927176524,2
26.07499925468939,2.445442059244302,1477.5772589762319,2
24.67713654473299,2.367116714275715,1508.407951221958,2
26.967892888072605,2.8637635056192257,1459.3246815953387,2
25.468537401586396,2.821610178094706,1431.5142660331549,2
29.365988060287336,2.3017988959335844,1571.595052255185,2
25.559222418667517,2.5431394712594626,1436.6223190205144,2
27.252619755739705,2.6920174597266024,1403.743313701835,2
25.855925599532465,2.5380716855500207,1515.8891132707674,2
28.035477563229293,2.7198598262376925,1560.199249771286,2
27.169960485782084,2.8161658030391052,1566.2390217602556,2
24.261356327066952,2.7936022972777854,1597.715316637666,2
29.209000844585454,3.342151124340067,4345.882401765597,3
28.55264692666265,3.256115955682738,4130.141595909502,3
31.674106362469377,3.2305981276722564,4207.271790735976,3
24.717364647783825,3.332532834965406,3731.4560278042636,3
31.11414857423582,3.21288225869211,3395.980445156225,3
31.948375942560425,3.260419614922761,4262.367112141004,3
24.467562803933962,3.245676178539636,4191.114885339672,3
30.677721462643902,3.3894498363836583,3245.8909145356606,3
30.520533893053802,3.3219003900055886,3421.2160518896903,3
27.126747568746833,3.2362348056561587,4127.658071538987,3
29.838661722668448,3.3507783396874093,4138.40518355418,3
25.59176261431228,3.226695313334933,4491.030408820687,3
28.98886786658811,3.246754623963415,3205.3019696946913,3
25.075536389958206,3.2802545332515494,4487.2682589188435,3
25.72420991685457,3.3755629435330046,3345.3530111903538,3
25.755676698521885,3.250727777791458,3703.200594544551,3
24.541766508463812,3.3384516017479533,4005.820954162289,3
27.422210263211323,3.291258849747777,4399.289203322394,3
24.085649337621902,3.371180555860502,3213.8496839931804,3
27.827104962448626,3.3219922309329712,4126.604738473387,3
26.521509602613655,3.379729000849117,3085.941634842512,3
26.22395209322899,3.274039021448209,3085.019010575746,3
31.53249704262683,3.2346083118174005,3347.014690230336,3
28.653769645460166,3.35391649493324,4224.281036145738,3
25.365018560587632,3.205808677102305,3407.0089980765547,3
31.343198415682394,3.358480751710847,3070.9534020606925,3
28.321470099449463,3.291690532964619,4419.875473993539,3
30.3964393485503,3.3618998851498945,4195.947742343717,3
31.33817063394622,3.2032771037382886,3681.8741081493445,3
25.304354128695238,3.2326813171236477,4195.8059607332325,3
26.34139263940568,3.376216008325368,3088.676046830271,3
30.51459365359986,3.3444424680077836,4374.521444500661,3
26.07154802444898,3.3766195648110875,3694.392355045239,3
30.20950329056033,3.2203180578823343,4376.09906925227,3
29.137544908288852,3.3381967641341572,3482.351274411645,3
26.083600843782424,3.221174169514028,4180.202948255647,3
28.80576169107647,3.372453104232068,4388.563303159928,3
24.400371514935337,3.2719521517154853,3812.8943594385505,3
28.29458349182589,3.38409963911877,3231.9751591692943,3
29.421106068441922,3.325784461421278,3509.8781210718903,3
30.977678771682623,3.21281780180317,3234.1722055425507,3
28.790377619272665,3.3605328901943348,3877.814985700918,3
29.50474073548568,3.2770554771933003,4137.6159266392215,3
26.253979367769453,3.2509444920940074,3761.192720713734,3
29.91598076507049,3.389430863033839,3728.716211158086,3
29.017608415342956,3.2902739026746204,4154.362039296272,3
24.610473143722366,3.2372613729532507,3195.8561002814768,3
24.687621413429166,3.2094292553055674,3796.8428626312057,3
31.728082091421648,3.208392726236144,4045.636723783886,3
31.8601617031312,3.310559783005608,4211.206282976282,3
29.941978252779887,3.2099993238890314,4374.579844835343,3
31.807983750033827,3.2147867820477707,4282.73156206441,3
30.903630901836106,3.296946251826507,4040.6853463578555,3
30.383501984434098,3.386506480314635,3897.7980858715237,3
26.820174223397316,3.3175513907844194,3929.5201126877855,3
26.01455323066979,3.2709919291409895,3897.6682548537165,3
29.881749205931992,3.3794799771373243,3164.9785610101644,3
24.81618929938456,3.2351005779834168,4358.068738168871,3
31.5627715818769,3.3496876586296067,3375.410236777721,3
28.4604504975321,3.2363575803690403,3033.1745588609137,3
30.857240098074755,3.2299307035570473,3170.3673224906997,3
25.409180544429073,3.335825440765176,4027.963720146957,3
26.085384642547524,3.3758140141458046,3574.3677109714304,3
31.664912175676683,3.381754325621275,4110.316825100593,3
24.01206181599832,3.307915693247995,3294.0575196991313,3
31.80929579078536,3.258885528597298,3664.7851089755923,3
31.23874854049169,3.2037043367396794,3753.802823991225,3
28.14851948613499,3.301714914439947,3870.585802821446,3
26.644748986467334,3.2541924245128406,3032.193529776147,3
25.32968086065795,3.3720362802955375,3921.1606513335682,3
27.020185277816964,3.3014973680441897,3524.6919424309267,3
28.896619484787507,3.3749911938804713,3285.0102681535946,3
29.45496800233096,3.2993670392891445,3936.247154737146,3
31.230189989904126,3.27945219043961,3952.3565953913403,3
25.67362458467235,3.3895257292354826,3897.001259177031,3
26.532259250528504,3.246634291511785,3278.2948049535858,3
31.370255201936253,3.2948330600841444,4192.3908145843,3
25.280143792155297,3.2717385449517353,3231.262828709839,3
27.346886878046597,3.3771644508829226,3524.585233439227,3
24.669719644889824,3.3619042420455614,3201.5980190682235,3
29.232958636813485,3.3145409237222787,4391.242226282837,3
25.207275008709978,3.257167506392338,3107.9324683066297,3
31.392484418433032,3.391010048879589,4153.138789805461,3
25.746930422904583,3.2303269529214687,3477.301422807508,3
30.059606710960896,3.340226284536072,3603.9325676385647,3
27.48713315989755,3.292654470605217,4080.5821242238108,3
25.2333546069713,3.2817211094086773,4240.175542548389,3
29.781758922139346,3.3328160610257767,4430.979075116278,3
24.341963197676208,3.2753966422021357,3503.5015244201177,3
26.073671556919955,3.3028744116828856,3969.8143888754093,3
28.409798701980257,3.2194192084588584,3307.9393135536698,3
24.855753196658807,3.330940256324872,4140.664395184432,3
24.323579969621264,3.254522270819391,3802.1146071229114,3
30.807931615379424,3.3408744958870695,3236.3938472292148,3
30.551376381061445,3.216741591955394,4275.9050896585595,3
24.754889723644066,3.3657671379639145,4173.384339998125,3
26.976905569385487,3.2592145048251178,3994.456673380979,3
31.06748623327331,3.342245759624972,3807.951282794229,3
30.95784160109998,3.3086879736440724,3804.1424085926697,3
31.931471550551855,3.259590850611969,3013.645713104813,3
30.10860732691581,3.2219470553559635,3490.7482114356285,3
28.450176151826007,3.2116975283465736,3464.6465267706208,3
26.44475762546519,3.2267130432086764,4255.393431610653,3
24.007679941808,3.3589224925462413,3267.3143839721074,3
31.424549192337757,3.3831132559961645,3747.244198217422,3
29.106247575546348,3.2960883084603427,4248.030545981257,3
28.166247804599536,3.3551876764547064,4439.68432498863,3
29.10244705687324,3.256353795447546,4305.45420851219,3
29.991474646973145,3.355014158405894,3179.009180546509,3
27.48275528694513,3.22586023541944,3444.9952519692292,3
25.442340797888818,3.322103001387282,4072.5736645632446,3
27.4889497046866,3.2289661141917794,3113.5804710370944,3
25.46417385441707,3.2611276547464385,3096.8818047207797,3
26.274576852506108,3.322346847136223,3798.3144110010585,3
30.366701482092157,3.222553579928584,4099.375645838012,3
31.501287252371306,3.3834073154329873,3852.9595880058105,3
30.894978564978707,3.3731682197927184,3135.9813544908025,3
30.901606834828694,3.2893027009866005,4238.248142784586,3
27.250010167844742,3.321882072976323,4465.169579325888,3
26.221480642281016,3.338130938301751,3145.706079802512,3
25.287069172482923,3.3396617937075534,3167.229603493947,3
28.396421970123196,3.211402611761302,4312.8998931538645,3
27.37798669396766,3.204187354054303,4032.5951516326068,3
25.344732028617287,3.2004261896943866,3009.0685844675113,3
31.489969563288,3.349599148573419,3809.3228115264637,3
25.54713431262802,3.2792059334941985,4309.579294677416,3
24.030790765390723,3.3263616607284745,3490.6295530841503,3
25.435683445343543,3.2488543583248495,3794.6607815982215,3
25.87954649626215,3.3419568747310504,4403.0410167840255,3
28.425205808228995,3.2323677643014563,3627.476844167966,3
30.48253373002675,3.234183218568541,4167.751764865729,3
30.138450957027953,3.2124895528847595,3677.2016954255346,3
28.271854978651195,3.2864391090929717,4234.129795578312,3
30.050292100676756,3.3867124769748234,4286.8340598827635,3
25.418483247985627,3.3111620008840315,4334.413551680795,3
31.056113056664508,3.3003203326603976,4339.542293315093,3
29.38539956746124,3.376552790343372,3306.5661059135255,3
30.516458897808324,3.28150180861373,4120.728756344835,3
28.045265456212906,3.3269999475986434,4325.025963060765,3
31.70780059947556,3.382610191123672,4125.313758581132,3
30.143709087520268,3.2354066258633876,3682.858820922878,3
25.982657279613818,3.3104299952159866,4447.733231162132,3
24.869281292010573,3.3946294994270585,3285.6180018441655,3
29.310592085471242,3.3582203882289696,3302.486501829351,3
25.804870648199095,3.3217547597771206,3149.624877697731,3
28.32451408202342,3.3016203622983245,4456.253869715965,3
26.79462092505166,3.2373669929222566,4106.02251013018,3
29.826583257683417,3.2126601376061963,3715.8292063454155,3
29.665976580255958,3.3528507690672327,4411.520833624717,3
24.158278787497316,3.3905335171455935,3723.9354487137457,3
27.08514196246695,3.3301285237721334,3634.315412145264,3
29.03319732685993,3.274046814181688,3873.419758702853,3
24.050191559481863,3.379770791432757,3807.8011721778466,3
24.80360924341086,3.3308378380734007,3400.3351580857934,3
30.162596230212472,3.3242339821568665,3701.1662351298446,3
27.556757447512297,3.2819503115367574,3691.505823078849,3
28.02534381716213,3.222133799422299,4454.935542341604,3
27.351994012567722,3.3706457593042267,3965.2340027926693,3
28.32814226703519,3.2597817157953135,3991.4509899744417,3
25.425560637380137,3.3351113870987836,4486.022953343165,3
30.57526914667394,3.2301350589118827,3586.793064698046,3
26.949115615840622,3.390668205651604,3599.481408255294,3
27.075777695400678,3.2341629856998257,4304.9465362913825,3
28.597969164218483,3.2188401581918686,3486.1855005836323,3
25.63312013793277,3.3233485318828073,3890.1717458567846,3
31.128873047377116,3.23250152966891,3489.8992882076654,3
28.818751768638414,3.3342324948834707,3942.7835948471457,3
24.072259710073247,3.2888675298365566,3447.4944230989,3
25.092029486854766,3.3723306352016773,3034.6897458816516,3
26.14493659898052,3.295035903368472,4147.483439120624,3
27.296045865002355,3.3180531337685326,4495.526794191187,3
24.503433094291083,3.28757455136492,3928.485099204924,3
27.875449718331915,3.3124871730861774,3830.315448395822,3
28.762311962681075,3.261398705372217,4019.893784691004,3
26.039280805537103,3.2703886668169257,3927.092592128081,3
28.567828612579504,3.2811256204184884,3113.826687354288,3
28.07247151097901,3.360545540762339,4203.172007155406,3
30.775839108363925,3.222508912400832,3693.6029544886596,3
26.31180207961176,3.291667109011095,4415.642113955622,3
26.74690146483528,3.2797335993246377,3872.705933243899,3
30.467418106390117,3.221363568301859,3571.850141779765,3
30.21124586965322,3.3067408383309163,3398.566427005333,3
26.528296769253988,3.3584670478178977,3250.8312708561057,3
29.12007787911711,3.3612407079257047,4313.881581417168,3
26.613336143782888,3.234180270311635,4253.705706995405,3
31.892681362116278,3.2328052794910547,3210.1719475895766,3
27.669447424357205,3.279341523945652,3435.527099615056,3
28.81463449607681,3.212241309908149,4259.961057201042,3
25.433131949338886,3.306928257396167,3379.7413405514903,3
28.160667664073387,3.3540344882330886,3001.816607600947,3
31.01807859776163,3.3146268793278106,3285.7408848444084,3
29.325803149014586,3.208229801550329,3724.2189457966147,3
29.334058333325594,3.308171420620479,3356.2048246239324,3
28.760035141521296,3.2947453636853568,4250.2779285688775,3
29.94810265271923,3.2211972617407625,3522.1018444193533,3
31.87398397120796,3.2473124802329676,3224.9166073743704,3
31.681050744478593,3.3576605578818293,4372.8826595401415,3
24.3779463768382,3.242570813068635,4019.805909849891,3
29.761630796812614,3.351954458175339,3605.5422929348942,3
28.737390988385947,3.3738877516665373,3895.063891339902,3
29.160394501883133,3.2034574790465244,4452.393167127096,3
26.859491132939013,3.2585567684428267,3837.3792673969847,3
30.138032946904495,3.2383163792274416,3657.9741048227484,3
28.33089844375649,3.3689341469067373,4485.800618886876,3
27.455945637752144,3.313896444517056,3754.477764248802,3
27.83881896221522,3.3442026747945937,3030.239009863048,3
24.946521254230706,3.2944208177357845,3622.253642427937,3
29.14191244862353,3.2069838941562625,3170.3848709307913,3
30.000961852314767,3.285545358616652,4332.944842772262,3
24.98300195024046,3.2461852390637747,4378.482050740302,3
26.42412876782977,3.393785788494445,3198.1585317446143,3
28.762448068746476,3.2086531719466964,3726.4379988842743,3
29.32212122338677,3.3909384286730577,3838.3805122724025,3
31.433004999212578,3.3637000410505324,3561.963642486089,3
26.407067831754595,3.207723872926578,3213.503306733882,3
30.224950082662463,3.2233658303672184,4365.331627256761,3
28.890254652342588,3.2872375918511194,3717.05250365476,3
26.523411031510765,3.2850940417768335,3268.21238766738,3
31.51152568191936,3.236160007305271,3913.8736292635176,3
26.65428174948167,3.2430909707127067,3953.168204379282,3
29.279252129488896,3.2879153650896673,3045.069941682153,3
27.991231519419145,3.296080063135574,3583.807655781935,3
28.329470830474715,3.336946859636109,3489.1947747482045,3
28.778301788737615,3.320156454201152,3490.0601240390015,3
24.77111124086995,3.3648178962138013,3348.4086297007793,3
25.80179335549711,3.201221328212468,4245.824612853465,3
31.755593248437634,3.257493971784438,4093.252580197152,3
25.745290881492338,3.233244828435059,4243.520308411995,3
31.19576654409957,3.2112713202883665,4111.792458366276,3
27.15509159134184,3.331682406641297,4419.810776665921,3
31.444146208102794,3.2135978921194313,4075.9795955041045,3
27.7784114025133,3.3846271422189487,3960.4986695992675,3
29.066458640689287,3.292662886522194,3236.422353073749,3
30.179207162302728,3.3072143415250452,3818.821133014024,3
25.971046186535688,3.2693010100061968,3482.156540578871,3
29.40085412986451,3.310828769690877,3257.282815152675,3
28.67564747742375,3.2610547679220305,4022.2205055334084,3
26.770202704664655,3.342560530989196,3469.629095383013,3
27.2486417362485,3.39549967274421,3492.2099144860435,3
26.94594714730667,3.216806679142455,3100.7736084092703,3
26.687905962242898,3.210445087446411,4277.667538810234,3
24.377308867172765,3.2617027649272776,3140.026464605564,3
27.585894850141287,3.261451262636848,3707.9522747937685,3
30.117486141092865,3.3277257147652266,3535.576391151499,3
25.129168587777798,3.2876720814017135,3793.857669792834,3
29.94679920990317,3.346449734711344,3169.0903415908438,3
30.315765729195146,3.2922488199458755,3535.254269430718,3
26.40224204673337,3.361155530780527,3857.043027019009,3
25.595510379073467,3.2578769919982635,4352.05171945653,3
25.6253962538628,3.2666740078201415,3733.0072551839585,3
28.274524750130485,3.2444491076398427,3188.092835778347,3
25.74218591578515,3.216629177143942,4181.4854429356965,3
29.5070467115068,3.2479291853688634,3966.8203124346383,3
31.347553348593436,3.3960806074473555,3641.2588992534,3
24.29947653490185,3.294886853554886,3802.886892643176,3
25.400660622840228,3.3827217378568895,3103.407750677965,3
30.35523111665775,3.295983804081835,3713.35153553078,3
24.077141421153605,3.365441984765011,3652.757606027631,3
26.527757566229774,3.2125189756057577,3273.1273742185417,3
27.561362724990218,3.2611459127196576,3490.7453810182706,3
29.2871506340925,3.385316434990522,4093.678877446151,3
27.861047375927434,3.3611554008487596,3768.2749547209874,3
24.812217325680496,3.3129050118676977,3161.9625163972705,3
27.398846249911728,3.2956732350408906,3439.513507832179,3
30.954852246136422,3.2993128047699067,4103.095779562794,3
27.541544660467313,3.2757799803219965,3244.7153314213624,3
30.472577357142598,3.317770066756222,3098.891304429013,3
26.483133091001744,3.241980029364873,3594.684611966394,3
28.701286173141074,3.3151183519616017,4333.099555415883,3
29.03283988200824,3.2860023249119417,4457.531511114141,3
26.731640401641027,3.321918276827845,3863.098233209327,3
30.32237291508872,3.3378987461878826,3169.136134514869,3
28.25812784407004,3.3108207171265547,3720.0561507983853,3
28.619515539226644,3.3062583430199637,3351.694862530811,3
31.44898973010529,3.3417740484183738,3246.4250211544654,3
29.634173934756777,3.3080605158127114,3614.9885267741465,3
28.176537769467195,3.380920421015456,3256.131579631389,3
26.358472370497132,3.255387070381824,4406.886629561968,3
30.21183189849274,3.25950816067942,4126.872781960707,3
31.207552065811903,3.3339983889685154,4086.5715207105422,3
28.662711404008398,3.287608084336961,3841.9989688645837,3
31.014733694251493,3.3647770431267174,4334.859576880389,3
26.628747322267856,3.3419957512185197,3523.445688371333,3
28.159194298173094,3.389089571711887,4113.103986759719,3
30.740696167489038,3.210268426208422,3216.0453763910696,3
27.52885906369641,3.316761397514881,4096.960989286608,3
28.873621681948492,3.379438805077336,4268.746796527274,3
30.708733145831744,3.3640003370309755,3449.5603534929123,3
28.323583256455148,3.327859550131017,4361.048566162279,3
27.614825719518286,3.2163898579211865,3022.5686758564348,3
26.62532959882097,3.316119899644138,3449.5738045941307,3
31.723890022199875,3.3850881074797083,4216.516891190584,3
30.31926049386715,3.358961006888695,3309.9599119928153,3
27.970717952284183,3.374769726633841,3785.0853588162054,3
27.129748879792842,3.3046740131151844,3125.417265341845,3
29.808955622770654,3.327639064237006,3315.6701477521397,3
28.02221991668457,3.350397100201871,4273.532999657301,3
24.912615524253887,3.216383206215683,3369.396772734986,3
31.888571976771356,3.298336821547586,3808.617109683154,3
26.200817939356565,3.383287118876814,3865.080174662347,3
31.100063730541834,3.2045327838329802,4192.595302180764,3
29.253529364879125,3.373293267139898,4265.721350636206,3
28.58286920966357,3.3691846313579736,4250.2583754654515,3
27.56235912251534,3.3154184386834413,3556.2393820220136,3
25.18245569230759,3.3722886121648927,4386.992891021182,3
28.681608927710403,3.2442022320972574,4184.188639626872,3
24.715442158460863,3.3658117825642124,3470.308377057506,3
28.036740513948263,3.350171595842641,4132.061705791552,3
27.717435596059847,3.3498004511175883,4153.434500823659,3
29.351487655545288,3.2390317739941725,4010.328489441061,3
24.15980152762704,3.3488826410793333,3183.6689468244776,3
25.929048942760517,3.316898605346412,3016.642414090641,3
31.668207577326832,3.306527652033642,4279.394086537393,3
31.87807097877923,3.261474754116537,3969.831143709594,3
26.521192929122552,3.224252516393884,4085.53691140906,3
24.33810028874682,3.2118141616733142,3797.147066614084,3
30.610814245641915,3.3595202194170124,4283.522302448231,3
29.73743087786537,3.2085432995608554,3492.28267196144,3
31.034556873776257,3.259867371934917,4072.2358369461954,3
25.652672612694555,3.213935759523179,3515.5332889710858,3
29.577279972736523,3.3574035592838074,3744.7878355477505,3
27.032917187066435,3.28041139712909,4372.603900539624,3
24.630927158417283,3.3380414237807376,3764.9758443550472,3
28.796670818385078,3.313669987388471,3314.2697040698795,3
25.935955929665514,3.3237363905613924,4056.7674468879736,3
29.013050635687314,3.3089105342652756,4463.16617983467,3
31.81257753081773,3.368310831443956,3645.8725083949494,3
26.933744408659287,3.3911252756296077,3676.0937799500152,3
25.97048205649544,3.330132304630149,4291.300491633751,3
30.56329085681281,3.247881757594322,3731.5277751876533,3
25.48749913913419,3.2693434712139577,4315.953894156363,3
24.81009592889731,3.258035463461428,3589.9381876798097,3
29.43074134668376,3.208517467469014,3201.901864995363,3
28.06446480220637,3.2479968390934717,3729.7524164422184,3
27.655485870133223,3.3710520627474905,3817.508708075862,3
27.374593674943952,3.3531418646129323,3567.9372646911365,3
24.037487884945598,3.382822518422267,3443.1829135228445,3
28.169920091760563,3.27554219783431,3383.0762408851137,3
24.549504030764115,3.3409590761109556,3618.9007843489835,3
24.279695385295234,3.220968621408123,4498.764791661168,3
27.694617507392145,3.3897579376747156,3952.2743872595865,3
25.63790168373359,3.307082642424393,4227.384786468636,3
31.3523689090975,3.2819189486328297,3399.135868491513,3
31.802503190833626,3.392666912264287,3057.1726442514,3
29.35423055650094,3.3093725875038245,3203.9180066818894,3
31.841033709883284,3.201654512083618,3214.922172996573,3
27.357587409527934,3.284444135627629,4400.506762630979,3
28.072881035349518,3.220489718412306,3951.006250742714,3
29.411457673942337,3.2906575279177117,3793.7739515730127,3
28.63209290682773,3.3183955346301026,4191.576145789851,3
31.412520052290425,3.3150688937481663,3863.1239229376197,3
24.3592288147443,3.2990594214232742,3390.9314648662776,3
30.049371711049293,3.3834885458041364,4290.540326741423,3
29.013569412540797,3.3384110822079567,3006.3870827327073,3
25.389603207894158,3.3011312626847342,4145.53352497098,3
26.22575693955925,3.3227332182364875,3682.062776804908,3
26.156979374359175,3.2639802109515648,4441.413575765169,3
24.895086637477792,3.3413823727326535,4246.90607053278,3
30.13535388282843,3.3075275149175773,4339.24222096099,3
25.086278250566618,3.298191996102461,3680.815616067925,3
31.10612786987698,3.2042545968917064,4451.785007266719,3
30.448352787065254,3.3919711076616506,4477.693840359207,3
30.310689455608028,3.3515117919202857,4258.87643927573,3
30.566087440907307,3.355131932677095,4148.7342487176575,3
24.280918312257235,3.261013375143872,3313.188614803409,3
28.031014368534485,3.30454349056057,3098.44364644869,3
27.947341335150387,3.3096753425447543,3665.338010275345,3
29.979303142973436,3.392360115814163,3334.4445996337745,3
25.87229139890963,3.2809405956923436,4141.710425226909,3
27.596056998606,3.365880018846793,3142.3453410907814,3
29.739681005980298,3.321008570510829,3934.4102981746446,3
24.901736673240634,3.390302782280902,3290.3090774227976,3
30.607237257773612,3.3746695316122937,4454.017614675797,3
25.490317675170367,3.2255432581840426,3200.727153909747,3
26.116058992595928,3.2333717494754324,3060.2393219830146,3
26.09572858022571,3.331041756044898,3256.408145589175,3
30.959125771084054,3.378887735433865,3917.208441691402,3
29.793289402268698,3.271219896450952,3693.276109455465,3
24.058582441123185,3.3515923832051433,3100.3608455397243,3
24.452776831822163,3.3380282558422505,4034.511103590996,3
30.710925263414055,3.254422278850831,3847.9741999836424,3
25.27648826066986,3.2742462828723053,4171.393883623607,3
30.721509549071687,3.3286493093897156,3090.1863543425115,3
27.86176948038262,3.323225127621839,3149.0872330901957,3
29.074334259247596,3.228888571477232,4126.2286247558495,3
28.351889130599382,3.2931232184591313,3881.485184912044,3
29.883029672981557,3.294933888541197,4116.868797348977,3
31.86370863054748,3.3731100304921,3861.9300479509225,3
25.637488793333304,3.2354912137585794,3118.114802761315,3
27.968071332095974,3.2597094622156786,3217.0854591436514,3
26.316900850176143,3.2530029458290066,4335.220777035891,3
29.16548941573196,3.2427969845718017,3629.4048067660515,3
24.863058360431754,3.3656874442426217,3078.3749280209363,3
25.539351243107244,3.2765143819538363,3648.000114900812,3
29.50033815988794,3.243022446409256,3712.861820578477,3
25.19447431243392,3.2798712588081522,4041.9933986331803,3
25.358681741719874,3.3868500231652963,3228.0181989131497,3
24.281183304297777,3.3189113636839704,4169.36975879849,3
25.891565584595426,3.378652502302211,3621.7427636268817,3
25.08433562934866,3.314248247981654,3295.6942205018995,3
31.667489441853842,3.316678477870192,3015.954619102979,3
27.718770711171395,3.320983039309067,3046.0075730222375,3
24.766237526830007,3.248679001832845,3500.973991312214,3
30.383530650322783,3.39313936980415,3039.969296649073,3
27.69115896321463,3.323067187460481,3135.123382129299,3
30.021081911247514,3.206921457729263,3677.755032281027,3
25.281981652589096,3.221831415897897,3811.263262865561,3
27.0453979710562,3.2082512896407316,3764.4648193452385,3
31.076795999739794,3.3310171952692382,3743.9257779841128,3
25.485102958676237,3.2049903449479715,4235.61750507038,3
26.529706828006432,3.384409865304746,4160.437496205511,3
29.947852099389593,3.3584694357393303,4498.19162609034,3
24.887674723236525,3.233436774532732,4211.806876780258,3
31.715304319167295,3.294792198887817,3010.426710245963,3
26.054682571076945,3.24897568137506,3081.636575243565,3
31.826966175121054,3.365010512211297,4139.604829840362,3
26.345086089183603,3.357303695277383,4353.684816453496,3
25.469337008031957,3.2288449378204986,3972.270745870246,3
24.12317402029459,3.2684642436818536,3322.7960732664383,3
28.701705233447438,3.3510657624636324,3213.732194204408,3
29.86054706060066,3.3873038435940725,4095.9076227285673,3
28.66672833392603,3.261018181952697,4235.115966965782,3
30.382690420303945,3.2948920695234865,3271.2614914057076,3
28.93619257346415,3.2416488255178972,3274.7647014750446,3
29.132422365278597,3.270624448829601,3142.4656918998753,3
31.38359404388368,3.294064951552414,3119.2753095154985,3
27.72494951502549,3.363668236583632,4080.579943531974,3
24.19285154166885,3.394134917374145,3201.7708530817345,3
31.584148785170697,3.3654322485507158,3539.276352680734,3
28.320399186060165,3.222389351401128,3056.546017050657,3
24.846149570125377,3.314994492631279,3166.54972126472,3
31.640660997041515,3.3074048140368495,4383.358836915708,3
24.727350364370913,3.361084639176528,3811.1984086065177,3
27.23682731350468,3.351489612017749,3429.0181239249387,3
28.85320245041452,3.3071721254064084,3621.0221942789376,3
27.83175596928612,3.285591976033395,4318.333457809263,3
31.845317990404077,3.3348929024060086,3191.2256634952646,3
27.708871744833537,3.39982545384584,4361.874048117532,3
28.0015991047334,3.2538468559264566,3684.8235823137165,3
24.189084858368147,3.3498402867178934,3658.044676307408,3
29.258793566077365,3.3952843250163953,4465.104310536892,3
24.87628367971701,3.2065058000247117,3438.072305172288,3
30.770966206029282,3.226125899085036,3656.3376444642436,3
24.348896744868274,3.280732784526468,4105.728603388543,3
30.112730355804356,3.3866579932330247,4153.03386789342,3
31.539101241498308,3.240320002128241,3912.2862500023816,3
29.842898048479988,3.2255715099477853,3296.8733641829276,3
26.60828286288067,3.2460922453978696,3810.9583254102936,3
28.078892078223603,3.254083803965222,4416.878819055299,3
24.31258156920491,3.2315440671403235,3336.778161112609,3
31.72371360825205,3.2820436854937096,3412.207257949624,3
25.49993325162138,3.3428831798667953,3015.5827869779664,3
24.527344524733486,3.2332999411214915,4115.476992573979,3
27.933343809027626,3.3877600844838374,3223.4282136743045,3
24.1163585400152,3.380532475305875,3003.2336492024,3
25.665098593316227,3.243560801449386,3092.3782953091795,3
24.145389649185166,3.3037994300974955,3373.7515652338107,3
26.33352647684674,3.342863452425694,3605.5558776609755,3
25.914181565865498,3.222245978731195,3008.239046201368,3
28.129263789718884,3.314347457540211,4167.439238999963,3
31.994178598522026,3.2242636162819305,3179.547317593429,3
30.386569738546022,3.20462853100843,4432.462516925894,3
30.80315781190069,3.276896619152602,4129.699886659774,3
29.022204765812642,3.3640799958036793,3209.1567127673397,3
27.95577694186816,3.386763761128107,4113.504673053862,3
28.655778150156387,3.30638650796573,4160.2282256720755,3
29.81404551624245,3.3480025272315155,3927.0461001623376,3
27.105636656815193,3.308355404131348,4099.849832966333,3
26.40161255260269,3.3977983949223836,4426.481361301381,3
31.54242198792516,3.373320156201334,3821.872140992141,3
27.840231239794193,3.2516026443071784,3368.1708312176543,3
24.405297578755476,3.3842718714426834,4224.087536043638,3
31.77952668604174,3.3030099977215084,4026.761086869672,3
25.99232938495648,3.223748139873622,3146.074828332631,3
30.680261149663835,3.3906184516037543,3124.6404207082396,3
24.768970341884575,3.376476094253604,3478.192805443763,3
29.29722241187865,3.3110591927852657,3554.700657142401,3
26.07310320912159,3.300249700459125,4139.085143941815,3
31.702822017959107,3.261809183880808,4459.194825204004,3
25.512900569195864,3.251954847283542,4271.948771837587,3
24.096306328082896,3.272603766923328,3486.5889632790986,3
25.91338808999861,3.2825745886729893,3045.9270195236063,3
26.573213122788776,3.388689928613237,3911.20713082141,3
26.003062861167404,3.316400933102624,4056.376398792371,3
30.90584149387014,3.2863884872818243,3223.256497535519,3
24.429348116844327,3.2117120378472457,3207.7843214364934,3
31.04987660908475,3.3442035466671465,4215.35985446557,3
29.650719748138847,3.30781497345902,3138.3116366519685,3
28.055965015423748,3.3841301026013086,3979.2747730129645,3
28.10671141426196,3.3192927016652263,4150.819811159297,3
31.745167851515326,3.229858362616558,4336.133691498875,3
25.125907303910296,3.306175689915792,3751.694874524896,3
24.560222357325593,3.252415990365784,3487.8177479754904,3
25.087545422766745,3.245480303152902,4369.20131752944,3
29.09738784855241,3.2385306781703025,3468.0479827709078,3
31.608279760512836,3.2444538360006225,4493.622915254506,3
24.139174759889915,3.2589318485367147,3240.0460720659244,3
24.757609962969443,3.354317905843278,4425.676230520713,3
28.413283747507304,3.2664031119751678,3823.8791250078143,3
29.492949093501146,3.3876536221346902,3942.884340031873,3
30.29041425177733,3.3949105669965802,3519.5814016545323,3
24.143191354683918,3.3331117255483234,4338.489133752708,3
24.915378086767767,3.2063414291453842,3697.50775095687,3
25.383144332114654,3.211076279378686,3640.2793447165886,3
24.188253048287756,3.217050609182994,3842.7748427257843,3
28.178972729642645,3.2916562469104913,3045.407449457846,3
29.787250273166816,3.3491275219729175,3264.495772105122,3
31.868873530869454,3.2254304536697243,4102.777139070016,3
31.40184203548114,3.28544313917852,3526.9203775396004,3
25.000747563205067,3.3309727920658134,3397.4734480515817,3
28.25881282778562,3.2748522520237096,3747.1399777934503,3
27.435065772248876,3.3502860193328594,3337.3581526102475,3
30.519173846954338,3.378241097525527,4370.256159360386,3
30.031355217608738,3.262411311837786,4088.383737496728,3
31.765160374362424,3.261092300199109,3267.378829373841,3
25.154612539915405,3.2879612005039482,4481.37604730521,3
30.817041852117363,3.2599691515904956,4238.000920933656,3
24.201225704376157,3.324407845866848,3500.0115446646523,3
24.05474861657327,3.2998441170441786,4115.539011612727,3
29.007372199477885,3.240991564041434,4098.101606319713,3
27.934544732889194,3.229780152826716,3353.0827902349365,3
28.466674146717935,3.2843711496637376,3737.2623841074146,3
27.278658481523873,3.233815385644409,4410.361681345535,3
30.05489838728647,3.3498906503310635,3190.200185978779,3
27.670778433571964,3.390542811428417,3591.9673946808407,3
31.894925058114133,3.3018775886177787,4271.10871401459,3
29.628738987996567,3.2774853705390505,3527.2725049025685,3
29.590319799373844,3.28003787242279,3229.811490684991,3
25.040176110032913,3.3967130155512515,4434.632608793453,3
28.971209280450406,3.2883859587965523,4496.68689267893,3
30.818409892665006,3.2883995674709032,4284.532623906579,3
26.156499969369584,3.324709062715548,3710.484169491792,3
30.638954644234154,3.3324782925242835,3867.6934627076553,3
29.112895560723153,3.272321124397285,3055.7126438376204,3
31.799737807074152,3.221770620057399,3765.8795770977345,3
28.004788372851927,3.29667452572796,3452.7044363048517,3
25.1645953730079,3.247058696021448,4296.277529347994,3
30.493560207454856,3.261519906004738,3461.550604219446,3
27.354209117812225,3.347784140339345,3568.227142579689,3
25.21888303443636,3.2220925690990923,3131.234093078087,3
30.325039245915306,3.286564726894314,3379.913951235244,3
29.90603832907736,3.2712560656124756,3536.0188893743607,3
28.598656403163357,3.234413507606375,4454.8749403290785,3
29.279398482498905,3.255282455386266,3425.29930700052,3
30.546882634636248,3.3532829867656897,3152.5119478270435,3
29.682059622553535,3.2986115243645164,3294.151606317656,3
28.403449897784462,3.3062392833035466,3695.9353674603058,3
24.020171633790405,3.333738020701758,3351.0190890489353,3
25.8027784429409,3.3354336434405436,4183.643575079462,3
28.00354235615918,3.3728000156621487,4209.631036042991,3
29.7921252289279,3.305647017831828,3416.563937592827,3
30.41096600411984,3.3073680684316145,4489.615562642533,3
27.241212860326193,3.373234268686371,3028.4115289943493,3
30.77393794645903,3.363311734945709,4489.451997090651,3
25.453958695596935,3.232199573241439,4317.365819873168,3
26.48801667666872,3.3313023041930077,3419.169870639669,3
30.417177839649163,3.2372976217376213,4294.921591065318,3
24.947710913910452,3.2802897156044213,3467.122081096022,3
29.951793429318776,3.3055785170553387,3007.2827370380583,3
31.567744686586707,3.299334252092656,3151.6196920393513,3
29.83984629165292,3.374459011115486,3578.1907863635884,3
31.899634305146584,3.2405271517681418,3094.6604835857024,3
29.590938878157402,3.221006914369277,3670.635995027329,3
30.624575709833305,3.3245795288747413,4368.716279730138,3
24.39598918439042,3.2178930890673216,3414.7576962904495,3
31.506867171121023,3.2419713203576417,4378.556394906665,3
27.79875098546096,3.2233552891622512,3161.2997979042566,3
29.518870800517917,3.349507707504781,3884.951316357634,3
27.7330781675534,3.3304463111680387,3622.996377753728,3
30.24539427454561,3.220992457694748,3945.881090564638,3
27.103630059010154,3.385462570422274,4141.078867953677,3
31.519253990338953,3.3367485817004576,3925.6416817283343,3
30.010046839155216,3.210185707690952,3761.482792886327,3
24.78817740570512,3.329602835006856,4268.256104687571,3
29.089060334364135,3.3642951213179284,3493.6564748446363,3
26.91726862914947,3.201885117037127,3181.6000137290725,3
25.648264226806425,3.287509902329335,3335.96185863173,3
28.24087310824683,3.341233760296374,3034.9280914466813,3
31.380991826442944,3.311622341764695,4014.3175752459115,3
30.696967807033097,3.3045172478924356,3006.1912098827893,3
25.100814567767955,3.2935964012127283,4140.918735908724,3
29.720470978420828,3.2935896517514456,4418.294622554162,3
24.846268977329252,3.20549807481844,4035.698864202697,3
24.88854555959685,3.3231138921826804,4463.9459920104555,3
25.237029798613698,3.3787514555496014,4015.5923133715028,3
31.032922134290224,3.3176157290246238,4481.7783579894285,3
26.010513691969024,3.298082001171848,3181.801083919967,3
25.583723872015753,3.2677696002088505,3340.8008637907897,3
27.57926958074013,3.2838450648779545,4295.0734489333445,3
31.197362417157784,3.2013948219747266,4197.60507211765,3
28.37623906224515,3.334747282747619,4074.760727383289,3
26.93069122936595,3.2703795976423056,4300.830243173618,3
28.004010381190646,3.202946095421488,3977.3464339456173,3
29.353037409074698,3.2586320447834654,4197.805427784328,3
25.079627526598408,3.375267792337032,4446.049138465138,3
25.2981541139053,3.3648481013201796,3586.66390424248,3
24.304411517938494,3.398662838912683,3904.094768849504,3
30.107346855546634,3.3102972065693312,4270.526984925445,3
26.076652789021182,3.333276358950376,3030.8647288233888,3
30.406776156573535,3.336448052052616,3535.40445660333,3
27.495445288404447,3.338018708107463,3369.6158186086877,3
30.797635733040735,3.3828781365327805,3547.6510050801576,3
29.98854249355811,3.3754943757404714,3213.9142968064143,3
26.574832502300662,3.347159975939155,4258.255615543216,3
31.157192963253962,3.3646902861374492,3583.20439098013,3
24.035294561406538,3.385548728718826,3327.1608403119426,3
26.911829414750375,3.3958450256899253,4432.531760657145,3
29.190221877257926,3.353368750599068,4339.289266011663,3
25.252325968865712,3.3697069245753903,4054.5215975220376,3
29.558705157786978,3.3240005560788415,4298.688098296337,3
28.623098441180797,3.2577116795507512,4283.063903465566,3
28.027113739607238,3.244078129565098,3016.3181284281627,3
31.30299777431112,3.3477180412785508,3901.4298401418628,3
30.47591650930609,3.3628094852201196,3475.2728416723708,3
25.82906526606385,3.229472020418844,3553.0831372549856,3
24.57014604670149,3.2952542345519293,3547.7278892301943,3
30.46034203257006,3.310009901209417,3582.8139946664164,3
26.32641317869901,3.342583027175349,3368.3569774061552,3
29.341972820027827,3.3871436262346273,4293.890146133767,3
25.86138035713781,3.3099901230494906,3141.115125862563,3
26.60681307417607,3.3640370758153373,4320.816218337566,3
26.209098274235963,3.2997337839314507,3390.1054381526437,3
31.949000785080678,3.2981167949819032,4230.574076017505,3
28.681662427618384,3.28489725717235,4438.775156768388,3
26.56045839026324,3.249356380927279,3506.1030924253646,3
29.955679998690982,3.382878817415576,3167.639466666332,3
28.368069277431275,3.215272004762043,3674.1111200042324,3
27.941434343428362,3.3614360006130943,3201.845625252136,3
28.73820265365338,3.353015371505599,3747.1280585343225,3
24.787699004493128,3.272456117361184,3232.991949887532,3
30.832655426197544,3.327898362346909,4143.878418836731,3
30.496785437974808,3.2923719557535294,3341.397041818452,3
27.066819132498548,3.230701657080108,4180.365063017498,3
27.481053457163476,3.3476291549840207,4486.172114896385,3
30.173614995490528,3.284570300241059,3694.4013985498036,3
25.130771400730517,3.2716206089625626,3662.872876893853,3
24.218531755250247,3.240714840682069,4240.538190957608,3
27.71076215043682,3.2723307600383076,4208.457939625518,3
30.037589588900726,3.2961368687921144,4492.3669838025035,3
30.02110786616088,3.2962308878668836,4084.267482338406,3
25.732104247671522,3.2973351960153137,3461.0365358223876,3
25.82616731703736,3.2031891491656257,3279.3828820073027,3
27.53840394595306,3.3642675892604825,4260.964403035264,3
28.02603893558241,3.264863524892446,3689.0691055499515,3
25.44854315419928,3.209962107482549,3844.3711107594127,3
26.658646301004897,3.354115563261123,3592.2464290871585,3
28.224618458916346,3.3962530346922586,4340.3609169189,3
25.48749193876985,3.30323888336704,3451.085819747675,3
24.36554595522254,3.2833238920995753,3376.7568346114754,3
24.082284775097342,3.3305405302232027,3566.4931798287166,3
25.654995390404274,3.295646959462159,3102.329099138383,3
30.678678733492305,3.241305446539937,3508.047703006569,3
29.813033077030767,3.393379026533435,3601.9292126249975,3
27.340551655985628,3.2276726310821395,3906.009342737087,3
25.743104868716983,3.3058027646411023,4083.3313056187376,3
30.68716475219628,3.3214762926878305,3610.2490203454,3
29.374575417881168,3.206041909452276,3395.6061168834694,3
31.348180349834355,3.304663109769893,3590.6831060677123,3
29.435387684926745,3.2352729813121774,4041.1886433853115,3
30.241376779706258,3.3554841551710917,3390.3026527690413,3
26.77482508350651,3.2050798694600227,3787.7146277535094,3
30.673951065777786,3.354400570906386,3711.9237870560746,3
28.621684039719106,3.348440741127443,4435.532649206396,3
26.61897507883198,3.3707508838912426,3644.167390610021,3
26.058979021102886,3.201766913107441,3288.586227625872,3
29.249900981060662,3.26433380605503,3675.8975328475362,3
29.89396306715548,3.300038325183658,4322.871986140286,3
27.998491627614495,3.2678001855973333,3382.781884908818,3
27.490673533114098,3.215394888202394,4056.991092891394,3
24.220969989373685,3.3662347134668473,3790.9261440504215,3
25.177300622765912,3.236185535008992,3315.8767784059773,3
27.21952961382742,3.3674586700353593,3683.7070582452075,3
25.649936388746642,3.2119272600206235,3264.919512860375,3
31.549543538300092,3.2294450081618806,3155.8278790229474,3
30.09261382073231,3.3671833224069903,4245.36830793408,3
29.209990613878205,3.2980191505341625,3910.5141808607973,3
31.74969604562639,3.2213215908749917,3247.4081320967675,3
30.23550249901581,3.231522924627048,4324.678277986122,3
26.975591308714154,3.257790023488112,4255.887420655625,3
27.233186517782478,3.310691792119576,3049.540527610634,3
25.405771371125994,3.220713071280041,3637.822019145455,3
28.628678739539602,3.2414660686023744,4284.86036077813,3
25.43336952848318,3.205917595175637,3271.0940809292283,3
27.305669367009507,3.392216220474164,3853.3897064572234,3
28.39674437128986,3.2191310718609154,4468.9681855427825,3
26.129128586315197,3.3357216528021105,3403.687797782481,3
30.63060206636382,3.2121100044582827,3820.004408090447,3
30.94681227633076,3.290115389920105,4325.423572850985,3
30.075785697658468,3.3843182298780046,4209.528921154815,3
24.64308055639637,3.3847701805740864,3669.0266852584023,3
30.228259029348948,3.377634451303532,4028.1910779115533,3
31.53089839416135,3.25824105975524,3298.228478020498,3
25.477997208432484,3.3670261464399664,3276.126174721524,3
31.334562735537467,3.27534702357288,3336.5912607115843,3
24.90505968707952,3.3616679824003124,3240.7046173381723,3
26.229096459300504,3.2887202522653807,4468.352988200317,3
31.327038321209372,3.201065874904292,3334.216308473767,3
28.502573134452778,3.34828658759251,4134.5918913968835,3
26.600771144635054,3.2121731149498727,4321.583629409532,3
28.926257832558605,3.3225496334100124,4479.974380750302,3
26.60039991788421,3.3397761637026417,3329.256756778821,3
28.837690187982698,3.225444111916449,4051.3707896981205,3
31.93045185554687,3.2986512574258184,3811.83629271319,3
24.69605309725197,3.378961535651374,3177.691544015314,3
27.100933565033,3.2696123356405162,3072.589242498571,3
31.799521671080832,3.312642448868013,3644.427705356404,3
25.00350915375025,3.286089416918943,3630.2521699249087,3
27.161062815539935,3.266225537395571,3258.2965645415507,3
30.90410108364847,3.310592953331055,3456.2798763177593,3
31.817843926275312,3.317622420920807,3397.8977103942602,3
29.99134854236852,3.317276825567536,3036.0689900332145,3
29.7822876572949,3.301133098988477,3819.651233709147,3
26.410821009639772,3.2005578434745905,4122.527345688994,3
31.949738464557406,3.350707470495676,4269.884805393852,3
24.173603187182316,3.2089189701462395,3016.334114499359,3
29.71894728674686,3.2206565477923226,4439.785962691639,3
30.755539129481157,3.3190043718315025,3249.6900205021348,3
30.17317784296002,3.3808236708810977,4165.167629853591,3
31.55597181912023,3.3764233422485708,3358.0567162478346,3
24.260595457523635,3.2518096127245038,3859.0610539607014,3
24.27675828843007,3.245034110804428,4348.229635336692,3
26.78796726209631,3.2384857017506157,3310.2286660432546,3
24.052484330976277,3.233554542429266,3536.9238085134793,3
24.325896033880962,3.3619174992654317,4358.896431582511,3
30.442885239802884,3.268810492535691,4460.164735958055,3
24.90817681659411,3.376947247578778,3340.1368894649786,3
26.701156990747446,3.265712159568391,4077.152356741895,3
31.179696919524087,3.2452072648038213,3607.8253691029695,3
28.034349132368526,3.310876799834573,3840.8329452870094,3
29.5611408223729,3.2416302496549214,3291.2679225193297,3
30.206118717527584,3.238549621217172,3244.1396071949625,3
30.798415079491722,3.278822849570418,3245.653858449691,3
27.41403789116518,3.2014484924254503,3806.5680501829966,3
26.774556968470254,3.3493242140716597,3808.0103620196282,3
29.160875811010087,3.224489769527801,4247.648280575209,3
30.309281126824963,3.3505317170474274,3136.608334983712,3
31.037630592571944,3.2115064418976473,4170.333543670746,3
30.01085475673939,3.2785643597141756,4361.602609321282,3
28.893828249045818,3.322957614263739,4427.116888803291,3
24.94323516742247,3.2485453724369124,3745.1230467023793,3
25.584703330710767,3.2962244234379914,3464.176019083032,3
26.97356207834811,3.2320106224202614,4359.715248371037,3
27.07144625081136,3.3190595116836934,4300.579370275395,3
29.127337878519697,3.3132714423584186,4352.628879351593,3
26.735182620414143,3.3971967351389374,3147.585579017917,3
25.059512685585705,3.279104643235115,3114.9442748709243,3
25.832640057794723,3.2963235160296813,3348.946581103639,3
27.206258185393146,3.3888308233373645,4282.6013818549745,3
26.19255581339911,3.2637003841268193,4002.0019123011643,3
28.06956753906937,3.3835619083026676,3378.559900650826,3
24.823084944325633,3.3811412485567733,4052.128062956645,3
31.12284985904758,3.2851446883685376,3673.4047386509824,3
30.1316203611236,3.205289940542742,3857.051762216122,3
25.2667135393527,3.3483653394570343,3800.036108826669,3
26.14863755198747,3.3749119850060767,3406.452691738051,3
25.528414914978462,3.3410301075963598,3095.129103291001,3
29.52866591395567,3.372011968987979,3532.5839719391593,3
26.542360430603452,3.254181155875152,4079.9732214962514,3
25.116592115185707,3.3163773382303825,3158.496128476929,3
25.90210227168741,3.3682632432123563,3776.61966110898,3
27.532932787246374,3.3834650793541665,3692.032232269117,3
25.117260471637746,3.2932275527797112,4460.763308198361,3
26.99489389016772,3.34824979938764,4290.094344070607,3
25.22660338704275,3.218684863301692,3818.3390314516737,3
29.66556786409846,3.2508744681302946,4197.044622789572,3
26.57068864705634,3.3863541730339835,4187.034171477575,3
28.7256060946186,3.3471907540078027,4453.721629024506,3
26.420088933209225,3.30854630840287,3739.4646183709024,3
27.45137646750863,3.326809470925039,4244.442705037423,3
25.58619415531411,3.241793919921857,3352.4827602399364,3
25.36124423676203,3.3179135560783406,3837.726841692385,3
26.834321206526457,3.2715936882385717,3926.6493185549325,3
24.457278380747386,3.268058661322698,4074.901058515978,3
29.32409735261417,3.3920070013899966,3413.130736939145,3
31.06736329315694,3.2667087072678505,3755.6808155896483,3
30.27510376925929,3.3470481776107723,3796.0768065450047,3
30.636338635612567,3.3082971739348714,4459.0181269085515,3
26.565112096039698,3.2874486233451985,4190.808331037023,3
25.079805457862065,3.357707222062202,3027.9662037845287,3
28.063323036797374,3.2795797161493527,3188.868606858214,3
28.67600850933305,3.2336563503182125,3458.4102029952605,3
25.733651749030564,3.3560278916919946,4312.468958392771,3
29.896910570456512,3.2160306197192305,3878.817749129931,3
25.350184056487628,3.2318047958204352,3276.16678997498,3
26.80290448717015,3.3509963975940487,3800.392172372663,3
26.82135002191878,3.359162882959378,4400.8054930627995,3
27.24588001775757,3.3513865916176484,4483.296748463166,3
27.57777703834196,3.3104941269922095,3283.8657150483473,3
30.08383233856869,3.376162377268493,3969.5325017873633,3
24.725117376511193,3.3891527997993336,4189.585463670085,3
25.965471024635917,3.2547053934442842,3431.9227936940465,3
28.587181399762816,3.3188043296507668,4182.3034509282825,3
28.84387628448997,3.331024851527073,3592.2340710624394,3
30.651802223540784,3.2886768043633663,3202.4339349229194,3
27.188015341773433,3.2524552403666984,4246.735183208368,3
26.741529156448316,3.367828692574226,4444.346707057118,3
26.890452052969252,3.2388410615699166,3101.0632102664104,3
30.6876309683943,3.329403181432691,3029.1258206147513,3
25.852794564635946,3.2149742350725865,4106.248426725172,3
24.675217543537666,3.2439212042772927,3556.732573291363,3
25.60633757941385,3.3238373908067294,3202.5687014633627,3
26.3830290339204,3.292736071487734,3131.178403016231,3
28.735089911353157,3.2764642996373445,3009.677747492097,3
24.37421527027321,3.3930181086380298,4397.714586874738,3
25.148529318654752,3.297170707075411,3056.870528781681,3
27.199794011174834,3.2800466554029244,4385.279848135605,3
29.986898387550433,3.366190691054676,3083.2844588050875,3
31.80493166660824,3.3740616785433875,3586.992553955234,3
25.7471090977616,3.3051443155306997,4409.150030997611,3
24.08258694498094,3.3144885813080736,3343.1754868707076,3
25.38771320580752,3.2542753807062796,3136.1074456616834,3
30.609298850632353,3.3318069564500647,4286.227145539031,3
29.386373407323607,3.24111720023012,4301.152674527485,3
25.585819112449926,3.2820733191291485,3019.6337793598195,3
31.49485276893164,3.3234436322137344,3425.3883200892387,3
24.74522787123904,3.28705456599544,3206.6881261475246,3
25.600397093022835,3.219828355892136,3524.1001077872265,3
31.199425507612666,3.257541085952974,4373.174386900289,3
25.57301917432348,3.2357354230641158,3705.33267074883,3
31.158077441952315,3.304671779814381,3715.4365763484084,3
27.36178612078998,3.3837172832370577,3048.437467936894,3
30.86922447040954,3.2416856479496348,3377.260781303073,3
26.338539909127995,3.324735137782511,3068.459345172088,3
26.21954565525052,3.285713375819999,3105.1226964712055,3
26.622350386282683,3.268036174923311,3767.883987420559,3
27.5310423982008,3.399601081142638,4254.004271913321,3
27.955314077122363,3.3230991565654158,3283.9896686932507,3
26.3982378660043,3.23655042356428,4323.425009517979,3
26.296249065420742,3.2438385359127766,3462.171027173448,3
30.17196501894707,3.2155538823732472,3744.8191737171946,3
25.75219436101128,3.2690700909918555,4171.576287325668,3
30.369044554017222,3.3001966324804943,3583.693048457255,3
26.04422738841982,3.314054521561944,4496.152412311432,3
25.324062368806327,3.3748292942247122,4159.293595958972,3
26.95778499515994,3.245078899530322,4263.257977298175,3
25.094523812414504,3.3118823819873033,3063.1521951781965,3
29.50571527884069,3.2345913204518855,3774.060826162817,3
29.871537667876353,3.2532440827238847,3979.602597304581,3
31.834022817449473,3.2006425806814733,3509.016418490392,3
28.006878487729843,3.267443231680723,4328.568939820792,3
27.85367034327498,3.388721299570675,3262.3972358775436,3
27.126518650419293,3.2557054254926086,3482.6093426016314,3
28.719731009209507,3.2032006887126405,4197.326662895974,3
28.65240840798691,3.2440749011590415,3800.9121505051944,3
26.09480194282303,3.2854682103543147,3457.7823318809596,3
30.771439769717656,3.3270182019629555,4105.821763289727,3
26.348800135977804,3.291122139253004,4434.321389368827,3
28.180402294512035,3.2551614734713414,3686.097606374269,3
27.169434352382506,3.2750352965032374,3813.806076958107,3
27.610978117182334,3.330365039353101,4284.3525052871755,3
31.02776213977562,3.2512814430834314,3621.7266713587223,3
27.73883063384137,3.3358873186660394,3582.161469174717,3
25.87072041059328,3.3106905384728558,4213.893661589117,3
31.71740548504284,3.2134287124391543,3989.023230031915,3
31.058144372344422,3.2174255840770414,3559.777744203047,3
28.140233561190655,3.3217857533264956,3051.303547230626,3
24.47848374540524,3.2905622936418326,4386.829712278926,3
25.335497294477502,3.3686246590465254,3017.6283681379955,3
28.13618554520997,3.266904300512388,4046.5589572949602,3
29.198496630266764,3.36752558583334,3578.2030600952385,3
26.320447503107367,3.247237578575821,3618.4342758178354,3
31.058419491553586,3.206653239335807,4349.238488567777,3
25.823148948305125,3.2495957306686147,3401.2465868171707,3
27.39844623757244,3.301839210459064,3317.6997680108816,3
27.170864372435034,3.3289224228859418,3999.1419854035566,3
24.178025353993377,3.2809103034004616,4051.5637200653273,3
31.101312154815407,3.2240485542237667,4399.590921769465,3
25.464291139536833,3.236682004363283,3616.0586091346368,3
30.860973446093492,3.3822449111560524,3963.91724642018,3
30.208812182026044,3.3228616729619276,4156.874940248871,3
27.61697569537671,3.329408545057575,3646.9309534230542,3
25.74423989667781,3.3519855012439046,4014.7029162428844,3
30.466705311921334,3.209338166396634,3706.6215633332235,3
25.641969595708915,3.2829420077865574,3457.7152118081317,3
30.50565184170961,3.3392751164958434,4040.705668212906,3
30.947663715351656,3.3007430058061167,3722.8852206627257,3
27.198439480308913,3.3483781976160922,3473.0539997773703,3
31.954054989676504,3.264530569088698,3033.839040591716,3
29.3659654043198,3.2605366625949768,3207.9374725547386,3
30.627486593601002,3.338893862747269,3088.965373950304,3
29.18329357245252,3.3122068858483247,4147.726364355818,3
30.118738655909866,3.309013008869169,3602.807611193569,3
29.78630795733821,3.2059479093657957,3586.7404818661003,3
25.494552185472006,3.2122384499945293,3105.5224804500226,3
30.104048142603595,3.315576086835463,4443.273824994064,3
31.170508317927112,3.2029660068073373,3288.295125673075,3
30.476676021827256,3.3162708642740717,4150.339798574372,3
28.071761479336345,3.3231419370771826,4009.6829502865617,3
28.533202816033427,3.3073015569604767,3240.4476423436145,3
24.959984276405113,3.2307836911360615,4053.939461201164,3
31.726204030726507,3.353892878002038,4159.149906058758,3
25.867043344000017,3.2180874041580276,4106.569062625735,3
31.37643981016134,3.306778692339195,4233.715440182815,3
26.463687813922522,3.2524829047495363,3608.4324845029496,3
26.335493812426034,3.2060414049122437,4077.2269842661067,3
28.73086723897232,3.337392648985506,3997.637878659307,3
31.77980917002419,3.21741960745241,4156.852991237272,3
31.66113020937651,3.2604973788367033,4484.361080378001,3
28.81203244282776,3.203855537046425,3424.133197894916,3
30.200699363087463,3.3220991581356447,3628.4016408250636,3
24.21427243911528,3.2760762715321996,3270.268704698984,3
28.935441812275563,3.3639052056351426,3659.3446175425242,3
24.01593407200959,3.2516927093211327,3911.280004018712,3
25.299248633300664,3.399867839025787,3348.7683871578824,3
31.29970225767074,3.3484998297330346,3417.6261668531206,3
30.29079754622922,3.3623446122621052,4046.3647238604754,3
30.262480012867762,3.3387475664590216,4233.217037251822,3
24.602757481688762,3.344935836700763,3168.357420496744,3
27.77180781972396,3.3720064787975295,3009.364994772975,3
29.07214149099023,3.3907696316255524,3407.3478808576033,3
25.774351994860222,3.2227795561309756,4324.659259305556,3
28.221631501907012,3.3727394890123685,4138.176585461912,3
31.369108620393575,3.2205912297660317,3976.086586926283,3
26.020781986861486,3.3544797593070848,4381.591098020575,3
29.26535821806889,3.380250501409056,3981.419369809272,3
24.745228965793107,3.2002945396299856,4409.284097773609,3
30.197685363673052,3.222887528651884,3082.5444221082084,3
28.792616544802577,3.2312151840511953,3946.585332514475,3
24.340250280276926,3.375967100334054,3306.177040775125,3
28.105419852084154,3.3078842461577738,3776.854497129412,3
31.186033598552267,3.3921879602357787,3099.319395198957,3
25.274672234184216,3.2300445281396692,3249.240998792326,3
31.56695344535226,3.310053557416578,3977.2717017256323,3
30.163153725623037,3.3665847156929187,4263.828513431097,3
26.60999183370268,3.3893052787038545,3991.109541804625,3
24.153924432852463,3.229461032921583,3761.9558916538717,3
28.635628996249487,3.267775812672689,3847.855401147844,3
29.132687488010276,3.2933853352536944,3414.139513687321,3
24.60209574812343,3.3079673796924682,3635.0505419347564,3
28.73869053634542,3.2224666546571736,3900.161354139096,3
31.15477003961077,3.371715912387041,3258.0642652654187,3
27.77798285520938,3.278382624883103,3024.3184281486756,3
24.264748902939782,3.2266937760124685,3026.0978778445833,3
28.999203510287217,3.2912578956139367,3953.7683406722363,3
30.43571729512395,3.3988530798596592,3632.497566779948,3
29.380142682871515,3.376472631491069,3421.6359381133016,3
25.746736247900937,3.3606137239856455,3572.8463016278365,3
29.207685898773697,3.3283850047783283,3501.677814472328,3
28.175365369347737,3.3642640514299944,3727.3449039391085,3
24.046957438064993,3.2357285410328984,4103.941265469951,3
26.361880767971662,3.332384788886378,3986.9667759073054,3
26.38605273737349,3.331525888855614,3561.528554895591,3
27.262574827472612,3.2037134715699658,3135.9471396747463,3
31.40826846100152,3.3913648832184506,3688.335493259009,3
25.98915213399857,3.2365279220809335,4364.299552665084,3
28.559009698113748,3.2810138103707405,4224.727230611,3
29.633727673220562,3.2499851176292376,3565.707067846423,3
30.088360515168866,3.2001538323340704,4377.51791964149,3
26.349151804583254,3.2750865255568105,3200.3034630853535,3
30.11884092637284,3.337941158277301,3064.0009289051886,3
26.838878466028326,3.339680240696815,3637.946494545843,3
28.009857282274915,3.215831838101018,3799.6499150463465,3
27.516923415051274,3.2734433468861646,4412.503996121091,3
29.43735736705472,3.394179459278392,4310.682235417974,3
30.61655239472904,3.254395453394056,4315.894464570234,3
28.080166372465154,3.2293740393502364,3529.0649798776444,3
29.734796915647717,3.2903538882703747,3748.121039903952,3
28.142166100110927,3.255289046375558,4068.7379875384163,3
27.28891099406899,3.3998125466668387,4441.134586130325,3
25.84656866955087,3.2076880743818874,3605.445001530565,3
27.708741700906693,3.35509256664653,4455.263848505023,3
27.26202102206372,3.317061434795991,3194.892302333392,3
28.651814598465677,3.313389523054058,3727.4182030388574,3
31.29096823068377,3.377493065098788,4357.714114934915,3
25.07910756757824,3.210099543558532,3385.601866668514,3
28.83865758922308,3.2773903178938015,3249.512562959699,3
27.285831723432274,3.3239765198958082,3017.6083722737703,3
27.33562304962606,3.214534291575102,3681.1036460846135,3
31.451329742026086,3.316681376707824,3266.2041493917,3
31.140322586581267,3.2753910684738647,4477.914823974839,3
31.269449108224364,3.3895966061961915,3986.2991241504274,3
25.23455945181773,3.382962630297597,3905.2005108363714,3
31.610793872714996,3.3096323195814317,3323.789028582005,3
30.011965128949047,3.346960770305185,4297.876810288681,3
27.19853797888624,3.3029535762429107,4065.463229072488,3
27.60751847093791,3.237458211738123,4374.630436552334,3
27.47062671258195,3.2602215753814847,3371.341525800195,3
28.201534937183055,3.2097711466599366,4421.3431484366465,3
30.459835305897514,3.3790425607681405,4219.834606120601,3
24.76516516967837,3.2400284135388175,3792.292415844705,3
25.516795156958594,3.3528871634594957,3127.872050315008,3
31.928336985472125,3.2804901868251615,3044.9671111972934,3
31.174438540130765,3.2579185728691384,3075.455844893342,3
31.831109861029645,3.3396790302789365,4394.989423855732,3
25.17435281515573,3.3233879398172745,4120.742447271188,3
24.538710233961584,3.358481888927459,4112.045662123284,3
29.29067982595139,3.370581413855785,4306.202078156785,3
29.84871351336143,3.312804599211688,3327.373007941827,3
24.945670188467663,3.240825048858801,4217.479569664543,3
27.96564914711697,3.2304611487703525,3953.7161069332146,3
28.348512379531698,3.2264790520566287,3887.5636522005007,3
28.321169521497414,3.3288854752886667,4249.402054327513,3
27.069955485887686,3.2319537799690408,4179.070557937226,3
31.518573206501888,3.227086464012938,4362.97747689503,3
26.636052168672364,3.3939241986117077,3973.7978124011024,3
24.444889635955704,3.2365302908920235,3505.913592373167,3
25.85702002233149,3.314045540887845,3727.2344157993493,3
27.413009192234703,3.321726241621985,4200.799014898799,3
28.97908204455836,3.252203755913227,4358.710365347872,3
27.205430157488724,3.3830747394825407,3853.0091664963024,3
31.814119984345645,3.3553575851696715,4381.9042633190675,3
31.831975627926255,3.206791045738809,4481.6183198102,3
26.960172557967795,3.3067896219070385,4319.14077931245,3
24.68140050613034,3.3317763512797582,3369.7613436825077,3
31.481941402124058,3.2897139811749563,3613.3282824095427,3
24.80403232195659,3.3052384546855293,3858.234550867044,3
31.82536598922562,3.2305870395268435,4146.957440412078,3
31.322815402301533,3.3283910571986204,4157.0947881287275,3
30.796592882074428,3.2013455127322974,3372.615312511538,3
31.515012103757478,3.2981505040193015,3181.6534505301793,3
25.306934375642996,3.245107664114781,3109.7413652339283,3
25.553369312415235,3.3320952305475964,3474.307063607722,3
27.23763353210289,3.2025465459403843,3744.804758882506,3
27.966944646623688,3.328472717359004,3110.83860489724,3
31.924634752910233,3.269922371301219,3339.4078644599504,3
24.689287946079332,3.3151197474625635,3995.1981142895565,3
31.727985444366247,3.2293225507363825,3500.9553833615455,3
28.976109906686,3.3671650209781956,3896.832727503985,3
24.567861234592574,3.2396551914746112,3726.9345906218214,3
25.67973759529721,3.2080629560200533,3448.106707676588,3
25.470787931106393,3.258784642594731,4494.463415454722,3
26.200493386186878,3.2897107903459837,3825.3753191068145,3
24.000683413727923,3.254186721881304,3647.4466183370605,3
27.5514516681309,3.391753799519755,3624.5582234869603,3
25.029366360572986,3.2450985317158896,4479.681170802322,3
31.384039876978434,3.3769709974603925,4038.0505015818335,3
27.76348825773828,3.264270553106392,4166.3108509319,3
28.866406504588866,3.3572855196464313,3945.182531298249,3
31.819656367237457,3.3376122319062995,4280.144830071121,3
31.79990591748237,3.217965684061231,4042.919702791419,3
31.688108900631065,3.233291740512666,3807.7811368185367,3
26.77690625658375,3.253596908378117,3575.906466243311,3
31.77280427550037,3.2074078807309547,4221.100633971308,3
28.46675513951694,3.2708035476638133,3003.1819781223344,3
26.77053383258635,3.3483975232825482,4093.6507163880206,3
30.462084001030696,3.2641921891200507,4252.9165527178775,3
26.08457626529029,3.343662646115969,3929.112675035063,3
29.352615080222215,3.2497752720151505,3999.941777269116,3
31.374604010484916,3.209378201732952,3738.3535032798795,3
27.78235906378584,3.2101156849936494,3017.950563782159,3
25.96663963152532,3.365774921776592,3019.8895928525917,3
26.491859037812542,3.37855768995249,3176.7272706167755,3
26.21033143906069,3.203674997381063,4141.948120189594,3
28.833655889220204,3.357692421543365,3819.351615311707,3
25.425688569631273,3.3608543806368525,3037.1763302890804,3
25.6720489018301,3.27652379184016,4153.649217324835,3
30.137441393123368,3.3476831238439453,3060.818463933338,3
28.109932146772547,3.383067710430574,3816.4382592176626,3
27.194721560745997,3.389703929839583,3942.8847063048233,3
29.54698531292338,3.2042083511651627,3667.7792469466713,3
28.32387918308065,3.230310352730367,3483.2222250477544,3
28.864643972981842,3.267589227990125,4456.268385060444,3
27.057092266230853,3.3384098372419615,4064.23167736731,3
25.65317278307388,3.2407447363769637,3355.858254287214,3
29.766663695426207,3.2264302301408168,3084.1851635193702,3
25.518987751299225,3.3970907262987238,3450.6715971842928,3
30.800033630172315,3.3006275101123497,3761.335935325206,3
24.427374110346264,3.3537243825799696,3648.5718195034983,3
24.34057197008068,3.3439668505861677,3908.0735508577923,3
27.863743423962603,3.393764248553753,3895.274715513834,3
24.328210173788545,3.3358997757965905,3177.1092200922094,3
29.5943321356257,3.2185312845421605,4258.804424081786,3
30.578597884938457,3.325840295680949,4468.643233559572,3
30.925221754453055,3.215772153574043,3300.3385441112773,3
30.84927087488583,3.22905188770705,3585.306637320518,3
24.802079802527935,3.2670571528928187,3414.2399006393825,3
26.70802685981257,3.2094091390712713,3245.351051395486,3
27.194725587425758,3.2372941444190437,3179.8380059454303,3
28.75199679471241,3.2806555763369034,3443.607657673197,3
27.638574707431815,3.3367488349560435,4481.6949832159235,3
25.173920453672974,3.2627078894166504,3901.3289233637656,3
27.763069908506903,3.201402085238768,3716.6331720799762,3
26.18109454890242,3.3422336269594966,3445.1025561607726,3
29.81127600063228,3.391715995654403,3086.0010250393393,3
28.254580657416348,3.3783424983604426,4159.090795332509,3
31.34827099088266,3.379080000812838,3120.812461556835,3
30.00572020194074,3.257855091080668,4119.100869626326,3
30.582994140242732,3.3144589876219013,4094.0628032578334,3
28.6126327080905,3.284244909698366,4189.21558036946,3
30.43125196620738,3.3995604342344015,3199.2735116801905,3
27.25956143020403,3.2496394355993226,4054.9813903395625,3
28.609744153972084,3.384569817785585,3545.589823245269,3
31.809784293985928,3.2275735791758304,3577.166586610935,3
29.918905051626002,3.2602413729078235,3195.4800739704183,3
27.889294493970546,3.311104802649045,3673.1881070055106,3
25.728654617479414,3.2776523225261815,3602.525869537738,3
26.645152802951714,3.362520176249495,3590.662719737884,3
24.332239651455083,3.2791619483213217,3651.5250998737165,3
24.066909454522406,3.2088033588666702,4096.6701188595725,3
31.09679541832632,3.217546005021005,3950.297783896128,3
26.127855112398844,3.201602857744462,3817.982974969333,3
24.965464235004724,3.3719162214046055,3880.3758515615673,3
28.738921530143358,3.3976873236371707,3088.9946859511406,3
29.926239445046043,3.3278189078402707,3215.600429802312,3
25.082044900852768,3.3216620091532056,3509.1106568497516,3
29.508476507665574,3.3534785165529812,3690.6419886403323,3
26.968219492937546,3.293498180353811,3896.586258833375,3
25.850121728030928,3.22242278095257,3974.251626340638,3
25.493383465360154,3.278484630646795,3075.2589453182977,3
29.732862623539337,3.286076599423584,3200.438869220743,3
31.736064640490326,3.2697633756953945,4222.276611382782,3
27.943973477747726,3.259055152031163,3483.19940908571,3
30.490562038025516,3.396296488687641,3886.213237611779,3
25.096497597923562,3.2638045538750737,4121.002756489057,3
31.701154446898393,3.2563031773172106,3428.6846258839037,3
26.635021342344825,3.3027589426794095,3187.4092282474003,3
24.130319871343474,3.3122119607340927,4077.831026632249,3
28.76194372113285,3.2695721546251333,3526.236082170601,3
25.690890984737486,3.3772630048378818,4268.057098010198,3
30.09671248973437,3.2796273827260003,3609.8105064048877,3
30.935646603576778,3.3194235932740597,4029.057293445773,3
25.195264466008425,3.2986646899827288,3743.0673051807807,3
26.519178611005028,3.281480244368145,3019.0953452577132,3
31.75605975458727,3.281677760336621,4216.479246032079,3
30.722851642342793,3.2619193845119487,3635.1627297602186,3
27.58115959229976,3.25926653809683,4295.67542158723,3
25.234106943474377,3.2843198744979465,4382.336854582663,3
24.128283448879827,3.239348066379606,4199.865713480588,3
24.503102622388152,3.300793575294563,3041.732536386239,3
26.99567061393814,3.2398095558299054,3007.547677030485,3
27.529752625846832,3.335878148266428,3952.57776689336,3
24.721329058597114,3.2994100850954107,3141.7402258421034,3
27.385973933575663,3.2693722002604,3660.6165261905667,3
24.4947070105922,3.2257897096563024,3384.2344289200823,3
24.60042650754385,3.2490589910607497,3490.269488774825,3
27.538701091239908,3.253069657171688,4064.7731310404006,3
31.749033347619438,3.34638458452424,3548.6849273627804,3
24.77659056663569,3.362330097436717,4041.9005140775043,3
31.900111789578254,3.293507649873979,3082.566941914391,3
29.78145542503804,3.2246216484497037,4400.430168243305,3
24.639615342525914,3.3285971566027492,3787.54455162734,3
28.604630263538187,3.2795719257514584,4446.671315048992,3
31.493835288306727,3.369522480247177,3607.5189858267004,3
25.718464638572048,3.2660195445840707,4327.876886535138,3
28.42983181685516,3.2389616577045723,3484.081440169447,3
28.858185738020907,3.2527686307239554,4006.15841533832,3
27.68004854893613,3.309387724034258,3011.366442568665,3
29.49331822804853,3.2098352056324435,3279.41739334079,3
25.943099081147928,3.349218406817414,3717.9247763864687,3
27.792382407265237,3.346207313371751,3813.5492648614454,3
25.95488523575894,3.20119583428757,3963.9411671555945,3
28.509295593834434,3.2327884808563194,3905.601519319871,3
27.459893196157747,3.2483791011825414,3285.2909312517418,3
30.539037713030364,3.338040646473271,3905.9528816059665,3
27.832463873189774,3.3572267959752864,3200.7588706783176,3
28.524179279702395,3.3721221959663517,3434.3546355691205,3
24.31934500849505,3.3737154358039363,4382.417509868173,3
26.57728011846978,3.352617313211956,4223.400248809008,3
31.478170562022584,3.3791539042653898,3690.823806268849,3
28.93849211093582,3.3187478641461445,3281.0606620771637,3
25.322703208881382,3.294679552195141,3355.8988769523967,3
31.46441636735848,3.2318907308933653,4081.674146926711,3
30.939729531893,3.3303411128233242,3071.0544093612907,3
25.906387787223487,3.2364721775378156,3863.2722428723214,3
26.010897498651733,3.3983150616290168,3098.822735201541,3
28.934778701597384,3.245590638758459,4197.765996639472,3
28.130125539237277,3.2586670162354414,3319.414309660565,3
26.375379472651723,3.3319685817816884,3907.370286963086,3
28.20216990407412,3.3778915980579076,3014.6300942729667,3
29.38134279747435,3.2662798849044417,3482.3021002722126,3
24.672829647556284,3.3685482252668275,4035.3752908319434,3
25.014701837104507,3.2778008044624016,4372.3432797122405,3
27.540524561620202,3.287283501875988,4034.8995526166136,3
28.978685860004425,3.240347901807896,4439.138053353762,3
24.994536818829445,3.2007560353228763,4248.675076407404,3
30.308819370528816,3.396936265000485,3320.952689330865,3
25.237803708571498,3.354691363511038,3649.311453784629,3
29.003334505838534,3.3558165239550886,4370.502826819518,3
27.942105081641692,3.2934878833098145,3328.297551031592,3
31.51386756154491,3.28283349407718,4089.238875074996,3
29.59874742985311,3.2067539825364078,3598.2402155571567,3
31.428638297244177,3.3460226513119675,3043.3874489467153,3
30.421240058121075,3.2006898018827075,3838.2090263061064,3
24.418879582765115,3.275690428610996,3052.7952505517906,3
28.914901394438264,3.2338931435702816,3755.631618815863,3
26.433883913473608,3.3260348994846103,3128.136703604171,3
30.592732670163723,3.3280626363648724,4186.837022039153,3
26.380089385981833,3.210729149181063,4346.81247827107,3
26.161989093929684,3.335079501044756,4302.944687195561,3
27.785942660659625,3.3517221530777572,3760.002987342624,3
27.424221065845675,3.2840495990778806,3557.5041526123346,3
31.408029794837258,3.368371471652309,3645.1201895309932,3
25.27920824371537,3.368553926110282,3368.4202853230845,3
27.238703739101307,3.3609700508540223,3993.877245353056,3
26.854641415732665,3.3693899032382073,4214.549348852122,3
27.22831999558438,3.391039906137382,3394.2958537701556,3
27.29298435025981,3.2141947541873526,3860.9412188103584,3
26.138126332465486,3.3190025217618064,3968.8876212664745,3
25.670926219492387,3.3045437245448106,3327.1664221020737,3
28.69659672373431,3.3540149309795093,4019.40731048676,3
29.98849288072082,3.3677285709108165,4062.3931284130867,3
30.73690837605332,3.3196313839995764,3117.002821961593,3
28.789936775797294,3.3412131406457517,3641.4467420096557,3
28.71421848178463,3.3240441708099007,3473.17610428473,3
26.508661569011572,3.3733550820977922,3896.2258688256006,3
30.403485576023986,3.2415074290974775,4235.495536573246,3
30.200620405220587,3.287303720856605,3325.5008883864502,3
25.054304584580752,3.2444863468041416,3886.125926313047,3
31.145506345093608,3.2202858539384045,3152.1656093766223,3
29.748808297398845,3.3171447660086884,4401.905987261978,3
28.269339609478806,3.330183303467378,3991.1388032486207,3
31.28183603908595,3.2659088605879516,3433.1866455600775,3
31.462285002436296,3.2455956865124076,3025.409174569857,3
29.598425988747728,3.236490499503994,3676.1946058941567,3
29.93050007218193,3.3975420488703345,4313.640836662503,3
25.099765354968255,3.2386217114577005,3887.775990220021,3
28.248436314058246,3.3830840428235915,4408.631192468582,3
26.401369701184333,3.3653421787761206,4393.786788678359,3
25.29292323237705,3.2795383344816154,3692.181633442926,3
28.03212575293084,3.2983390347126336,4271.019870292949,3
30.194809943508325,3.3052710997184276,4363.581151834289,3
25.030142915548655,3.290050245114952,3964.797075193437,3
29.191452353184154,3.2115617146042403,3986.2394593837607,3
31.78024899052501,3.2580246196201332,3582.511328508799,3
24.39580716993926,3.3395056919411346,4481.186994010208,3
25.599428099269144,3.3446673292747406,3863.7262899578236,3
26.960623049784544,3.2611894689016623,4121.642510662476,3
28.599635219541693,3.3072960301823415,4304.890790401684,3
26.168148958171308,3.2049002837434983,4019.492769453871,3
28.122511173986275,3.337339705890153,3935.6746790166194,3
28.538952098789473,3.3593559524220535,3290.003826301601,3
29.426166030262507,3.2482883750961205,3006.5572479860316,3
28.967163911943437,3.3836657515835373,3232.093772402365,3
27.159771728753146,3.2238660395900838,4259.276634052112,3
24.474831794138556,3.376011389703615,3626.354074399377,3
27.073528671310907,3.2264816939941183,3149.3357244552917,3
26.581212184210337,3.380173673210525,4098.949894085365,3
29.4750705663304,3.2812704070673635,3417.3967973402546,3
27.994097928137165,3.3853578098457136,4420.585879635045,3
26.57978959845175,3.3503215756396187,3538.3524150014873,3
27.948259672645634,3.219975221143958,4449.127992578221,3
26.03812560261847,3.286190678588446,3009.575582267836,3
24.418424927378584,3.304754979083554,3507.0301517248768,3
30.29517196472257,3.282984980655248,3796.9007753349715,3
25.062339323232777,3.336658670093849,3536.7625589062673,3
27.31778546468106,3.2705800447692783,3488.319067110572,3
25.231249998517338,3.3783548224817035,4292.50070499258,3
26.08009684495396,3.3539680458788457,3883.503897896572,3
27.77847545939406,3.2592212200238384,3216.4367259942856,3
30.78424071271348,3.2403432968282564,3794.3962185561454,3
31.29719475116793,3.3996223098424085,3026.4658579999614,3
30.204252018534017,3.3672994797204097,4231.0527730692775,3
30.938103797548806,3.346037952696566,3679.5003084599966,3
31.666651859590434,3.2816418516546277,3069.32722148272,3
28.977687555450142,3.361978061402753,3402.4039617156272,3
31.33045573307042,3.30253890848605,3617.4071419766838,3
25.38686776430739,3.3594627226795053,3499.8440350536384,3
24.388090761933167,3.322292704486675,3802.4764904289314,3
24.243174373097375,3.321742665435164,4309.102818389889,3
29.973660651991555,3.242518233163826,4002.2921653092,3
24.09692791604291,3.354031599213568,3957.317098507688,3
30.589380002462985,3.295126078421439,3727.7016117583353,3
30.75706988092042,3.3642538218130524,3864.2087460054618,3
27.895829327996342,3.3681399274956227,3505.616402477465,3
25.22285256119005,3.253745232685679,3315.4076321833227,3
27.11392477806764,3.254060360083918,3020.7605909476974,3
26.542185420654594,3.2084474719524962,3307.7612959709186,3
30.028088079099298,3.275528163838077,4037.261102614718,3
26.393240987530774,3.3018878846968454,4475.520933659575,3
28.584295232407335,3.299653072119087,3959.0982704241414,3
25.78217611152155,3.2502429555011254,3029.2389474549773,3
26.694259022741196,3.365677405339386,4142.141270199505,3
24.36125911118721,3.331572218213366,3648.862394032132,3
25.348686261011782,3.323398250715397,3406.1270103943434,3
29.205388895983276,3.3617484388599,3067.398322711473,3
25.866146264639312,3.2180046548750614,4367.110010408899,3
28.803716896471812,3.3525412606297613,3498.853192786546,3
26.24293336931015,3.368306337104744,3027.3257923684796,3
25.52967839505577,3.2624357806944326,3062.262663407692,3
24.770952317924582,3.3488203561902323,3997.8168551124236,3
27.76931990895884,3.3065180785012043,3690.9535273201664,3
28.877299747782924,3.3911335020491764,3171.4045033142174,3
26.470100526016573,3.3026970608522803,3638.61572284239,3
26.1384384032148,3.3818106825452086,3784.498566960768,3
25.271735262958202,3.200738709421248,3783.4513715667076,3
29.791270263739612,3.3678198123073186,3480.680009233021,3
29.13110253334044,3.374758388692784,4044.8007247219984,3
30.447847243401988,3.255290740886362,3856.2567586228747,3
25.27338804272965,3.3293405678368404,3330.454865040664,3
31.768592351168408,3.285872580157411,4105.506172199508,3
26.884756071720812,3.3097272386800407,4074.9308344158762,3
30.053952054974488,3.233149269907544,3630.565012858263,3
27.844524460586044,3.38561835812979,3315.470663799992,3
30.794452248942264,3.2886905136592235,4049.9909854734633,3
27.071592652967876,3.2363586602262027,3885.9428754168825,3
29.25762593547144,3.3284483088772867,4022.3918541713892,3
26.97224373175339,3.3963452023446017,3794.916963093438,3
31.14818023432666,3.3528712482606293,3703.639816126098,3
28.005221852635227,3.2589802097960403,3220.8754368993987,3
27.051878441770594,3.2723627639140225,3510.488721587706,3
26.49927415933129,3.3245715089868892,3890.9859825605704,3
24.187228616092455,3.2840816943762468,3229.9910607868005,3
25.0681404745679,3.344986543274539,3330.8753279819434,3
27.790057487430996,3.2900619948277976,3754.3777754441935,3
28.634172143159798,3.3961392047278647,4325.971297694168,3
25.823991922827144,3.3358619314842293,3860.240083350721,3
24.287292522694436,3.362510278517866,4144.602482123391,3
27.427306253693008,3.3647844124924133,4309.508729281875,3
29.71573886526542,3.325537476893905,3672.5834716214804,3
29.368790560279606,3.3104378451117396,4215.069791902282,3
31.875445869364032,3.3161849935694945,4055.1971474735114,3
24.564810551829332,3.3582123360710887,3631.658185184769,3
26.51168157541004,3.2405050092836447,3787.722145594757,3
31.910663355502077,3.3757055369986517,3817.4244529131024,3
28.99452183756177,3.2079583091184394,3679.1971051593982,3
25.681047526763017,3.3028376669679713,3529.76080271747,3
24.518415708566046,3.2988225007094862,3088.059126952154,3
28.648247081190345,3.2739187769739746,4481.361756080227,3
30.09684477521226,3.3254375031450487,3252.3047511732248,3
30.61419382988978,3.2420195765875697,3396.0982425301563,3
28.093811478811137,3.282204982944374,3788.160315619844,3
30.88995642397133,3.391896964634797,4028.18651525677,3
27.188749437288855,3.2301875356402925,3890.923054801844,3
29.450070089624774,3.2360813410796467,4403.54562026831,3
30.290810147994762,3.3205254480657835,3948.420220782885,3
26.669917091025575,3.2176431529926988,4317.862473227925,3
28.37458247541,3.230937260282633,3851.0415779420287,3
30.312893005610725,3.3045989493184917,3581.0628662046374,3
29.245306121357558,3.3524835886035733,3766.6045914497754,3
25.0705208072352,3.3616842925944224,3973.6351519111713,3
27.907634616317917,3.383081675174519,3582.647931614426,3
30.0834009557849,3.3931448081076003,3055.9352467636872,3
24.947373571817597,3.2909363189133054,3198.8008009936634,3
27.8483810889325,3.2293469139776825,3832.7005802826866,3
27.100977871017413,3.3213390765986825,3347.2206860380743,3
26.19920765789086,3.3412880204787565,3994.4676744760254,3
30.796298827925852,3.3322705884334267,3911.600441316352,3
27.632971341688645,3.2092440340557853,4071.0583264377565,3
24.353909755988308,3.2981659596084114,3690.9022547605464,3
28.913467431888918,3.37245044040466,4174.627950896911,3
30.920250011997606,3.3993087440347884,3287.322371841524,3
26.83450589719516,3.2892182111937847,4200.748638449391,3
27.538073494203424,3.3479470150195976,4149.147294223621,3
30.718914735638627,3.3316400332730978,4319.898827059661,3
24.80120034950403,3.2658539195958727,3948.5562989713208,3
29.450764467964035,3.3535263498400028,3660.5274592004907,3
31.240546347661883,3.271495279858974,3965.917474898157,3
28.19838085642106,3.3235734620742563,4013.5772877848444,3
29.91320557729266,3.303315657785309,4066.6516084852055,3
26.241253510916682,3.2089424957501587,3552.0990885257834,3
28.072806628787212,3.2418473155866128,4457.816017355386,3
26.490906540387357,3.261713754963523,3725.612514991386,3
24.41125009366278,3.383949245067776,3154.5016921688734,3
25.219075079930363,3.245364345577027,3972.6167032802473,3
26.581632664849266,3.209843913016397,3601.493924111839,3
31.92384138369379,3.222766167408674,3942.0500319326516,3
27.14835165853116,3.3868787657863564,3801.188708782263,3
24.59718225858537,3.2074948975187234,3958.666303675085,3
31.026731543106525,3.290066849616036,3670.166619681213,3
24.427494518381973,3.376496029111927,3348.9490260524713,3
31.78818185940702,3.360859311786261,3941.717028917725,3
26.85728397526453,3.302475624221448,3395.843478147749,3
31.810613660396857,3.3149009955081423,3440.873237826562,3
31.319835469799195,3.397935152399395,4229.284759666432,3
27.38606749329741,3.3712449556995523,4430.714485391576,3
30.515228213170108,3.213278730857382,3327.675846774205,3
25.077700472662208,3.263859600543627,3328.7260560081554,3
27.98887297547054,3.3323810342078097,4303.037459741672,3
26.840537880795726,3.3889806576046637,3549.7111738402846,3
29.651347811043053,3.232033392193049,4365.108050661146,3
29.354879686075577,3.332509276925299,3351.048616093296,3
28.072351657957007,3.3923463829749227,4161.260770319519,3
25.667018455902955,3.2075491728435535,3847.83737136401,3
24.709825893129512,3.3118421172623167,4382.728221707985,3
29.29511036302446,3.328506592159983,4493.898723495354,3
25.814149214425036,3.2350100685657353,3136.6148820705484,3
30.836291491548135,3.347277601618839,3104.389881427849,3
26.775675810982513,3.347773230454757,3806.7787002243913,3
28.664623584321763,3.359419394119175,3036.9250214632943,3
27.732510144137265,3.241460790186958,3438.163798825957,3
27.07440524378771,3.2941885407403393,3382.65757179093,3
25.413487835356918,3.2244663437387007,4114.772688594849,3
28.57841517667392,3.3089538697651557,3975.802308540153,3
31.37262491149375,3.297411233585678,4111.344791031666,3
31.38678872162627,3.3219518707914717,3637.617481905217,3
27.535627603705965,3.267334021647465,4422.508576387028,3
31.180478761529017,3.2153845139050787,3996.9421515164595,3
27.235915932926183,3.310362279522129,3968.6501164090605,3
31.542335408132033,3.3782480671978496,3149.2239264373625,3
30.30188511390735,3.2599703786340015,3410.9126619756357,3
27.836101733839747,3.339810095562576,3088.8018620546522,3
28.72638966173801,3.3634596862829516,3305.8900979556015,3
27.89482723539241,3.289949697684946,3039.7198492823545,3
31.969790525940745,3.3182982665454817,4078.729373166587,3
25.002999456883344,3.2810136188397045,3996.992437807813,3
31.975365653119326,3.394218686522964,4156.20515246259,3
24.229374397510753,3.2303125298392064,4442.6530526597735,3
29.075319191687157,3.3938488840055814,4123.902831966621,3
28.601103766322673,3.329161929466043,3577.321767716953,3
30.553360413739956,3.2233150117961022,4336.146856805107,3
27.3249289618201,3.290483977585554,3185.5483130222187,3
29.970039092156526,3.397989535950851,3621.380546225798,3
31.620372002003165,3.2002991320782153,4496.075454107358,3
29.9728439089153,3.38305412119703,3417.5493785490858,3
30.49046182335197,3.3843438730121727,3202.506489264647,3
30.792237033741888,3.2256011875475044,4020.3940093124183,3
31.830786718140853,3.2537329742516854,3882.986263199021,3
24.316942636511953,3.379928874952447,3313.92640215212,3
27.50174498390849,3.2846753441597922,3331.840103453128,3
27.367808192266352,3.2716166848200516,4110.813722418263,3
24.750298766753254,3.3728488586132817,3921.7880081845674,3
26.61918265519857,3.327132940745993,3414.841188963983,3
27.228843159693337,3.2548695628252116,3041.32576627698,3
25.313636673169658,3.249062646592951,4287.6618980790845,3
24.501336899871898,3.2608090905121956,3593.7838874834815,3
26.88397201503998,3.3763364185499696,3211.028631403759,3
30.472031377368815,3.362711224038223,3165.955463355993,3
27.06984080352383,3.2979232516163703,3193.232786834504,3
25.745482269912024,3.313522330797548,4173.65989479353,3
26.853633507195955,3.38091918027825,3572.706889178963,3
28.898724414927106,3.266971017950796,3874.3891060064916,3
25.263605811557696,3.2365415401547666,4028.278341558343,3
27.00503276889371,3.3761597294549768,4218.027319453133,3
26.389044499865527,3.2089962393437714,3325.2815048695634,3
30.866519985720288,3.3585625617492885,4221.715628331989,3
26.587010979800233,3.394560547439606,4114.683700513622,3
26.67618044276685,3.2127091761359683,4083.2875753877747,3
25.666290153964965,3.3873582300272513,4452.847245174335,3
30.235900419267917,3.3850719193866046,3384.471161154153,3
28.39461197849096,3.2962222280214455,3271.6713406863373,3
31.28483972167633,3.2457387634704458,3002.1896411533235,3
27.75057588547637,3.248240067000243,3350.9042973376136,3
26.021527524301497,3.272239441090812,3567.577846177603,3
29.911496919140607,3.2167384093609326,4030.2699729339806,3
26.339285706297137,3.365891723629792,3224.0765347930756,3
24.742359943059487,3.2521428729544315,4172.7198470454805,3
27.663907499669975,3.3034117243685674,3884.8784982712964,3
26.534521354058757,3.212705531916042,4312.39800954325,3
24.064617829889848,3.2027928018319054,3484.023761666096,3
25.95088174586369,3.2991094226399533,3653.7346444648792,3
24.758068651785422,3.238863834815871,4047.8492345510153,3
30.435129307149406,3.300409691112635,3090.6020371225327,3
29.78469328264655,3.307182710588609,4447.578777116313,3
24.68619282913326,3.241226085398044,3127.3772911916235,3
24.73679369320385,3.2129845831545754,3344.031099217147,3
27.85104868023757,3.2825105595154023,3947.329694388234,3
31.56230853797124,3.202956428357788,4197.849283719112,3
24.620929929542104,3.2912215204496946,3068.9606374434684,3
29.37110396655733,3.326172361559429,3480.805169660179,3
26.409538395933744,3.2661336969747934,3681.7581366269687,3
24.423032308014996,3.328462963622683,3977.8950332398786,3
24.018396743702166,3.372744969171008,4233.130245646096,3
29.25236560093895,3.2488782240815426,4213.144727651086,3
24.576815984981522,3.3884131405700413,3269.6295766933736,3
29.94436783767795,3.2024474760953257,3050.827315897777,3
25.477489483072617,3.210845966912835,4438.447513064753,3
27.453897707121296,3.2670481264245614,3970.900853055584,3
31.53904726118667,3.381990722857974,3029.2814632523423,3
26.611527437896278,3.366188480165758,3253.131313489166,3
29.927203541730428,3.2191675264973583,4182.603748976815,3
24.218467974884263,3.2817715324169394,3055.9656050990675,3
26.520296756946315,3.2512189109917857,4108.064476964222,3
28.531118401388376,3.203818662606848,4474.672790929783,3
27.214362706209116,3.378567290678395,3309.5041893300263,3
29.921508521992372,3.228129904163964,3204.3894855936464,3
25.093040602080546,3.207471650885801,4486.829487554391,3
25.856857470814045,3.395463008563379,3196.607065976408,3
29.3187138543189,3.2094383081383087,3567.293301728497,3
29.240120352955536,3.2191211580647234,3995.2190724983893,3
28.911593780369063,3.2092714158450613,3114.2129489607646,3
30.065317404731186,3.2512051962825437,3460.814186315274,3
25.789017294399503,3.2202057498580863,3342.509560636966,3
25.394474528051447,3.2363070927813995,3568.869822711348,3
31.78286004762314,3.359321414254125,3238.3274713429973,3
29.86349925981193,3.250832595431112,4248.773341380192,3
27.29376349921673,3.2566616465646874,3190.234388043366,3
26.434234212974935,3.3001194602246997,3448.3031494766483,3
30.433257955190484,3.321882381204841,3642.866993820547,3
24.039812217549244,3.252741775786355,3768.4862431410147,3
27.435190152724186,3.2535245376435933,4118.389240009402,3
29.837460029735553,3.316668650434547,3535.5572537856424,3
27.49812327327455,3.2907634133646746,4005.3614135671896,3
29.000819021756097,3.3733939212872754,3364.511947675162,3
29.29496810274413,3.310029293055797,3938.004736396851,3
25.41877553593102,3.2943795425152445,3348.847959860868,3
27.23812686412568,3.3548794062318135,3502.5779075089727,3
25.420509159402776,3.2767296671596715,4439.764235221013,3
26.967410493735915,3.2665031247775564,4270.746920275966,3
26.140088587279635,3.35280612095777,3585.740000864128,3
25.261648438556904,3.3575068417881253,4308.633826954155,3
28.0871760881292,3.3239177046956456,3625.4169694730426,3
26.40117043883958,3.253320207406182,4174.3516582841885,3
26.955791307638613,3.2498427188460823,4273.645030586613,3
29.583753548316366,3.2318507914074415,4317.35725448173,3
30.219637572314106,3.3897944454413578,4385.78211522297,3
27.150453474182022,3.343935835835011,4000.718106633086,3
26.704510939620633,3.3122386032053237,4048.4144254282883,3
29.597677762862048,3.2815444262732294,4143.072091974704,3
31.045568929068587,3.3153173469773596,4332.451451571932,3
29.983501330008604,3.2308191944504325,3304.619412982964,3
31.286265415374878,3.3509956434218378,3582.997645886893,3
31.390231585049044,3.230146909203843,3155.7833754628405,3
27.79856855164744,3.2313308457150365,3687.0421957616027,3
29.158890408148892,3.3868023491179162,4426.402278993853,3
29.95957330616095,3.309410457210571,3337.6837161753206,3
26.171627593785672,3.3880372325470276,3430.642176172328,3
28.38823010495446,3.300042257829134,3644.319686481954,3
29.35004708634324,3.2052268406941873,4177.403586706525,3
27.146371050520482,3.3076799812124893,3444.756615293731,3
27.763111328496795,3.3277830961888495,3924.250762537266,3
30.016406052673986,3.351783398607938,4181.204340370388,3
24.61731168122772,3.219236301413901,4290.8057511499555,3
29.390486535211835,3.3000186131645775,3153.157658123102,3
31.175497697687838,3.303053810679583,3295.9045697172182,3
27.695237105392486,3.2058453861547163,3035.6590201568383,3
30.451224458707525,3.2947967605751733,3569.9298409770217,3
27.772242825694878,3.2332092341408365,4245.316379272392,3
24.032535430370856,3.219083762576982,3804.921898593778,3
27.388898301989926,3.296394711671659,3831.2817749891437,3
29.692628027146995,3.3111863894704543,3210.7670057751957,3
29.855323927110344,3.31476816715003,3177.619120266963,3
31.833697385936148,3.395809147187285,3597.949606357871,3
25.571674501428202,3.353642747249976,4174.712842547283,3
27.536172532848155,3.2367887069632335,3964.0239718085436,3
30.70662898684441,3.3497330510290753,4487.251067632363,3
29.06267721441077,3.2777200830615283,4054.094378065393,3
26.75578139726237,3.281091897495262,4375.824475095429,3
25.530039346089836,3.2217769525349285,3208.903246166771,3
31.445981835429627,3.3721149158575026,3883.3581278866764,3
31.19422628286929,3.202269631944942,3593.7220022914444,3
28.58125950469163,3.3011254218913324,3997.7507226527173,3
31.947806815372083,3.2219674589954646,3963.4046620801355,3
29.620127016964148,3.2766535412052353,3438.905323551359,3
27.681316679026555,3.324084376409647,3677.795247728915,3
29.37787944230883,3.282338782670987,4333.621178437063,3
25.79357112756078,3.2657273131917024,3900.5234368540005,3
24.262891835265116,3.391186512097164,3162.0468247200743,3
26.799234794692232,3.354671473162203,3042.282302351812,3
27.210816846851746,3.3436830613715927,3851.9620339635485,3
26.176869257174825,3.3170202360062113,4142.366494862523,3
24.650430571716274,3.245284282016194,3408.9908817866603,3
26.175174785580882,3.29524760830051,3999.1594439705746,3
30.66584607851691,3.3313582924009975,3308.4726305644153,3
29.48520912370872,3.3066958200850576,3151.4859118751347,3
24.364723791213308,3.312670350887619,4195.916512000126,3
26.122417574442082,3.345674079749102,4432.565101270877,3
30.91980179751875,3.2987247610099546,3325.548677053363,3
24.591307460902662,3.25020908103691,3817.0614183889347,3
24.82983591559271,3.202084384821832,3425.105735219527,3
29.23562244834764,3.318062974010284,3986.8839390685703,3
30.17327249198647,3.209512129200132,3468.0142373485833,3
31.191667909783177,3.232309919437218,4367.865381024332,3
25.204177053549103,3.312364248679271,4322.668619859415,3
30.825726355135068,3.3851659225211588,3606.8933123279508,3
28.354329943612324,3.2065960761129704,4447.25974928184,3
31.009368158629204,3.3204443470233014,3370.4252578442924,3
25.155035681843394,3.3909546209061623,4154.7927634988555,3
26.062535673495777,3.379063739989278,4401.867919127351,3
26.41890731772883,3.2522266267063547,3234.748570633108,3
24.479309750171296,3.2638502973280574,3112.956013744885,3
24.49106727214807,3.295611072429231,4476.570437455762,3
24.76934692178151,3.3674666865754297,4392.285841829522,3
24.797514689291052,3.3841561400049107,3573.8542116737535,3
24.638699848885864,3.357440888107646,3149.2241791484043,3
29.615120761618595,3.217282080338472,3743.773083045283,3
25.62622540455491,3.227046318028407,4058.4325476850854,3
28.663734178653073,3.2618874146435006,4271.5462189954005,3
24.129790723106787,3.2270717521063315,4359.412120121954,3
29.35205524369667,3.200861621143776,4456.003515156699,3
28.166036221721495,3.3606008524525235,3133.309084532432,3
24.736125118686623,3.226504002273653,3800.8929339170863,3
30.80867514801031,3.2598147903637793,3205.9394395876657,3
27.87663101755897,3.3394400761650247,4159.1379795836265,3
28.860575867481636,3.3939505628289877,3715.1788527432873,3
28.08061131051197,3.2981718992897338,3442.5514810042027,3
27.429626297207015,3.3210392610307746,3359.0243362829647,3
30.308944163559893,3.2159382179938394,4377.0380559868445,3
27.994536239008035,3.3229332401910807,3167.686927100825,3
31.886987410721233,3.22442284641036,3866.8154231543467,3
26.290144393999533,3.2499007189890974,3228.4758845741794,3
26.786808746097023,3.3753957108376698,3115.126599410696,3
25.899748747491905,3.384016252063983,3327.4746855863395,3
24.411193335709847,3.319362394010215,3650.580364724635,3
29.29511685285247,3.277707211772247,3610.37341032366,3
26.026167202839183,3.2688787971990334,3251.6638244950186,3
26.585399816960116,3.3515319848894896,3745.7753197301245,3
26.495103054846595,3.2150103569060815,3209.2570939426264,3
26.90627314347003,3.2973117600689292,4213.280383120789,3
31.473897856926126,3.2933089369293294,3814.6624250204773,3
29.638293243264062,3.255183447183067,3789.0420276927744,3
31.278574964933874,3.2851837655759257,3907.1590328455527,3
28.053468559397047,3.396394960507211,3897.2285530577424,3
31.8492932354423,3.2061251019973223,3159.844372262655,3
31.923270918647532,3.3401512380398346,3511.7589492469738,3
27.611341616384273,3.3878160188546897,4375.604787643505,3
25.665657720900793,3.272812333372678,3757.793797068814,3
31.092101582625183,3.370347556457703,3277.1628855089393,3
29.105212254787144,3.217284404420383,3234.937399507945,3
27.23365867932254,3.3520843292078526,3543.0763163435113,3
26.93566662227454,3.2517981102806055,4311.073159254971,3
27.811287523660383,3.332667367224147,3125.4216557800496,3
30.872171401914056,3.330781900764974,3412.4071244205247,3
30.710657788663045,3.2010187282962037,4227.799254847552,3
28.073952177064537,3.3911441712990675,3632.047989464236,3
25.4402609622882,3.2081050512007674,4050.950101594739,3
27.560637699248154,3.3616053389051666,4315.546234411873,3
24.027443109060208,3.3276342913217327,4219.283491092647,3
27.273424598067724,3.3199010119721213,4008.801407625102,3
31.906203685521835,3.3608413931126835,3151.335620725947,3
25.084604831713357,3.2281437188501774,3708.096863143579,3
25.34800423337066,3.3003004397751616,3167.869692314045,3
26.809394828688003,3.3585487211638703,3242.845308407176,3
25.834947773386553,3.310442838293438,3272.290960642016,3
28.448531160057975,3.256781700273113,3804.539007889474,3
27.768339653417,3.3732656391792664,3789.4872487017105,3
26.86332690715335,3.3211991378531684,3893.647712651217,3
24.25559824712806,3.254583907264873,3059.48157596371,3
30.010474536075876,3.2535953170841503,3908.4039824679353,3
24.92657621074754,3.2746051429061693,4172.851204570889,3
29.636248416630103,3.3872025001738586,3521.196881293161,3
24.23761003172652,3.3705987884785125,4161.68068696792,3
25.553919334333205,3.39343641814555,4415.574944988276,3
31.421164700127775,3.232946397015666,3965.049626509758,3
28.736389406398057,3.384707152583662,3012.476029787413,3
31.43584736804251,3.257853660162777,3959.6953425155066,3
31.488065878445198,3.2718768417187074,3734.573235751914,3
31.844353857096127,3.319758991538243,3697.0775313732183,3
25.922112705064453,3.2255251510838185,3811.1336556283622,3
30.811898474263423,3.204745927296512,3450.852803002206,3
28.976477401715425,3.3820067031185657,4068.7302650577585,3
26.635426952992965,3.2602564574438353,3920.2833791750786,3
30.972696170750517,3.22524953303731,4143.406584786604,3
30.087603623055823,3.2191213860062287,3984.023954337037,3
26.303289679856952,3.3111340350061513,4200.0013032387515,3
26.30269633130812,3.3767571905684592,3194.210360574375,3
24.29130120130099,3.217000489892899,3765.399149302601,3
28.44372427024474,3.322048631643165,3034.836654617662,3
25.77610419726424,3.2688705749775795,4472.026858725975,3
28.47396317973586,3.3420736982942634,3038.381291075492,3
31.963094188412697,3.2929318302248585,3878.1890495038797,3
24.923269550063274,3.2291817934771583,3333.656020835319,3
29.285226501260105,3.3450770689620093,4078.3681483157316,3
26.004648085305874,3.3835424615500265,3360.086634741775,3
29.7639727236329,3.3192522623773053,3021.5974409065084,3
30.51456960033975,3.3105099191116736,4436.7746382979785,3
31.319732576190635,3.3568495681465884,3888.9423708966033,3
26.448488455884025,3.353631168634975,3817.552155074337,3
26.22605885187223,3.31518251284181,4105.1195924952135,3
30.672924603170266,3.320548567123337,3645.458209992138,3
29.10106218152278,3.3378940899640877,3539.569873391843,3
25.22580954550635,3.3215473783031144,3815.289596954711,3
24.118181429938208,3.2133355181334733,3073.6579384757015,3
26.652475680135407,3.2919395495065937,3351.058805577966,3
30.04916818579247,3.2742509297192877,4340.626162348715,3
24.663954818193506,3.26366947910771,3666.794883378948,3
24.74586736717483,3.24453414144852,3996.159339805305,3
24.55289693467861,3.3175491778536412,3828.2037489102836,3
25.120107314450404,3.2439903983995593,3031.7230344677746,3
26.24282307591744,3.2957821260733695,3598.303933786838,3
28.910244891686975,3.3280295470548715,4273.470399113422,3
26.366087750753955,3.2602587960061906,4161.034130619528,3
27.991177133302763,3.3818795892303437,3485.3398540933304,3
31.01151524851275,3.2018300585918187,3423.694304848409,3
25.473485603355662,3.3487893270564655,4351.530239638298,3
25.392871213709824,3.2602963067774233,3008.146368007524,3
24.25527788841168,3.216003302416756,4064.447624645401,3
26.462513691819368,3.344029257194689,3513.6700090740187,3
31.538374714440437,3.2796640554075727,3162.9105362677174,3
28.27661748755196,3.2630650571860906,3423.401146888144,3
31.65350387006754,3.3856333092284117,3576.8749020993832,3
30.672770827948305,3.3126199183002005,3568.8566223040557,3
25.297212259623432,3.2329084446563163,3678.8154167167077,3
25.913294672772253,3.352577779014252,3333.2132357812025,3
25.15519127968446,3.358965643253829,4013.8091299241473,3
26.328933260371464,3.236256627635535,3334.1394908550146,3
24.660535116324336,3.328007187750668,4382.51225913938,3
25.114395947775883,3.277374974230468,3070.089113220734,3
24.16204642722895,3.3656278657016476,3908.0461980193104,3
27.13847989939576,3.3809642089631353,4035.5476784723824,3
28.800753837266317,3.2885243716209107,3149.713943753943,3
26.36392628856173,3.2313948625329716,3209.113001175234,3
25.0481756941344,3.2604070962771967,3611.49908563906,3
28.332592840648363,3.35381972667103,4357.853630227714,3
26.87346081045252,3.2481475853776045,3264.9633123268995,3
27.24896165027915,3.3208247217683735,3712.7837516054387,3
31.924142052782344,3.2009908518138754,3332.7148933732324,3
25.00961523171703,3.2709902506344384,3050.4924410715216,3
25.72359067923486,3.3678003046372953,3879.967781083139,3
28.0008933571075,3.2604140706831797,4170.572297740682,3
30.57058890809368,3.2015179860367575,3227.6844113065285,3
27.343894785357694,3.334284886099456,3074.07466259046,3
28.611633791885346,3.328597391014574,3318.257991866276,3
28.95196141157704,3.297881805306964,3731.333137728603,3
28.829622510778556,3.200412333098255,3969.545345570867,3
25.47045700006087,3.316353448700951,3513.045830450953,3
24.79560013871091,3.2292449790003985,4262.687835912611,3
27.012583417626743,3.3435883248999945,3421.878677370554,3
27.937835279940984,3.3028245504795937,3553.3308577574203,3
31.758619642239935,3.2618208706415555,4090.914059309632,3
28.634936928600126,3.324329815524661,4347.878723411241,3
25.81523597243252,3.257130933990958,4169.674450634784,3
29.815650511014546,3.3954832050460504,3205.9379299998795,3
25.874662523439156,3.3924746325389603,3976.683458318259,3
27.74978467616279,3.3832098048654795,3802.1774620622464,3
24.603750126651754,3.266299531425304,3435.1483325600407,3
29.871335106369248,3.36757335699359,3666.46289760068,3
30.258970662360788,3.2236539462431355,3444.2667949536917,3
30.055495938822254,3.2391623417700517,3921.8039190191785,3
31.299503571057922,3.3839993403558126,4005.4499342187364,3
31.792279511627747,3.2855816393631643,3631.6595389659415,3
27.42408879637607,3.211682662881316,3266.0159220814057,3
27.767451205736556,3.3792661514277245,3627.717626648231,3
25.00017291465418,3.3567507022254146,3241.0213424645935,3
24.692324329696113,3.340058640611176,3482.4071126260483,3
28.379519823488238,3.2813558916184022,3112.1944768200306,3
29.770889796313497,3.211974820726931,3198.9360955328775,3
24.55397979469135,3.222775437520134,3718.212182041029,3
28.37675575493292,3.3854721820977316,3037.03657655557,3
29.03359620725546,3.2955646732935473,3641.9394276033504,3
26.682397082214024,3.22709665619011,3298.4353336412387,3
27.89035511750604,3.3078302150305148,3879.0747988508137,3
24.572898558914943,3.2276118984498843,4228.284436240811,3
28.134533865479334,3.2568967769252084,3769.4304988763015,3
27.312680555621995,3.382322967794508,3126.598280009676,3
26.288536002981846,3.2304443815444026,3468.0419968638953,3
24.172587575915003,3.2057836010142564,4119.940021969504,3
27.62844698608983,3.267330410738154,4362.587489442837,3
28.558380708237976,3.3075747990080706,4361.887926970712,3
25.18802123509058,3.2486579428658473,4046.2398377630952,3
25.657432624292447,3.2519306189378407,3517.524837959989,3
29.269644714973516,3.300440969841863,3570.7681238547275,3
28.900846434157597,3.2253619908852857,3718.6429047785223,3
31.71553406330184,3.342721122887514,3155.81897091748,3
29.272887203320515,3.2403410878799073,4024.8338896997384,3
27.301876326948317,3.3140249372595227,4323.694590800718,3
26.726617687673375,3.2420618622293325,3786.1655588749954,3
24.329952960863565,3.219672368137454,3412.911552334436,3
30.966385545154445,3.362905023079865,4205.938858749685,3
25.309339743872243,3.2855940571321836,3439.962834654746,3
27.448660638637328,3.3731597286358714,4315.359724195847,3
30.97203635498807,3.2737600491398777,4208.417731982509,3
27.90281404155962,3.398684640645459,3474.5680929620385,3
26.7634097469215,3.3924472195026256,4364.471199923097,3
27.912071582685844,3.3668845495066515,4009.289189726007,3
26.512122924944897,3.350274186411355,3920.7789905177297,3
31.81942262713508,3.2520355426206216,3662.488944682871,3
26.34804139069799,3.285172097622965,3247.865403203252,3
30.513167309890363,3.3155512635230706,4062.528535344039,3
30.643687791843043,3.2043360446495224,3610.7872123314883,3
25.104718346291865,3.2011627137043686,3620.5003087767445,3
25.03691094939081,3.3134965247196058,3491.1595680433,3
28.270655031729298,3.2667605681102696,3165.6758127387525,3
30.54738746119546,3.2108473239337925,3633.130431697574,3
25.010986730497706,3.28946201484772,3627.4180409664805,3
27.937520097453778,3.3194554089675217,3347.8911544069865,3
26.556613487133582,3.2043569812385573,3661.8336384361673,3
30.22100932690566,3.251480125911258,4316.126235765718,3
30.931781955866995,3.214589844839261,3863.7165116463625,3
26.409294214074983,3.3737353053429433,3985.4580142237305,3
31.20827478196444,3.2372092919757134,4181.345727418583,3
26.341659301100943,3.298685539456411,3825.605694301166,3
30.85624609527429,3.386983628354373,4049.1529034787945,3
29.839377027692272,3.2012504745824257,4366.1510207577685,3
31.77972593860308,3.344607911359128,3695.9979397512698,3
31.017764993723652,3.274716061526861,4296.164384850181,3
26.330453735477597,3.3310878501116328,3688.9742449247597,3
25.628894342790737,3.3299460122152627,3795.0199717864216,3
24.748857873237426,3.290556710296125,4021.270810071178,3
31.574673768505072,3.397008840661492,3216.8833954891766,3
25.944123816076985,3.288941475220185,4096.973747442406,3
25.24848006328437,3.211220057199098,3851.5116573302184,3
29.62528158841885,3.2633312285900584,4076.9338381057296,3
27.15766009618268,3.280040208646562,4095.0359434742873,3
24.0940057274952,3.239426072548324,3945.580117965824,3
29.367218800820396,3.369740472529668,4175.951165790251,3
30.464095444692376,3.2852677020437437,3007.5120949456305,3
24.538908898141354,3.2276636583853975,4190.869236315314,3
25.212389470760023,3.364341211243195,4261.676308829088,3
31.130730503089147,3.344008282834126,3777.4705433024073,3
28.0270383309189,3.2536843540169302,3582.1596829208956,3
26.025018201663187,3.39293793271434,3815.1624308012933,3
25.636742114594654,3.3505476135201993,3634.866552396296,3
27.610870878439847,3.3152514403775717,3035.388503704577,3
30.31986853537016,3.2332771225847377,4465.992648104693,3
28.322058773353817,3.281094335762807,4085.948705735498,3
29.105099623548625,3.339462372968861,3572.4046953475613,3
30.81457056615163,3.328022998090354,3380.5386680161787,3
31.338836090924758,3.3781305081171777,4315.18541526091,3
28.795151718442487,3.2048053675328068,4478.072139891513,3
31.33781507130304,3.255986347151189,4073.073238097736,3
24.415988571269786,3.3734173911628087,3219.211435810215,3
28.97305306014962,3.352719551126906,3141.278987863936,3
28.511403318079022,3.2430297946545488,3075.8278222268846,3
29.224671004362307,3.377999788335889,3002.3707122585956,3
24.86624961488974,3.2663604591664277,3587.865151885725,3
27.80154754787568,3.3574166326219292,3796.363896633516,3
29.52738493052583,3.3416963378224995,3090.9615423291857,3
31.0222004681103,3.2433474271769205,3786.360074720448,3
28.076568637912096,3.327784466381866,4092.651433134165,3
24.28577853952892,3.251056178864922,3103.1384433047133,3
26.254764202918757,3.2543878514200304,3096.7476977147744,3
27.245335065422182,3.378724963231342,3510.5557601727237,3
29.49682862839561,3.366727568701167,3287.207339168627,3
29.074443260105262,3.22060556452638,3773.062338247475,3
25.737931876022326,3.2620588592560313,3480.258452356183,3
28.04548669159047,3.23941699868748,3937.0736394755795,3
24.09617800135072,3.3844348794271286,3774.9631172281797,3
26.542089246596884,3.2563664472809117,3165.874793157729,3
30.726359475591288,3.2901605942084116,3394.1337898306656,3
24.72968387377659,3.3854282805445766,3056.7654432654144,3
31.108618048583846,3.358061964678611,3985.9298769828565,3
27.238387578574283,3.321261868666284,4041.1783597735543,3
29.16670433898474,3.2408411867674185,4052.888376371139,3
27.48745161851697,3.2213406180826034,3774.419382645463,3
27.11409779931863,3.3961905238014953,3776.521279906267,3
27.379161066581176,3.2170374908577655,3857.3580882740334,3
30.612813939547806,3.277076021490307,3535.015522093583,3
29.886745256948874,3.304263252320833,3996.3293861419716,3
25.27865090452571,3.213134577090279,4304.80791037146,3
29.755337257435773,3.3729675040067493,3499.926348973067,3
31.8323262057489,3.2414758732541262,3285.197377921041,3
26.85229656956338,3.3078237042829004,3882.505616868425,3
27.37585612101251,3.287946328082069,3225.7768060311905,3
26.956940129215344,3.27294920675733,3359.8837398968335,3
25.979720925003434,3.3312267193097873,4155.925124726189,3
28.073438892548946,3.256457732855115,3582.4565795501276,3
29.275665232063904,3.218852869373746,4358.226886178467,3
29.60319265615808,3.2670302175872896,3065.9282153378217,3
29.450555582657508,3.3078851711964368,3402.2592834876236,3
27.40257927344781,3.3096106014920434,3907.5237665000664,3
25.66413992668989,3.362957450561184,4164.775354470225,3
24.05168057391792,3.35773862230098,3512.1176093485824,3
25.260722392854102,3.365146361979881,3268.975495614154,3
30.031598292842425,3.2859995001443134,3840.7032522996324,3
29.178791953443202,3.251009253139281,3105.378924208276,3
26.967802572906383,3.347730472251952,3092.783777585217,3
26.559481568681115,3.3749575622645898,3556.554416664975,3
26.398593749193495,3.2212990685824767,3358.5911964671523,3
30.43033442165664,3.2934231472286353,3286.4746843064127,3
31.32212960765684,3.3070341749729177,3846.890055834224,3
27.775210924450256,3.37720021713087,4263.712791636222,3
29.11126854757547,3.353105145437496,3336.4166614770834,3
30.920233411492383,3.3689222233994562,4425.246440046925,3
30.34686508626436,3.2938285417197357,4379.860931289169,3
31.601011440495753,3.2231907250298124,4318.350778372386,3
28.010101455002392,3.228041710434913,3193.279228629528,3
29.85990211252758,3.330494644498757,4382.391021240606,3
25.58735626942496,3.3560465523638414,3093.1562985026953,3
27.540683025562764,3.2165888371265337,3110.7018537523363,3
30.61824262985921,3.343265597309991,3418.708436839861,3
25.547696906042294,3.335027136341136,3733.800868680275,3
31.107583801615863,3.392862394529326,3523.849337246643,3
29.269174723829536,3.3697532576645175,4037.9175954286793,3
27.576282083121278,3.293930211803221,4136.329515434401,3
30.673749263758637,3.356740648615083,4355.033294821997,3
31.477404601592394,3.335571143894827,3874.2637614064984,3
27.797894007464436,3.275239642507977,4064.9552459214697,3
27.476019939772307,3.354376146791519,3604.551181269647,3
27.642071628971078,3.259199126125413,3911.2762299738124,3
29.787435333803977,3.275525533443712,4282.186913777579,3
25.558170931790592,3.3557957370072815,3025.1005800975904,3
28.919946117007726,3.273329098749666,3243.053842874747,3
30.592960526920915,3.2563097863569506,3208.4760902571225,3
29.395713590375294,3.3364301543126205,3547.4293956921897,3
30.242650595837418,3.3248285996918243,4435.824768060012,3
25.458391733597765,3.3675577150110056,3869.603664821627,3
30.081912413738532,3.2487754493714487,3936.026667799258,3
24.106281546274108,3.204250239375004,4040.2258914894337,3
27.82592604588043,3.2486493325551353,3076.0532002496143,3
24.912141283427175,3.2985683542319997,3961.16909248776,3
24.914315169013502,3.3815745799909296,3493.800750394729,3
29.96177302015418,3.2192365453300718,3104.7949583236214,3
29.670713474083186,3.381906090902376,3629.1694536310515,3
24.245840043063126,3.206539340517745,3602.587243360467,3
28.484200392473973,3.343553561283551,4004.4675355122954,3
30.75756391696491,3.3819470127467275,3897.2121716075817,3
30.908136341351604,3.3837027696578064,3305.758830225206,3
26.549156027377986,3.301520019025197,4070.8812722512853,3
26.865253060579096,3.378886179758994,3900.5843837719385,3
24.862375633936406,3.3140910050316448,3708.5185063304857,3
24.73031746257556,3.2504298215872107,3364.4565042143945,3
31.16997210448268,3.3010714544715394,3620.3382483679193,3
29.068562411507287,3.370612754350351,4018.4892255425443,3
25.9205211885162,3.23115326616607,4315.017992729656,3
24.732953962231353,3.3989829092468447,3742.7879119613563,3
25.109672535496163,3.3314799374456228,3635.5006452198018,3
25.17002158037902,3.3036895351737545,3466.256537250245,3
28.309808393303907,3.2527739269410243,4333.568318767657,3
31.21313370266236,3.3977002556929055,3747.591907188639,3
25.028285520678654,3.2005227447143163,4216.455162611153,3
29.513648800884468,3.3469274888564664,3987.085630221174,3
24.166328939563293,3.278224594390498,3075.3946132917304,3
26.433553675802926,3.3492565935507272,4185.076201179509,3
26.557036345363645,3.3178456545235036,3839.6580328402633,3
26.70336343525668,3.2416942981241665,3215.718090569715,3
31.01929307666669,3.280128878287015,3977.9019058955787,3
29.83706510406852,3.375821649499185,4044.4149251692816,3
25.585179745456692,3.246894355595512,4348.002059383631,3
30.760125974145808,3.381915247763798,3572.702742396375,3
29.70214687363071,3.3665211988937287,3301.9578660050292,3
24.102907782161783,3.381414900806863,3086.23977078386,3
24.301730131467156,3.2104830496405414,4231.312339724509,3
28.709154262232552,3.213193299700386,3665.60754746974,3
24.911664469666388,3.200710300817404,4410.828107992367,3
30.828863252636772,3.3063389002787718,3068.2374661271406,3
28.21381864808185,3.396479444128804,3346.7308068688776,3
29.592162487020452,3.2557358087069823,3503.319265634484,3
31.04624932666571,3.3200273346245264,3270.3861134042213,3
29.463542524014255,3.3243275072270557,3345.9425812363925,3
31.38769944086743,3.341255423755385,3950.4024768306226,3
27.33727249054298,3.2177040923274185,4155.7013280824485,3
27.151264856481177,3.3067579178753346,3964.403114513115,3
28.09475951128421,3.3621548996602706,3211.355465356878,3
25.096843104027457,3.32703788493438,3780.349301636986,3
26.790320983710856,3.3968284157890336,4141.787320886148,3
26.424798654306517,3.2917727871151707,4046.4139524110233,3
26.051476941651316,3.2915997055870356,3006.61507823952,3
26.779860789260898,3.3435615483228682,3111.4015658443327,3
30.62567006726051,3.3995730759028744,3055.467469835563,3
26.790812234931032,3.3096960290474855,3318.924325517121,3
30.238039299349893,3.248901377630781,4293.164916751508,3
27.46120312793223,3.3859737160843655,3907.385764795162,3
28.949870974054228,3.258043183354634,3210.1227298520657,3
28.46159640458402,3.3974870862436175,4120.7470638999985,3
25.119446555809137,3.284438147554404,3349.9379990032453,3
31.98958560277175,3.346689307486287,3534.6114047379087,3
24.23025302633453,3.3456946553347198,3608.898534026961,3
27.886574114986704,3.2957872415931213,4300.294138091371,3
28.07269689412353,3.295743246969772,4304.729796834402,3
25.002122262609127,3.30615407458349,4215.926560426709,3
25.733951891014996,3.3853673893752507,3649.2308574585295,3
28.207716876629117,3.3329602668684246,3536.9450280356227,3
24.702252729458195,3.3309480747528557,4318.767651007543,3
30.258534409992713,3.232293004482821,4386.553312926559,3
25.37518051815775,3.2317830610037976,3638.2462122436673,3
27.479850735894036,3.302944648013715,4037.0036596119644,3
24.089544509045837,3.339847397339026,3292.879633820592,3
29.14865090829623,3.217125055118803,3593.365106137665,3
30.536182899765052,3.233801615517231,3825.895111994805,3
29.126590764655255,3.335195660430179,4071.4744084114263,3
31.73964760358311,3.2001351512429115,3437.8594569831303,3
28.669856324305385,3.3616846983402833,3848.8352664310896,3
24.849379785989466,3.264691769095359,3934.1078413088258,3
27.8421780148061,3.2304587847498567,3484.7513919459484,3
28.826092948671928,3.2992011150422424,3445.2823403059047,3
28.39235698214797,3.2375921948434936,3836.0085013707494,3
31.676735981825118,3.3064402178296994,3476.3145779889824,3
31.39422142937421,3.383691203162942,4411.84438538303,3
26.32727045564642,3.3546413383496057,3164.9313118682835,3
31.577796267313268,3.2775063161993945,3724.7860697627266,3
28.661698710231242,3.3143314332812595,4430.142679301085,3
25.11260095776506,3.3914532273247913,4294.595376285664,3
30.939220511703592,3.270183774533022,3140.1260229873687,3
28.263014700496267,3.2160557607535827,3172.1119801359528,3
31.815964895985715,3.3051164246030607,3060.027324505654,3
30.984299698560733,3.2722121965495763,3066.3367442901417,3
29.74719456454927,3.2367271337835346,3405.3847956803024,3
29.63204804888945,3.236189407889326,4421.893333638916,3
28.48942511291925,3.3777987234164404,3525.02157353266,3
27.70444428875554,3.2099578956163817,3350.1389095947006,3
24.133282528754556,3.228259178384618,3295.0692424998338,3
24.987929529051502,3.3462172804432937,3225.738306190842,3
29.06896072704749,3.212761571472505,3761.2564998399175,3
30.68490532789016,3.207225783904504,3413.5803341359056,3
28.5729653092763,3.393807834421035,3602.8487554169437,3
29.145023798985882,3.268925909920387,4493.199919451446,3
25.296407534304972,3.370196414275516,3612.703389141615,3
25.686564911653985,3.2238132456451476,3841.629407007249,3
27.075534234532604,3.3772871018079633,3021.4464825459277,3
31.617804735808065,3.3277877303891863,3030.69963222511,3
25.08881204202093,3.2523358461044674,3259.96886182683,3
27.079157689285772,3.3421171313874045,3209.2003430283366,3
29.61399214297117,3.3148435450363642,3545.856581044106,3
27.756588276934067,3.3585210051160708,3952.949455686899,3
31.953138591342128,3.3394572374358362,3490.6207041794983,3
31.073036657684717,3.3380759106457556,4210.332663717564,3
30.101121382539837,3.2610151058301753,4419.109584952553,3
31.688248729560463,3.273495718689697,3612.602114727763,3
30.215782338876558,3.2992075610991005,3075.4998492287195,3
27.043435307905085,3.3806436233117383,4183.689755612684,3
26.89509610211499,3.2607857767539503,4409.676678066282,3
25.750958457850572,3.266061271316638,3099.3096320610525,3
27.04653779597976,3.285827475631719,3823.910651883479,3
28.291673461357355,3.364544252185275,3531.5498088023824,3
30.991987259037096,3.239725329974677,4121.559952504924,3
26.14134380261162,3.239659829119666,3445.7136371864744,3
29.931274763116217,3.2457281793078043,4409.728271188712,3
26.825389722282537,3.3094065233241023,3644.010325523776,3
25.28016900150037,3.283298183727451,3742.2906103844616,3
27.473412691273534,3.2783274066893315,3450.2706090573984,3
26.505518689175698,3.230851493819503,4291.154344780967,3
30.491232363028715,3.294552453406034,3787.2628487052643,3
24.036603386659124,3.3015785081700866,3913.81276453138,3
25.949625501577145,3.354627913063499,3976.016120421598,3
30.171628165494315,3.3220168047560046,3328.4461519246843,3
30.63296596102881,3.2503644500684232,3366.538721055016,3
31.80317406229974,3.286124713714148,3895.9974074890665,3
26.69773184457544,3.3071143910760785,3534.690570701994,3
30.105271740201694,3.3580891136908555,3479.371774127819,3
24.476587078641543,3.3989052217017575,3048.7897553609696,3
25.398947687864997,3.2538279852284386,3695.758146029802,3
29.86253087656091,3.201638110058213,3687.3705733821803,3
26.242912600768527,3.3835531949785524,4137.4792706270455,3
30.06789792753166,3.3134289116348006,4045.7175286538404,3
27.574692680077344,3.3829356651578903,3735.543518517697,3
25.135027935775298,3.3944219106291094,3472.783684590399,3
29.07948975494319,3.3844171752711527,4000.7645046688604,3
31.75595031294972,3.2009574357296366,3843.7799746777027,3
24.228618804421163,3.284342025425594,3503.288664334139,3
31.942454180190808,3.221987736753147,3058.638873422142,3
