temperature,voltage,rpm,label
58.66584662000491,3.0617055088738807,1807.53441904347,0
27.749361557876476,3.184976246218537,1469.456863860992,0
25.094052835648124,3.0916254512436274,2376.483371394586,0
23.866656095570477,3.319965769353576,2491.923312883622,0
76.48558394517121,3.1700522267157885,1514.908375728255,0
62.85529196878657,3.2054504738258665,2925.8496790291524,0
68.09745940279117,3.24044857706523,2749.437978882116,0
39.72906545597547,3.0633199131871045,1770.3957146125992,0
58.42614251346581,3.173891521524734,2000.4242005572457,0
56.613015298000754,3.0951465401320624,2546.8628837423944,0
77.05009926754022,3.227924916332194,2265.6182644686437,0
25.37757004204584,3.1514877530929826,1861.4265281003538,0
70.44487211684337,3.1666269568777206,2400.76136516675,0
37.41817252738706,3.196494165669919,1785.5999208297753,0
45.34971734902814,3.102819540495112,2955.403053555724,0
57.952387780790914,3.3390578647448184,2061.968891098625,0
77.83927543142882,3.2187310728119836,2899.635687226007,0
52.25259437472492,3.137721062114261,2407.2684650840224,0
48.451571371156334,3.405934819563829,2776.7120393083233,0
72.00290350734711,3.124486004761925,2383.086687525089,0
65.1589774353757,3.2248357922444666,2605.0889405529806,0
74.2599228433147,3.3514715267023725,2695.5444835901103,0
71.22387850411691,3.3805067072795176,1535.031360365881,0
30.083052564841196,3.196773368297612,2292.6009166787558,0
46.807305675541414,3.0871857593237384,2211.220485968207,0
60.604498230714015,3.1968177738557872,2212.075720461931,0
42.29231839149747,3.2510986868043745,1746.878413609265,0
72.62814756305997,3.348900792848084,1539.4842656961555,0
35.05855730105304,3.06051076890545,2857.8822016195286,0
33.39587723684963,3.0369338609749645,2078.4937016103095,0
63.783653738471074,3.287647768511292,2904.287887205513,0
38.26946819612009,3.0780260524937946,2102.9687996893863,0
37.896610977413715,3.351495010506014,2159.144032406848,0
69.74010690729848,3.3952288185951676,2826.0518736290996,0
50.67991968544631,3.1082545761963285,2037.2468465693794,0
66.30363048371208,3.256202021618412,2038.2670196226265,0
53.63075802015184,3.343389775770899,1617.9647953885794,0
64.09239710846971,3.0025840279973437,2304.7742411776426,0
32.76516521079236,3.4098309986186566,1517.5408825726554,0
30.14740465972825,3.335270334800716,1766.0781522503703,0
46.948093989297334,3.236403212336537,2207.1991573958458,0
45.011473345252604,3.26175442395604,1895.542189326118,0
28.112311830809183,3.193957167686494,2951.206945829603,0
74.77806296462477,3.3467314595551425,2771.4356066184073,0
69.74832458488392,3.2850103475474146,2384.921585657634,0
40.211736670399716,3.278671458862058,2862.7425852567667,0
29.151143512235205,3.2107581532738045,1830.2932918599854,0
38.93434773198632,3.2106398156520064,2796.026244955309,0
46.96728387077553,3.096911965599681,1403.0278770870732,0
54.610561543059426,3.2194146029679818,1433.8575096751945,0
72.56625121386045,3.2217133614776055,2705.575836209131,0
72.85316704601452,3.333583673589372,2725.9407657235993,0
37.8558028627681,3.0454707182312917,2600.7649771839497,0
74.01436295420662,3.3639398069823154,2874.7935470206903,0
26.15493203856239,3.284730465126107,1938.8593952305368,0
37.719625117619415,3.346672191196852,1539.082493160912,0
35.708726961291646,3.3638073579152428,2114.0841548138806,0
34.537354019997544,3.160571841386924,2736.4049212464934,0
57.48713905816537,3.161199366494557,2960.5119685309965,0
34.52212641786124,3.4023547859317618,1824.920544097594,0
62.8495241167879,3.1377827136034573,2326.0292220308193,0
62.09694322266493,2.989682341676212,2827.0124358927724,0
64.73375058547362,3.2874153378229987,1956.1604488527246,0
70.17290064073242,3.2860486521313987,1884.586389888367,0
44.68755838700447,3.155112136186423,1578.2535329596794,0
56.268845201575914,3.1508084603971387,2249.3446313723007,0
46.686755732401366,3.2451096253859646,2419.913375153605,0
73.21519204188733,3.3432279547171837,1675.25047258084,0
58.18415081662722,3.1174768778278756,2670.6711017340654,0
25.647959117505906,3.117601427442413,2130.1614885148033,0
46.186695149127424,3.237267722559198,1702.4787901223287,0
25.029405889854875,3.3218662117955327,2606.635709716378,0
33.857750866622595,3.388726097723725,2215.627977721977,0
66.82646070660414,3.2332628825530554,2903.5979311388273,0
71.1952699732087,3.251676634428086,2474.128107333673,0
63.8414042793594,3.200870510409317,1830.2407018958377,0
65.3230270009795,3.2260306164054153,2367.9147661377688,0
41.65248639440492,3.228873052643679,1645.0434210053368,0
61.64670707290398,3.0389213736086096,2037.372906380033,0
73.3641994128138,3.2631218000946585,2451.371214352363,0
44.56196965013808,2.9830541956462095,1965.1832747675328,0
64.21554255650327,3.2301213194655354,2348.878514505191,0
47.31596554753051,3.012656215788674,1932.4230055028665,0
31.375058599660967,3.236182028005935,1457.7262563377242,0
25.307526244442343,3.2657760817169903,1600.3324935174937,0
41.88714280341157,3.3097442560888486,1949.8773262936222,0
35.53299523022488,3.029987873348478,1413.0124060301005,0
66.77294458164837,3.280340925203063,2564.909172578299,0
24.788247025144404,3.0553662003442152,1601.8427147874656,0
66.1721478248494,3.0836313066542806,2331.369771161964,0
68.66902753510236,3.3893722480907775,1545.340175343351,0
44.288533949740724,3.281463189745712,1491.6305421194656,0
29.297566167839317,3.307549576240252,2752.716649396043,0
42.660482410609816,3.1645233622236515,1973.7006404528527,0
70.56607411760491,3.325554827647212,1578.465253505224,0
46.82642596130736,3.2942681744210494,2932.5414128505968,0
53.01432315832189,3.1880295057315715,2097.6247910421303,0
27.923378941428986,3.328233686364668,1784.0272861417538,0
44.60880594530477,3.043469171549736,2724.377605096237,0
71.10163604579489,3.334994236549272,1831.3167250845916,0
28.66237248594164,3.26303339418159,2143.157842539111,0
66.35733861877961,3.0492437021075522,1727.5040811402584,0
54.66533177473494,3.214776204026523,2207.7828927651926,0
39.31021438774071,3.119095901635333,1596.4596388558946,0
53.05727120415629,3.332134255757502,1678.266780463512,0
50.97754762286392,3.132481870923632,1569.3082145458966,0
33.48397616994478,3.078865103409,2198.7067197354136,0
30.564724639605572,3.3682252988609593,2142.122508626648,0
50.47578899434385,3.202475983484959,1648.9611567939146,0
45.767794805647604,3.0588816000042076,2379.398415601793,0
55.018767172654144,3.158496271445715,2912.8023172593466,0
35.639308924964055,3.1814474782972306,2112.268820385691,0
76.8280410798409,3.1151753733491345,2375.5095544122596,0
35.285001270602066,3.2746020373043474,1650.4513760811576,0
24.05148038990612,3.205219453414064,2312.0813264183594,0
47.76691607277798,3.2878021495806933,2804.8356331623067,0
59.00982836331293,3.366811052441198,2090.376499695329,0
27.3467137536,3.082880681293213,1850.8430930244238,0
39.213600996372335,3.021794890824515,2444.113225924123,0
28.342129057018088,3.028482578262632,2083.2870963545124,0
27.838989409636156,3.3631877274225457,2725.610154571748,0
38.5515889017861,3.0067455365378826,2577.5684306846883,0
73.08266000426886,3.0715333217142433,2322.8001946358954,0
42.2494665720933,3.2598628647406658,2756.4641092481756,0
39.04007041945862,3.372353189675555,2654.0571745763436,0
76.79602896955984,3.202789119465486,2195.4401829700196,0
52.75718387700425,3.2026932080244164,1666.922312563581,0
34.393311226120304,3.2000544493566676,2849.6298674542645,0
30.576738349958397,3.4015140136814668,2319.6797579532004,0
28.834252321011636,3.3873512841243607,2817.4395913279595,0
68.53671892093122,3.2084920588208883,2539.173519684677,0
35.95452975277977,3.250495395769483,1983.3245843270688,0
71.61238622377174,3.328272670125688,1849.9918262559595,0
68.07067546357999,3.0643879507249867,1824.4053708892131,0
50.084061393375556,3.0974151208951133,2213.5684087170744,0
41.22743066837218,3.078559531104375,2474.762726346839,0
65.62585963010504,3.00149059508742,2532.0134954600703,0
68.80474826326923,3.415700732338318,2173.2054405424196,0
55.30129314826528,3.3594381640679867,2724.1389307601758,0
46.35286010058403,3.21701711129336,1649.313159634962,0
42.86588330742758,3.25183693937337,2419.649948231992,0
40.721711765368404,3.2968733262769665,2573.1863462448387,0
28.523298507161766,3.2593051025196367,2819.107253955087,0
58.31413427126328,3.3366770768830234,2047.1081573223742,0
26.285392204207294,3.33047516199591,1829.375235036848,0
66.67036294296543,3.1037384839148636,1502.228232517901,0
36.63340285898048,3.3705752548533736,1621.740499288753,0
67.51885672357717,3.3742615563001923,2468.3812063375126,0
42.32329125713683,3.25022474243686,2397.869515825584,0
44.49813548902888,3.1800879358027605,1756.2467105209585,0
77.3870013152981,3.1187564664832332,2887.9547751717428,0
63.90588480313518,2.9953329163433158,2340.8206506959195,0
39.02796012421667,3.346343232878045,2319.1248939538814,0
62.411956370606404,3.2405434109380313,2668.229030666552,0
58.189942625137405,3.121826814341902,2097.390967120456,0
64.58832338347975,3.0350224278913087,1591.7729967194239,0
52.625178542173835,3.4044116268529176,2651.219830405791,0
64.41733691481818,3.1594302122090654,1575.9677792893067,0
77.48820678374523,3.340279339467473,2528.954559044696,0
66.24746416947013,2.996590657565768,2240.066598835611,0
60.529203816825955,3.238623205622599,2675.203730344696,0
71.86066853285354,3.234628143681066,2825.757931424093,0
68.25811366245392,3.3715468903206767,1884.472130386482,0
50.460612968200536,3.0714066647169327,2791.8078667753593,0
59.48692834351877,3.318417600146583,2877.949867113665,0
29.774441570418475,3.210872971864635,2031.0325144156611,0
44.14932462704916,3.1812718718187054,2863.4983491942967,0
76.22699560713832,3.1600658172814304,2026.6044080431682,0
69.36960790199453,3.1718294635227684,2462.137891908485,0
37.27033052373948,3.0987814525904183,2289.3220205652833,0
35.052634774616614,3.1120136753231686,2749.2502141514406,0
70.3318848551104,3.0749305212577815,1613.8735790616029,0
59.788743207475186,3.015515653808855,1417.500179568271,0
27.106301793813213,3.301233427327031,2192.694870988395,0
64.80744997104853,3.213867199327734,1602.716703465656,0
71.05226132660674,3.225056650261823,2108.3779938073503,0
48.77057157337702,3.1752946016405468,2470.800691327676,0
56.939496438762994,3.02805568911709,1807.5622564722605,0
40.90675515163899,3.405779365396765,2247.6270464698327,0
70.5047285096155,3.264812740835024,2578.208243555309,0
47.88736945654231,3.1128022641849755,1942.78815266628,0
60.21254426570214,3.1688344922611265,1633.121470276603,0
68.85140598483703,3.0189656882112987,1524.7462437448855,0
54.095212687282995,3.127334715965252,1612.9999737264382,0
65.17928628176875,3.3445314281478242,2501.9847032282005,0
36.01517052562884,3.299609733376434,1771.8775920693754,0
44.18808165767433,3.2736302273650213,2326.327796515042,0
56.98587514142669,3.2981697664894316,1424.4813699233828,0
38.277144073389074,3.1055469971134775,2529.5431331084123,0
54.62006723300981,3.1689547019730684,1616.2001093148376,0
64.03018951361709,3.117926531731801,2044.5911401044532,0
53.79782543379451,3.0675269028670074,1504.720672396459,0
59.8563732581354,3.1253428558507172,2421.139887024552,0
30.97580762564928,3.173335200436761,1818.228893769235,0
59.9747509028429,3.0358067029404934,2008.2839945104377,0
31.737304469520666,3.1502175812221442,1910.1995125541764,0
32.54097827661471,3.16441641924535,2493.3657084207653,0
70.35381109099097,3.0711020183561195,1410.1248625722767,0
54.87598991322734,3.2427834596828617,2517.295958108233,0
67.32929836548341,3.2624100006897803,2685.490507576253,0
69.10593945929529,3.1094490396838137,2306.015532397857,0
42.40883596091613,3.101904809633865,2206.9361475194746,0
73.30544303415849,3.119413527934845,2528.407440701588,0
34.93300633525943,3.241924687688787,2567.9816949850438,0
65.76764892045506,3.185973524456205,2592.3052917347864,0
58.0103793461141,3.2493411449940006,2731.3800885230453,0
27.66120583104967,3.1947581779954963,1852.146908750151,0
48.3834834497697,3.077031751124917,2707.661757411113,0
69.56754145807872,3.2596060456288654,2197.0045752513834,0
47.25859347082433,3.3178572283815067,2430.8168632936913,0
32.516077157275305,3.0326469976036217,1555.1578409800557,0
32.74044001605565,3.091557282198693,2087.562542860153,0
32.190487043176375,3.171542333006578,1809.6595743309838,0
58.44540264485545,3.03793337773724,1531.7591465277658,0
63.39655482686133,3.2566215299963788,2795.2455443291733,0
42.753155384837605,3.3667947744424667,2499.529301743231,0
74.88913717213833,3.1022543416122867,1965.7699904139247,0
63.07008743148525,3.2677008758596995,2199.243456488453,0
43.80966716386097,3.205143842053858,1665.1252766856883,0
31.459406215897932,3.0769537551427413,2729.243296952294,0
68.65436899057742,3.384958672038948,1471.7276488240132,0
33.11795188242043,3.3402731979550553,2583.987875710086,0
47.67677954557196,3.197736385974055,2441.1278788391273,0
49.052983696300615,3.2310271930879435,1858.680949550419,0
69.64992880873054,3.157606865995711,2864.1615165848516,0
52.96352749290194,3.3906373190425487,2655.8262280252525,0
37.28106104312852,3.260521160457228,2777.0043546267952,0
38.589308506801004,3.3193365109042814,1816.4970924001277,0
47.18145265187015,3.3852442347072937,1750.6830209123498,0
51.135974674432305,3.1062156642516854,2944.8980094149197,0
74.33454131994101,3.328370271006253,2398.7959526891104,0
62.50363195126835,3.070794996397757,2494.2324010171956,0
27.509828355133067,3.1075195123885533,2684.6297214229235,0
39.51533919196047,3.103307126780144,1491.1701475469624,0
48.60941199790819,3.0600466219047173,2788.161111692049,0
31.717252459331,3.184340968553372,2373.6803925548224,0
60.43264574070803,3.0626160166086067,2851.1061872221803,0
53.85554588508407,3.1313035449673343,2086.304026133144,0
37.24126025926227,3.0530745429833996,2598.408355454126,0
63.08029329006148,3.111224557192877,1458.270258347354,0
33.21704121303749,3.2894526291381623,2122.88679836675,0
65.74706550888803,3.2067571661552705,1858.4618384491353,0
26.8872151778207,3.3729716374187606,2198.14792284553,0
35.1559281350473,3.1675970267724094,2596.8896418113054,0
30.677060513140447,3.1174550990188608,2737.8644092656173,0
51.67651632509168,3.173375638707245,2828.3382347529123,0
63.53806409055398,3.027426619441149,2330.267397319261,0
59.87380408761321,3.109107175572458,2347.7639493237093,0
41.9179696536084,3.092819029058045,2739.959110405703,0
76.56903937980782,3.025033114366486,2415.356878503805,0
60.00803471303267,3.3602437676239836,1628.5924347551174,0
66.0802943380531,3.1343389871863123,1982.2449638636483,0
60.72298504210349,3.3545163649186542,1956.8144364811137,0
58.98356386372987,3.1127386925648612,1552.4248101623405,0
44.86219545131155,3.255135702646449,1822.1515194992994,0
73.48049696067739,3.219863626776555,1572.5721007449524,0
72.12784131938655,3.153969820660683,1528.2511181705443,0
27.925219821411616,3.244786587343542,2756.2004922002006,0
73.82156040167675,3.261766589610801,2633.5449252169115,0
66.94069935949183,3.005464647819883,2285.2085294279927,0
53.06959646523776,3.326171011397747,1528.8863539102254,0
64.93583190524885,3.3611180428469893,1509.3613527828263,0
48.925455705264575,3.254283858450047,1925.9053515485255,0
75.93437728476451,3.194075500469941,2815.117625906645,0
32.146365637507735,3.064735949288841,1939.6864545223627,0
69.29530903614334,3.105410128743063,2381.0903207562606,0
40.935590728760396,3.264296994605942,2195.595167530422,0
63.5184698229091,3.215541793907763,2691.3839706173067,0
24.88934014968205,3.023811468818036,2396.4614994093627,0
57.9894021468465,3.1968933858487207,2420.663105697587,0
50.021864284630844,3.3332240262399426,2481.7528307190596,0
50.34737732083268,3.0853293208883428,2369.7322961348973,0
63.97442282526858,3.3611866019555867,2895.593736854006,0
49.02391821799999,3.135228791515603,1793.7376262248863,0
44.93957479838012,3.245008584937049,1772.540285350528,0
41.466929812519695,3.2865805751543937,2170.139935034856,0
39.35776415781742,3.0270227693465555,2869.164883536209,0
27.184540403776005,3.1952946478487476,2749.029417586187,0
53.57749270079127,3.3202136424850806,2069.598138905242,0
45.15592745307813,3.2293233603913785,1699.150195833753,0
51.983233965038124,3.308404548527437,1873.4622206047898,0
46.193477788512176,3.3531655081936855,1913.0287214180926,0
35.009663581150306,3.2165158395378666,2163.8257667523644,0
49.16855271907446,3.2374111749817645,2223.353441829689,0
32.6372642505262,3.413685821941071,2557.591104624362,0
61.728592415097225,3.113653532621058,2686.4439582731225,0
76.79664156739243,3.2116457294918295,2657.343225572506,0
76.31635092025846,3.289258000157752,2588.065356109321,0
54.809984354501516,3.0585779584437987,2393.093104335774,0
26.30979357730452,3.397548754280983,1572.3980286285205,0
32.353118464129174,3.2379340168633126,2058.8418619593226,0
26.778447781066294,3.0590854325535695,1747.6307731528075,0
52.76548578247303,3.1296224583942696,1647.476655805476,0
63.61162167038619,3.254391116895712,2466.299867263143,0
37.726241534672276,3.229225320509277,1745.2365011689794,0
62.39997814402426,3.1730569382499976,1926.2286630863548,0
37.747983591168804,3.104725569866074,2469.482336505856,0
66.31879019585351,3.1262516248270673,1827.8496666331887,0
48.072777240845475,3.141203891878313,2170.750668443219,0
31.097457978125906,3.2553676908924345,2339.3284632969007,0
51.99643651628449,3.2788945595050603,1509.0638846234806,0
24.786609154517578,3.1901421966043646,2865.9256348027952,0
71.86241831458723,3.1974730836953684,1682.578155353129,0
27.964203110273147,3.2302724238808826,2183.170516562946,0
73.81916322406805,3.1266405748596413,2787.592776248612,0
50.741794241470956,3.412495620915618,2872.963050941668,0
24.90727542807835,3.2340799504668998,1591.2970070391802,0
50.628430051537535,3.363825963556303,2721.755202742,0
30.068279138408055,3.0945731226141624,2108.3464561967635,0
53.778915157485116,3.334148063268085,1638.5086665170484,0
68.50217033245488,3.204632579146325,1545.6642616117254,0
37.736297167422,3.1202699307978254,1715.4341121362709,0
39.8680616678922,3.2694257405633653,1427.0034067004938,0
40.66297869355629,3.19871624514802,2159.8094339917793,0
40.60001334616717,3.0911389044200193,2822.0664673876895,0
32.53474232943993,3.282339501878943,2351.631850208687,0
49.49905775189704,3.2390419841264078,2430.556474964685,0
27.405417453246642,3.2124982985227146,2502.985014925865,0
27.07923825183354,3.2230800604858465,2172.0776436533406,0
30.811494724777262,3.118157340540748,2316.8052679950365,0
67.50324707439673,3.1941536651494458,2160.2702598214837,0
63.26949020524434,3.169767741214353,2639.2287426170656,0
27.612537132264322,3.149196826440035,1541.11627461847,0
26.203233147184136,3.1808665859611946,2536.8125613017783,0
58.13115410443502,3.206911762949356,2955.103267943299,0
60.59913249330797,3.2609477364344577,2220.7189236306613,0
33.588360086589674,3.2100991520309416,2223.99422816959,0
40.113941384434945,3.2394357605278885,2236.4680370400115,0
38.1077699439815,3.13922526268122,1854.8995136023605,0
47.23180690467235,3.324622199173506,2771.1563369788546,0
29.402723153528036,3.026710906988215,2325.36141746464,0
36.14796503554413,3.1247693175848097,2747.00525001814,0
39.33706276350293,3.3545056771921913,2525.625595987155,0
39.90666215124223,3.0774984988817686,2439.9591075074904,0
27.887486256841786,3.3656434232833075,2742.562444516442,0
76.7620206370134,3.3817116803538054,2423.4998294204756,0
46.49724322013573,3.0540567925084625,1993.4000457199443,0
61.86596879052058,3.277747008635613,2797.8216912029125,0
54.30193950235778,3.0985747700973874,1810.6566302690778,0
28.53812633576435,3.291878015392643,1724.9766466400383,0
56.61672394743768,3.3199568467278264,1670.3457334314,0
70.74512125106622,3.1933585088292573,2887.9066546806184,0
75.58272272355482,3.066549020619262,2938.6152964071084,0
73.21053082602559,3.211712010866012,2618.8821005853606,0
43.17221683247647,3.1195493145073625,2217.230309402442,0
69.27955181697163,3.345397983487709,1987.8323843080957,0
36.55212381040464,3.064963842586065,1794.2063812562112,0
41.95506769557275,3.1351767455052575,2691.8402006957504,0
61.68228313415822,3.111798615465744,2661.3493784157577,0
66.94660005210646,3.03982988577262,2519.7579750217237,0
54.22193888315548,3.272057421585069,1518.9990409770064,0
65.02353582490719,3.1803574212788694,2737.076586768161,0
23.946446019044284,3.192177782580661,1961.3692922267817,0
49.96011452141515,3.0470012663028374,2256.874360762766,0
39.12535017740448,3.3638231485652055,1441.7329804508133,0
28.749791782051414,3.0653248019243815,1653.6356551857398,0
67.66514728437431,3.136194017458173,1959.3423297378602,0
35.59208868351863,3.257456518432485,2681.6754083174806,0
64.85693955200733,3.0533203524035324,2000.1013222303482,0
51.01054713293747,3.1487069317631406,2599.895610903925,0
29.391141101966387,3.259780881981124,1483.2375173070034,0
26.145589497836756,3.0690208160253847,2819.4295453230893,0
26.422283074159274,3.3665543779610583,1887.8987143484228,0
44.718359322766716,3.051506413083758,1689.6740252416027,0
45.02413137030828,3.3497042459851682,1946.1963580660304,0
50.9847691058957,3.354985876717785,1497.9403692877413,0
41.7054733982591,3.333056589949319,2895.736389333291,0
77.67358212357149,3.226258744732038,1943.8205751539738,0
60.04626209882087,3.246793771471353,1530.924848559403,0
32.12658423733644,3.289303666650675,2365.1295256151193,0
29.50118286169379,3.034199109357118,1886.4854249302325,0
48.47580865092974,3.2492410903841384,2035.5391280923668,0
28.713472078973965,3.2582260594326677,1896.458370490837,0
72.79766316208921,3.353011381431229,2910.8413574690176,0
44.37892578907053,3.0730715251617595,1847.5784868060466,0
50.357093456735726,3.049830259166339,1818.141291033486,0
55.65505141511533,3.140225322952849,1552.0618569375463,0
68.02507641505497,3.161071135849276,1882.522922312307,0
76.92478740248067,3.0673715453559014,1876.744583212943,0
77.49983853595617,3.1045968781068143,2478.6638538175976,0
36.898601971896134,3.169029336841931,2640.904824338972,0
53.20243956985336,3.3003441366451343,2246.176837521207,0
61.926887446487285,3.151996069298728,1857.3686670152083,0
50.4704122143177,3.243457852002023,1748.511427309769,0
66.10839872868162,3.0507402712773564,2890.6301791388187,0
61.30555578947637,3.1995869810174478,2658.449776888192,0
53.079897893919345,3.2334341347915716,1514.0308578846068,0
26.962138216154525,3.3667717216002466,2469.7968983217133,0
76.11590036632897,3.2074490947001273,1390.1700820559724,0
54.98505020227483,3.1931255235894858,1979.8643742921604,0
51.43579452004519,3.1637543512999273,1447.7211000468317,0
74.73736041525811,3.0607527204193623,1887.2016064083698,0
49.934141726808086,3.1843847722385,2067.8327676555846,0
31.081035795164283,3.337391355087749,2393.602486601364,0
77.4733939691203,3.1343323673102508,1684.4371743079225,0
45.77885256222516,3.0856591971173155,2394.755867882835,0
56.56367074912093,3.115071643036985,2327.0789003983036,0
68.47473484079352,3.052698801259397,1548.4457368570734,0
42.00133450365026,3.175254606786606,1789.344883982826,0
56.49368795824005,3.258718633752539,1916.4053070659509,0
67.78357120784797,3.2827297054441824,1867.7128813938446,0
40.67725357144895,3.0687878297175613,2473.411854965483,0
30.938192353283753,3.142676313169588,1635.4307635974976,0
52.26789761025779,3.1974184457739043,1637.583788917312,0
27.495979595230178,3.184237534271034,1437.977273219869,0
50.594684193644085,3.292584105995247,2024.6595010226781,0
28.35943373219559,3.047204097608534,2567.8367411600443,0
48.6243125857646,3.2928275722256757,2584.1617513581887,0
29.54409122312683,3.3421542883969986,2706.8717900233273,0
53.70899581866708,3.4122024129753665,1529.5129529022643,0
39.54156782369061,3.4297381146225145,2037.782128818774,0
66.4811477470524,3.0942190825736837,2646.8363915452123,0
62.598813753549756,3.270895727376153,1659.1413705113123,0
43.112591486741024,3.1128790297171705,2263.0183972348796,0
40.37493403975972,3.1188439350351507,2772.3214737896155,0
67.14980721469017,3.37612222145432,2930.627612357451,0
71.16898598559854,3.0850497878809624,2492.294077277819,0
54.66236692115622,3.0950499257772046,2050.4691290874675,0
71.31972916186261,3.101579211996152,2165.8694520493054,0
42.57142304163909,3.0174289247752775,2567.693141113379,0
49.32621125717283,3.2819576259455463,1959.5001134228582,0
35.95904707120281,3.1082824554178474,2706.3088016284737,0
54.506902267807156,3.19868526981964,1961.1735127323116,0
49.329953876569746,3.066524132602379,2729.625193411489,0
76.22328905563852,3.118243496420493,2492.4672188911654,0
39.77386552912834,3.2387534923080223,1819.3070164929725,0
32.824278837844766,3.156732202013262,1856.08412347677,0
23.41231647515496,3.205686231082358,1635.5386071006687,0
25.02384126375147,3.2827690010660824,2671.6899486670522,0
44.82726493646011,3.281694771106416,1596.8013226531139,0
32.459395483402524,3.3606461834353136,2582.729431120333,0
24.93834282512794,3.2621595897896394,2054.4456685582104,0
32.30989066621946,3.169885888260183,2491.1574336882536,0
56.33006019225866,3.16160396633985,2903.1234843735465,0
38.40298143556205,3.0359338139528864,2263.3093058759973,0
69.03308245383282,3.246469742645406,1864.8996849808518,0
65.38009546204566,3.1025383433520317,1474.804711128786,0
50.985311559045336,3.303997758209552,2210.6197228240135,0
73.99840325450614,3.0622081560873142,2720.3874595557704,0
74.76653573936814,3.326952843382936,1432.2896548744034,0
25.447554153084273,3.041809351743836,2602.675428664223,0
61.894359708108446,3.0392979303524106,2220.932902852798,0
40.95615318794981,3.1911290923951006,1693.0153504995415,0
69.51397341337677,3.2685448204746272,1471.783903969598,0
69.2056469524404,3.050799602498914,1520.2926935967994,0
63.779708750713695,3.2933192852040762,1555.1187169454731,0
33.01131217690202,3.350883635997481,2215.8518815244406,0
66.40655304280419,3.1227859208935005,2769.1047948155415,0
67.43007467609299,3.0978609421611045,1518.5096634241606,0
43.703230754196554,3.1995076938977225,2290.0146156734127,0
29.63751777768296,3.2617162329971974,2558.6621622923076,0
37.47808739935269,3.226446588189428,2031.0646773232,0
70.27364108907523,3.2092699245113883,2807.5711967338048,0
63.36243526103791,3.106609441033999,1537.6535056132352,0
73.9374979518737,3.0823664161899487,2667.0310262566595,0
39.479296269175755,3.338651141518866,1906.4880304930552,0
34.4358159645512,3.218682452096859,1851.501006478048,0
65.40347552967152,3.0952476550393477,2780.720813963324,0
23.799697281634927,3.20726537458058,1796.354716222595,0
23.222733759931174,3.268438539245088,2706.6846376485883,0
54.193154679412935,3.1355282949593755,2160.535787631379,0
73.53424551376568,3.3551005365769715,2187.2322954067827,0
77.24472779261409,3.0798142066367777,1571.2394761800122,0
47.782489994671444,3.3852024477136347,1784.3524088448244,0
67.07890307480697,3.300775606981284,2551.803875621898,0
66.2688011360576,3.253669613457853,1660.1260756281863,0
46.0646066570848,3.2402189657732627,2894.2319948271497,0
32.76282793921803,3.2788207761998334,2675.4773886388703,0
69.14518375975172,3.163314768630824,1511.4119709288298,0
37.98549569016921,3.3783560480514385,1460.5800296148539,0
64.48739139463142,3.104591657571969,2153.7346248705885,0
77.12932290948132,3.050070272333645,2696.9872880796547,0
58.85331522493547,3.2374060140263143,1840.8336689072942,0
48.37047018201036,3.0775249961963693,2787.1055062098035,0
25.4753712560278,3.1785493660384607,1656.517145990894,0
60.968470678524106,3.091901400296143,1747.7689308193274,0
71.7159586774459,3.0498871093857116,2338.195126724749,0
27.62505382362981,3.139294495894064,1652.2047406202473,0
52.813237717059266,3.2017511628898223,2647.118444191812,0
52.941766588153705,3.1843482266378853,2814.351164557597,0
34.398610399239146,3.120020802755765,1797.1244789127102,0
53.14520333236985,3.3204648871987508,2947.893552159699,0
59.61787666532768,3.1179100491786205,2679.3155214783856,0
69.70329755184422,3.343550074607959,1917.2264378190755,0
33.151510052128955,3.2032338959478555,2680.198567797711,0
75.30506581956645,3.2566815345495024,2327.8818790469622,0
71.39073773041271,3.207568568985121,1880.5637700455754,0
52.77750734567096,3.023435324160956,2832.8274740961547,0
62.667681533918945,3.3729047571585267,2670.443103700264,0
65.23793567964704,3.360416053912048,2729.2927551233115,0
74.77730870301237,3.1805918053450615,1583.3602864934403,0
67.77802179730564,3.4091905861005283,2453.023814719072,0
61.56384717099448,3.3992539628488565,2627.576954964621,0
61.560748157520045,3.1146350801646294,2514.2725518592993,0
45.81154212830666,3.403316286838857,2942.0856469587907,0
35.30517606198325,3.2558917265112015,2877.4395102361627,0
37.01374250373844,3.3876158286727747,1652.9448482968257,0
71.1890355109972,3.1897409942796684,1818.5733718085446,0
37.24722628730561,3.0823908669835958,1442.764043992644,0
50.42598692408698,3.1822796216008733,2259.9364657274964,0
70.76080792670861,3.2740456243589176,2474.5625310937594,0
40.866132853249454,3.390969233855204,1532.0223242853294,0
64.08692673630716,3.2427066641635425,2774.7379383342836,0
25.29764845961824,3.3871261993385042,1648.2782158724526,0
29.207318383595585,3.0678510520900057,1692.5048996632656,0
38.81276521944673,3.07581518948514,1460.2520749992693,0
32.09039143863751,3.1854271527183746,2052.0004860786107,0
25.193206694070078,3.1184585288518543,1871.282767427268,0
40.53516725884943,3.163624761542388,2145.800258706142,0
71.72909803119342,3.15850588000567,2113.2450034490694,0
36.227502792950226,3.0923779320908236,1511.3009568460939,0
53.47362595139466,3.3526807459296997,2301.4057025304996,0
68.57418871615896,3.162233691570196,2246.7898646515855,0
27.878622020971424,3.3200972743527033,2506.6065855518923,0
67.83655682308842,3.300542227113358,2388.2911137020114,0
77.77285153327655,3.274352947952017,1623.206372935738,0
47.7059454878891,3.3856227785312933,2409.741602320696,0
27.029673180981913,3.160075876599553,2030.1763182488746,0
48.305354992204535,3.3349315375194393,2601.0465839441563,0
32.25315141712597,3.2856950891095664,2558.6374154365103,0
53.937361730610746,3.054299812254242,1826.7890232571754,0
50.48256209416023,3.2496332381222843,1469.0767387761555,0
57.212367128019714,3.272113169639848,1462.6934093315115,0
74.55004753451189,3.36785460849271,1415.8664299091422,0
39.96072590725917,3.2301460578194594,2515.0149337314883,0
48.93898521117646,3.308856912390353,1831.9871314316408,0
34.10052775649994,3.066619052065454,2702.0673822720764,0
51.137346685943584,3.0696202109000077,1881.7798540679325,0
70.30282477075825,3.3895608298310544,1452.7443485639033,0
48.324585479208444,3.3632610826198976,2529.010863058402,0
51.75063096199228,3.265140619048369,1581.6171808153083,0
70.83177960726067,3.2649463651179254,1978.434420538951,0
64.21830545276589,3.289562365768487,1795.332842216888,0
69.71638966608559,3.2635487142490662,2470.809193548252,0
26.182226130260144,3.3189765513939857,2573.4387704840115,0
23.915248117053462,3.0980689310127523,2696.9880846810174,0
58.48652696348753,3.193448858451699,1954.116910831614,0
68.66896851305049,3.141522874960589,1556.4535183760036,0
69.21134306689018,3.151550451466221,2409.032409268558,0
77.4855811756488,3.2612204157869153,2766.7517304649245,0
72.29227455921196,3.090853001974653,1644.681436738444,0
55.55548557196812,3.265762471634307,2426.451203681662,0
77.76094922600122,3.122045345865739,2041.990877547432,0
33.62646314865295,3.2618543730731666,1737.0929854959663,0
73.49314755927489,3.2436640651474367,2195.362229499942,0
29.049158823670044,3.080781536761051,1769.231553975446,0
34.28234136698137,3.288261932850569,1919.6072201967015,0
66.12888649621961,3.1352321435259096,1841.4218719232965,0
49.589520720476465,3.346593570247802,2322.643074176365,0
70.46773112740837,3.202042449376407,1875.5292988633103,0
30.430793590390618,3.0777165125355572,2017.4197419996071,0
62.76098160712961,3.307515945787786,2146.599945019428,0
58.28429641706117,3.0096671261442394,1826.0761206174557,0
64.65525713253439,3.039868753743787,2337.324316408748,0
76.27871164920622,3.1840202718642225,1476.0443929962676,0
69.03330124541745,3.081835211449115,2438.148904742748,0
60.954445581256834,3.1686640530516144,1618.4063651304432,0
40.91088955757569,3.11558303472667,2517.80301670443,0
72.33465769646388,3.3873208968334243,1949.5903967670158,0
74.7093748269605,3.171772365454699,1743.5497923784703,0
63.15524538902309,3.2656448477256173,1701.7126286083653,0
38.05050886854162,3.2526389367255515,1474.3253817850045,0
58.86890779174452,3.0372723533300467,2447.421750479782,0
32.10285392270198,3.2748779295447723,2404.92137107287,0
60.3875590679592,3.1512002807076533,2363.9155441229673,0
30.84545883604254,3.0675584551687103,1577.3712980329888,0
38.0810114073136,3.2027720863158455,1735.3035993210033,0
35.358991941491766,3.404430766130148,1912.9490643587444,0
73.10016601296957,3.3443912604559634,2404.998593626987,0
29.410768931561517,3.1339538144023242,1757.1060979231445,0
49.47261873726289,3.061992632241925,1676.3050237003918,0
63.47071649621632,3.093580688323125,2586.332949026238,0
59.17662562706365,3.0954331609655,1960.5492846123107,0
67.85534670012419,3.104976240740929,2017.4677553720944,0
44.29865388590903,3.3145171992058886,2663.247968703925,0
27.670185084892214,3.3550383831528805,1660.5230556185036,0
66.97929784127847,3.2907138373796223,1710.8347116887862,0
69.41772125894624,3.3985009934938564,1597.8201803204552,0
45.90268930141046,3.066192092437037,1790.5525231256256,0
54.371027286887404,3.2259328756878194,2899.8192190142513,0
52.048469781058564,3.2733673436860284,1530.6241005493948,0
45.402458825843794,3.3455127759344196,2264.9201360058064,0
59.34609877608871,3.047265020791712,2736.44893213994,0
37.2717725713231,3.3935558743279275,1506.3404196383292,0
45.94952301902758,3.088615160512989,2125.111895865998,0
29.98344282743923,3.225482132685174,2425.12510703397,0
53.53405407244407,3.003143918078814,1532.8719192325598,0
35.73105538353797,3.270794116182033,2878.1080913213063,0
35.62436211160022,3.177220598279787,2250.7580017260834,0
29.495173112780364,3.2881010043144787,1775.3181744686667,0
76.03403984486894,3.125106325625759,2214.728288357837,0
62.946262259125525,3.2843045918833496,1557.520849675555,0
74.38745584063327,3.138149091333206,2124.548954714889,0
74.36195639732874,3.341272642110061,2290.98258212915,0
58.94194323948078,3.383533295076504,1653.3258929879155,0
69.64763945240148,3.2145041341528295,2181.9782977579157,0
54.72712270204168,3.315196822652456,1616.531746050572,0
44.373763900255206,3.393452389735467,2803.71796995992,0
76.37915995561622,3.4041255782,2091.6460488721796,0
39.35127321079928,3.2754567410799886,2688.604220392666,0
58.04342802027199,3.114150749399612,2341.0125931100306,0
57.85830709937727,3.3781153999139,2164.4592354131355,0
29.562091599069532,3.141111687598838,2115.737038008405,0
69.8463537875178,3.137366099047266,2690.605157060599,0
25.62252340230919,3.1068985487524086,2447.6198524846413,0
37.87854623257351,3.329597290846968,2502.5602186571605,0
26.298518627204587,3.3051415469909244,1580.6037423663142,0
53.69033027151825,3.115260377221598,2599.972795260745,0
61.19672609179595,3.3574009604630324,1990.9862554811552,0
25.285382758292133,3.1233120987322156,2322.2218554841374,0
68.31607551610304,3.3395192893277548,2466.133503700227,0
65.71559400613305,3.3997739186193767,1883.1814553554455,0
33.71760544235954,3.1007941103980308,2186.5652495539043,0
55.44334752320918,3.1139995022842157,1901.142787099142,0
32.92992422452751,3.1311997076390865,1466.6135408236391,0
54.43059532816236,3.1502423698078323,2628.083831483884,0
33.39297908764956,3.058416779352187,2194.8145865170654,0
35.7141834514995,3.152700409578855,1992.0119424792567,0
52.712966858401685,3.398405255786699,2666.1239935314966,0
72.36861215676068,3.282499339544943,2355.0161681559916,0
40.860781042553995,3.384439385174643,2855.713804365379,0
69.47121619146046,3.1568416127841465,2646.3750731878054,0
72.79397650734076,3.089284609480007,2220.4585144510756,0
24.227292322162764,3.050787622720293,2399.4368121979874,0
46.507260728698384,3.0071930799196083,2238.068393086289,0
74.03445962172911,3.286448175600988,1642.8697860705863,0
28.115148853725927,3.0312844083327133,2633.1991116220042,0
45.33678422123957,3.2892302444183783,2074.3578049610433,0
52.90590601600348,3.2372120496238552,2356.083111282435,0
73.92963744850493,3.0576338874081395,2627.751205200971,0
65.02330202926169,3.1671207347894637,2001.8336482896666,0
45.05708026778101,3.333852098160995,2243.1076343879004,0
60.51101003635991,3.3482179722584453,2656.4056630305245,0
53.77552172275244,3.046443204732561,1393.6297407875304,0
75.51414767289994,3.125324448024503,2535.271725050342,0
52.053713615164895,3.087837460835679,1730.8940377120337,0
34.48363939225512,3.2865543279813347,2743.219721913266,0
53.66202189650713,3.156680855840204,1523.022523261536,0
50.179805963045325,3.1381129232632436,1567.3493119403302,0
40.42812769355641,3.1821649028348964,2380.2210490292564,0
54.49550565029973,3.159364533877252,1890.6565176095803,0
64.30382324266266,3.2073266597503016,2726.4560756067326,0
71.18953425258182,3.2196925981266116,1968.334701332018,0
70.06687931632676,3.3311362047543644,1613.2464567446261,0
72.45287856496348,3.051834448515471,1542.776530693477,0
46.00585390533864,3.220472773716812,2796.7928730955527,0
77.69488036303967,3.210016502252116,2606.064979989939,0
38.90898889394112,3.1777602774029776,2205.4063414274883,0
59.55757058818953,3.3343228678709145,2628.4790518708924,0
33.625619549595456,3.4124795747494416,2415.519478329682,0
49.92955539533318,3.156901332601558,1735.1350464753348,0
35.273976726570815,3.343310606808476,1964.1107564063548,0
26.33365968533756,3.3693637263738894,1920.522958510111,0
37.3864795584202,3.2160029900056637,1653.7842637244055,0
58.50276308372989,3.3680597037708604,2182.265984344794,0
70.80894556151219,3.1862798162020995,2132.8921770795455,0
31.290419110903358,3.0721167297045757,1526.8111647860578,0
63.171786356564304,3.076935639952142,1727.4425811098868,0
50.50281730872511,3.2340757068085058,1732.472029103216,0
54.989145175472835,3.1065082860873106,2382.141444145303,0
27.67237157937684,3.111121794704176,1675.486056885221,0
62.81783524682782,3.290211714364474,1850.561902703569,0
77.93770531852007,3.3258520141913284,1674.6335825176152,0
32.93127767645533,3.267708078116708,1791.926584248127,0
48.30711414854961,3.2507466845244433,1767.9003152847517,0
52.18209580005256,3.1982196419481173,1644.7509478705244,0
56.946440767838624,3.0346247164953186,2604.4921006868294,0
56.61705424720899,3.3389637754531,2761.7046032028334,0
51.83566700032768,3.1580537111257234,1478.7250568981522,0
43.75124528793467,3.2460762299904093,2518.3478154436375,0
29.38524741879739,3.1102284827724365,2131.076690328643,0
47.06780302343226,3.0982689884831682,2473.711322313008,0
30.19668765347663,3.006621537085156,2407.0266257119083,0
59.40586194913354,3.099457394082803,2734.030513092623,0
38.1320647570167,3.296782361773272,2551.090266746715,0
54.018072386192124,3.098962531525138,1901.248004157161,0
63.72478159770694,3.323145448748006,2418.1676597549517,0
35.29861583723164,3.14285166117722,1914.9208738425684,0
62.385062159065974,3.0813709605106196,2922.9721048208844,0
48.41305347500558,3.0492123600076724,1746.4182498927885,0
43.971973866087914,3.389939711825143,2312.1427976259274,0
67.5985113843373,3.2720514834399568,2108.3234904764004,0
66.92286992266484,3.114583406792638,1453.4951061923337,0
26.250001214126865,3.1481736527165523,1457.1194405442955,0
65.58467174336485,3.141752241407558,2011.8530337610646,0
28.681065055544906,3.144032722258369,2676.7185878049872,0
76.41106390503712,3.1683899415231496,2325.995980284296,0
45.80888208545029,3.047150495753381,1558.8153062672486,0
67.61160929240809,3.3594220023717263,2740.1046511213945,0
53.18966477497152,3.3340974995852926,2568.7388705757403,0
49.01819097057113,3.2479854697123107,1399.5443166552152,0
59.35862836610602,3.1305464345459737,1882.7205145181215,0
25.14917600454374,3.3527408115236286,1788.2342838296229,0
74.11605724643277,3.213561594475516,1938.2245603400556,0
74.8106729241967,3.279664702873462,2806.6747612270424,0
34.155028943015324,3.0884902348207133,1779.129421419283,0
29.404256557727862,3.346064344833361,2449.741120328925,0
25.660312919816576,3.145206803414248,2364.831190541245,0
73.54552598973258,3.345774369572728,2158.068924047339,0
55.48789580513414,3.0158562928479458,2642.256690722807,0
51.75693161724288,3.218390538016268,2456.7307356129622,0
60.69134309466194,3.008994367599296,1718.0182353534651,0
57.135586731639584,3.141194366537973,2235.8018954589706,0
50.62228455614396,3.072716673607417,2514.3286736472155,0
38.77996595712399,3.0817446892479134,1616.108762994668,0
36.96635371831515,3.2150310641866437,2030.4982953823708,0
30.429772333744765,3.3263203331038755,1687.8489417100695,0
62.4208855556033,3.2944693816770165,1855.1933128159037,0
45.73575644879693,3.2614554579314725,1478.0752793338645,0
41.67331293873131,3.1712120512604383,2262.1305550582965,0
25.395252707076697,3.0630105107072483,2718.7044476349556,0
33.092947873584606,3.3057857679071208,1929.935241964238,0
63.61165270098207,3.3855878132898867,1998.0934463064868,0
67.85583194573226,3.11319775076216,2361.5572754046743,0
27.683292348883178,3.096714626139252,1750.585718461657,0
39.362315800419196,3.1717050296291274,2757.500672713251,0
76.93649624423101,3.1819823241039895,1660.081710791695,0
60.82691569413548,3.056217805505357,1663.0899420807245,0
70.77040735010344,3.24892465310205,1454.3846204266304,0
32.57971309294129,3.2633409835971525,2786.5223945004877,0
39.40902374915029,3.2539728680406443,1582.9670053814016,0
40.71151940633536,3.1855040646959862,2907.1979851092024,0
48.32018803937402,3.4126250890496515,2461.9919356504147,0
53.93389252273141,3.212151945912702,2408.456384040587,0
52.88416467036233,3.3373753290351216,2084.793698185173,0
68.03692251045975,3.339683061487499,1933.5187658251677,0
74.32241077514715,3.3810608527624546,2135.589705828338,0
24.739255722634418,3.143375627794397,2030.7476723008224,0
32.534589399653186,3.3109171465366583,1991.0012521924339,0
65.45875630390213,3.359246938294903,2636.7311317680933,0
64.3101428969345,3.317244093130504,2032.9913621132966,0
58.04718469482892,3.1249191223385195,2368.928173630332,0
26.99713336811832,3.232781153879357,1681.2106854313224,0
35.78514266642973,3.0678247292454515,2179.527963855652,0
67.28617960367932,3.3819217548433986,2146.0077686953273,0
26.00192005187124,3.3019103623715926,1513.0829394921839,0
70.05904388815176,3.3542689899672946,2684.0146316263335,0
48.77865599212182,3.2669900770592437,1460.3063371663197,0
51.96091378015704,3.377484134672319,2120.396691116194,0
26.909394114392818,3.375626125980033,2235.9608782560335,0
34.7802791988622,3.3668485914362556,2726.7799826884443,0
32.709111243695254,3.125570239093068,1582.8586800351063,0
25.87123072145051,3.3067670771501247,2146.583210889281,0
29.091835052570303,3.28309686285165,2842.282807490811,0
27.29465454860555,3.254916336818882,2493.20406628912,0
67.98809811073818,3.295407705092475,2653.4832293104855,0
61.682849699997135,3.142398544662543,1593.3941309200943,0
61.79993391948561,3.073414119146922,1715.8213947866839,0
38.689600273405276,3.33337483349698,2826.844817416747,0
38.567143819040716,3.1468719982353903,1386.2275643615446,0
34.07895992958065,3.012536427045887,2722.775034693817,0
52.38304783072903,3.1419232539173523,2212.69812758777,0
57.57187952399289,3.1581587477411364,2428.0951319446935,0
31.394065980995993,3.3428453838234633,1714.0596702113507,0
54.06757431266031,3.3327716003010406,2419.0652424322093,0
57.198795368678944,3.0528942832036785,2864.306782925269,0
72.64046705266415,3.059896426711576,2660.7806690140337,0
43.73351048395624,3.2886331831786353,2682.3802950408926,0
28.020078229151096,3.1332677285380837,2860.3080250198313,0
33.62248248205169,3.2110917567619723,1776.6852136131663,0
64.15333859259549,3.1633673178562707,1534.9481457565903,0
71.86220954835898,3.068600638938768,1690.1384573707899,0
32.28069165412172,3.4133328841466177,2104.364105324735,0
44.04910173978104,3.3062533474262215,2040.3388988999675,0
54.75217999854232,3.0944387795919663,2608.0046390619796,0
45.312922038559904,3.276090710412255,2909.9128920423186,0
77.81713806923328,3.1734422680340444,1902.3279548083144,0
61.37110001624256,3.0820611203263035,2242.364843586052,0
32.663106524886445,3.0489565340430316,1938.597144904403,0
67.61825512067738,3.0832459259276317,2003.6226377568278,0
63.42358248364306,3.2941072713919533,1629.256350164927,0
55.63949239158697,3.1269746565131333,2528.9945821347997,0
27.232341934457217,3.2940021969705127,1966.5328085690462,0
35.49743864707171,3.3026360918441373,2336.056193741992,0
44.37857989942008,3.1329912050464386,1449.706568653431,0
26.722740638749197,3.272659527245943,2017.980592922302,0
51.04570017426677,3.1109558421298087,1871.7755182620413,0
26.985450599180226,3.1372107935420916,1531.4774240552697,0
30.31564427537952,3.073465870684993,2276.1022384463968,0
64.37853924828354,3.116533280876119,1493.6185108250459,0
73.49313094566607,3.0625992859555535,2429.6642910574224,0
25.913183535869923,3.090532170130833,2890.3021860168965,0
48.01796285687361,3.063267851175947,1445.9237019965528,0
70.64899828306159,3.106094414837364,1470.114692610937,0
70.82863060324351,3.3225356411189053,1417.2055513578205,0
35.31962194635287,3.209133439990404,1713.6381436151935,0
50.052938004440236,3.293715702006984,1593.4935800994267,0
25.980355793958097,3.0914842941596805,1813.3126604228655,0
26.562254385803787,3.2790549701383362,1430.4977044243863,0
70.08268684267293,3.0186823741955098,2732.785471410837,0
44.15652344611688,3.4279206765529247,1541.7904889312663,0
50.971871423166625,3.208976302759613,2837.87215066855,0
52.842964656892256,3.162151655472218,1993.028305671315,0
37.31679650935768,3.4023651337564966,2150.9915567184735,0
72.07391742591079,3.3630374853197122,2660.867381311124,0
72.72914024301856,3.2320753639221085,1570.3846219536172,0
57.08963844286942,3.2691937362045635,1795.6274314939485,0
41.57953256123204,3.242137775716754,1739.5715940347998,0
67.03624978119545,3.324382110167616,1922.5188747804218,0
77.9314618795999,3.0903214134794523,2837.4982605951373,0
53.672395858583805,3.4179677563544626,1578.6122751326475,0
70.68446116547476,3.1336903722582536,2053.7743516524715,0
72.32623890819704,3.365289300331048,1837.9009232007804,0
57.82449724109228,3.1231473050696774,2293.3506672946837,0
60.534096790480014,3.1599803081503017,2441.6485210245596,0
43.71138889421298,3.3523209374416063,2171.7082711920402,0
25.676160750311137,3.331009942720449,1420.413672600361,0
63.43112277869528,3.085151415427865,2833.3861744983055,0
50.46720956670044,3.1638320457417484,2140.685157168659,0
44.75199799220183,3.1376309831112295,2321.016029714023,0
51.81898219431045,3.349961177882281,2622.4651186497344,0
77.6448532406706,3.214730065881414,1987.76184064721,0
51.741946671989744,3.279126422728725,1463.80327832597,0
49.79577083894756,3.2032600028839107,2358.466368133448,0
31.639030024489124,3.3257017486177762,2108.5962954014435,0
60.43073955535618,3.0594531172462656,2044.8305873087306,0
55.51297294737326,3.2950633195799464,1697.380434613117,0
65.99237801469776,3.309447436199479,1605.856593539295,0
43.751702969624816,3.19589742709785,2013.8832771175285,0
44.40132133920247,3.285030823630987,2802.248826419398,0
31.981653378067655,3.3298798127058373,1664.7427090758388,0
48.89431208052258,3.2671738170577007,1592.116522321906,0
58.003316191210516,3.0964311391129473,2152.274847345104,0
36.88282455186892,3.2368944270387003,2141.706321894701,0
55.939407921757216,3.095534414551768,2251.2642046759092,0
31.864847448093585,3.2862508114252624,1433.348999109611,0
69.7476991390289,3.139707208336253,2839.6095067483584,0
57.67090991750939,3.285678516040049,2310.0439056263635,0
48.939791749591755,3.2493235903446864,2830.559265700955,0
28.012740105303426,3.1795242817808655,2263.594928305727,0
60.74726421158441,3.1195197607377643,2209.5969361804423,0
63.2496143589106,3.2286197676248487,2933.2740659442184,0
74.09205584151677,3.3837623432896,1780.8325664549054,0
42.849394242342086,3.041233275278785,2268.5913899381444,0
50.237096875138285,3.034557354314637,2348.985898049006,0
57.77597450832881,3.0875687134642096,2643.811646736206,0
46.309273279736,3.1445485125716823,2273.5552525262133,0
67.0582528023409,3.135959944523711,2187.352055786193,0
60.94445867303424,3.1464793550468833,2530.885504576757,0
42.64848132878567,3.2839683423723502,2792.503875356778,0
49.56115215688584,3.2541767512912836,2787.072408328097,0
63.59442092779684,3.3346121146564496,1846.7835547026382,0
53.25823589893809,3.0592982392985295,2430.4814809539052,0
40.19629242070857,3.0049188416984474,2897.16598379457,0
55.38321303321197,3.142942962738711,2317.726286668831,0
25.290459849606503,3.1789717197278615,2192.3010807299534,0
76.00677701263608,3.1248603606773613,1876.2781482233645,0
46.87474116438232,3.0164834516613857,2148.123513099134,0
73.92080736319963,3.28734707387701,2237.3706523541227,0
73.9831776097588,3.2736235454387255,1583.8127396045968,0
63.232876436467315,3.205917375838526,1399.28802166688,0
49.09212608670969,3.0281633610055914,2192.3372885983217,0
55.047363169824465,3.150418748743613,2779.8874693002945,0
48.252525557915654,3.0641883811849633,1634.9155699604723,0
57.380954734694974,3.2294917838935966,1739.860924312412,0
39.902736337557826,3.0992583387542743,1498.546662599173,0
47.85021162426003,3.0609819616877676,2149.5357780461163,0
33.83992795298684,3.2625069203070267,2292.199567563734,0
57.10882952477913,3.1097171253521436,2614.280188406697,0
64.52847037540734,3.2142444654568565,1562.8233900620394,0
49.14847564337811,3.171434973880881,2462.5746852685616,0
70.85275319130938,3.230281804599144,2834.393908106425,0
59.80109658976261,3.321170528357452,2749.337228980695,0
48.97887371163799,3.07663202985042,2583.9389700732645,0
29.226145184334705,3.356400237377966,2641.4744843585468,0
45.04908128182383,3.125536543724052,2346.3311668964416,0
43.98952953514018,3.130521076687591,2629.241759850553,0
53.752055952687876,3.150542560924732,2448.78319542825,0
54.38702265428762,3.210798081809721,2323.2971739185523,0
75.33775500332287,3.059910713991297,1536.9430999251201,0
45.237614245102996,3.227687596395322,2456.083135083598,0
57.648104060996374,3.0346393782769576,1647.2710403608894,0
44.877077309918384,3.2237537096348006,1663.3050810603738,0
39.973277728723836,3.3967305577731106,2071.819874925006,0
28.606225103181174,3.0290015856231416,2923.6914347287106,0
54.101419694171405,3.0483036591948522,2473.1628063920507,0
70.35933352594299,3.329827539606772,1756.467942296215,0
45.0513891086418,3.2143896247524966,2428.886559057592,0
45.746151702435895,3.428301378525702,2696.7719251653853,0
27.638936640596555,3.0046146775195015,2519.8642951500105,0
76.99533445572217,3.063304407074125,2402.0726718942033,0
46.32732887950276,3.067611320536922,2182.5672813841265,0
42.331903484059815,3.072378479327844,2339.051615806692,0
46.77337191583899,3.2532191320404316,1965.2699533413888,0
61.96255952580697,3.0526947304007743,2139.6523914432123,0
75.69459468042932,3.3530102299542737,2140.4822460923506,0
28.9715147098223,3.1975461729956836,2525.733372778672,0
40.20897064011313,3.044065381864582,1910.3581913717028,0
50.565680345033314,3.2225255968330053,2542.3435145150015,0
25.513292845496565,3.3669743405065367,2536.118860138802,0
28.760663049307958,3.2192218872746485,1672.1943232972305,0
38.835759492859495,3.060957367147261,2170.705187402963,0
31.399308804364455,3.127636250752087,2741.8925684642395,0
32.75693475908547,3.187533430342486,2683.143880081221,0
50.06993634225521,3.330771141170974,2764.6821369241243,0
33.245431513516365,3.2103420831102083,2925.434000401631,0
47.724860718158794,3.243966360461065,1705.8008038003532,0
29.609555897722966,3.0731839050354095,2049.462594956089,0
64.47492409836292,3.200544320420737,2013.4356983880211,0
25.439665710522426,3.350150764858636,2049.6438124158767,0
60.06270072976616,2.9975651665929455,2781.765014720106,0
70.81600475109617,3.1710563330183574,1830.8649571109577,0
45.0567165962544,3.2872660722515064,2567.245601370146,0
61.70178702317993,3.0707642388443195,2215.3980854507067,0
24.3140894882063,3.0618155530566877,1558.3354599856852,0
25.60019759379017,3.0338990025121806,2823.0440880488463,0
76.04463810498653,3.289442398001868,2517.540673347213,0
73.12691921974549,3.259600279966017,2880.3526463402764,0
36.95230847243001,3.1627957109489437,2847.599358695062,0
73.30356252225397,3.3166746157375133,1907.9493068903887,0
67.12384524205844,3.183856426648109,1913.6314063183606,0
51.089599232438204,3.3829801796781176,2366.9333167656837,0
31.083437027821873,3.2775019384405013,1736.4847780559053,0
27.709675303405497,3.196951351788739,1802.6317630430071,0
31.83693401470174,3.2497957879091244,2832.6013137080818,0
53.999567360254495,3.1944756362463855,2858.115075880779,0
69.53924198575437,3.3163499402348724,2652.7380528422964,0
49.76939162321113,3.216418094660591,2872.7678480356767,0
46.15396465947017,3.2736058547932863,2894.122999370277,0
48.77075013770812,3.3137937967806455,2409.152577241811,0
45.30636778314968,3.075486382649186,2473.2787794339915,0
58.33359824734701,3.310587922392055,1646.7942794907476,0
55.60407358360448,3.2015849968163517,1460.5789014357924,0
48.06196659724513,3.4314701862245784,1469.5640820343692,0
26.037093522182076,3.045685235309732,2633.225635946978,0
31.127495241430353,3.2509076785688404,2836.0024268894426,0
60.052210468205175,3.2078878270758953,2831.3176107792447,0
26.922558256833003,3.1250126083179377,2633.556793717842,0
55.020525076537524,3.3314072252114135,1571.4562168648704,0
47.90333735037663,3.3206779387894794,2906.4539545473763,0
77.15471361290096,3.2084723083968623,1615.2550076194877,0
41.44937461883803,3.0392913210991415,1634.6087050772685,0
54.106037925872236,3.1890130840095297,2850.612373157681,0
65.43015331993155,3.038506802325508,2155.301230995699,0
28.02895792671478,3.285905404282806,2779.0574144435686,0
34.37262333824076,3.222981665079467,2235.5528144107516,0
55.74395753270687,3.034330657733211,1654.637493425837,0
42.158001759329814,3.039918650223406,1781.786473517687,0
28.826023753130507,3.154046622790595,2583.4879985914395,0
38.199245936424056,3.0727921881075795,2586.43265189831,0
50.31151438766236,3.0947042061801886,2434.052944989811,0
42.573018961343244,3.357596529811061,2584.3625614126668,0
73.69523942143374,3.087768409768665,2642.7874669215926,0
55.516533668512466,3.135993482757757,1692.1519335370817,0
65.98700583251855,3.10365832260735,1541.979839792099,0
49.682292983309196,3.232199417359736,2816.487962980359,0
48.43624637055551,3.1394119615660885,1624.712445623861,0
30.818019210400127,3.308600553711654,1522.0102969243653,0
49.27747139070776,3.067244155113668,1939.5546176649887,0
56.33162899956101,3.089789149564282,2896.989488447347,0
69.4775965579434,3.1851708561791825,2937.3807547467336,0
64.54924050556279,3.076697776695053,1887.1120473356314,0
57.35518194832629,3.078395061920321,2311.0839815375107,0
65.64519859626394,2.9973065153597354,2227.8850208280646,0
68.27595032393397,3.1907915752330855,1767.2038565060222,0
29.95084834545705,3.151649544543706,2416.182336862753,0
40.459281407585486,3.2828096518254837,2696.7716884151973,0
71.4473831612648,3.158697151323132,2640.529984132211,0
58.556487461398554,3.335776131573649,1530.2097286144772,0
38.676141154484135,3.389228888726096,2206.9300864676848,0
29.506470695845127,3.37100174579607,2521.3494070850506,0
29.061062267365376,3.1506803145398554,2368.940695753881,0
54.57052897139313,3.099597357829432,2500.173332925869,0
50.08351990137135,3.390150361768528,2295.6970289890837,0
64.14872011192757,3.135687940395566,1945.4747420102944,0
42.82053297085185,3.2273306289178487,2238.282108909118,0
59.97849732477236,3.1977696374596536,1887.267530111974,0
74.50117773140006,3.037046829866451,2784.588966866256,0
72.79968736555979,3.1397767767672713,2875.1262676928905,0
70.69611129185868,3.2036991371359647,2423.2036906503704,0
52.562486457014344,3.0801100393661125,1935.5253125809231,0
71.2510627215049,3.0956246167090997,2852.293532673374,0
41.867410318780145,3.248395370137646,1917.6275801949203,0
39.96567007425177,3.077470878282787,2637.171498191062,0
50.595341281806334,3.3943438431171176,2581.506685279403,0
73.98557210306177,3.3281935833714584,1835.723874518494,0
61.42540527316161,3.2789966121975738,1633.673553563036,0
38.29955237294906,3.107158156685468,2275.631275249815,0
42.78885744090693,3.176160876846742,2254.666619884162,0
50.72444817113724,3.074453549618607,2111.640954893913,0
63.722170342132515,3.3689428382682856,1901.5930668472392,0
78.12039058519056,3.198047180828325,1610.614052231858,0
48.09554630900026,3.275443439215331,2517.7504000780827,0
45.5529511263955,3.3451581439905063,2094.9515958508073,0
59.00186637422825,3.2353558888340146,1768.9427925789914,0
48.14252633320451,3.262075671306869,1534.4610386346503,0
41.55601601005656,3.2396306475589443,2885.734152252625,0
44.74576508932755,3.128909323689209,1885.5091740293403,0
69.74131367969143,3.074797063278263,2533.635520736021,0
67.11693004164518,3.397461997911363,2050.296742189913,0
54.715158429973535,3.059096873119437,1729.4362702455564,0
75.82963824875776,3.2699616448062536,1560.9832769315638,0
46.39269525299151,3.2203613578605346,2508.558597352463,0
54.36006107930847,3.0446763505535874,2666.0088243561777,0
54.591470053795966,3.1963517135019432,1478.0820636408491,0
49.2586297123244,3.2482580363455713,2795.238577421622,0
60.86984027754704,3.1763976726387044,1615.2243255729647,0
55.71430393830441,3.21914478829974,2729.5572851284746,0
60.6292907323344,3.047843407454126,2198.030942876308,0
41.41101808479041,3.3620300268366043,1623.670733508652,0
46.501577298661985,3.3903969190864953,1973.8994476844562,0
65.15396133916029,3.090047807708894,1521.437777196054,0
70.8720674037244,3.36305790697155,2458.3077598161785,0
55.11471428333475,3.3136601990391195,1417.7898026396483,0
50.41633325661934,3.1562726866090443,2814.0540997511425,0
72.7588420282376,3.228772869160061,2684.739235714192,0
53.5668587614674,3.309355708759306,1595.6536541963706,0
48.86495868860362,3.155569684037797,1923.6542251796586,0
56.24290962476288,3.3054849556234873,1935.7683147456987,0
69.94220561075392,3.0815506623089552,1758.6767917943218,0
29.006951751421326,3.2987129934328,2615.5176491314483,0
29.67490571457461,3.3307354008894063,2199.554376730728,0
37.687635057169175,3.0102602007421932,2446.6476614035196,0
72.50028447096315,3.1227714350748723,1965.7610987262453,0
75.1736174260731,3.4004855178885314,1937.1473903512638,0
54.424034951732516,3.0715953359669834,2297.334790406697,0
33.03218076947221,3.1146422771198643,2808.8695970757176,0
51.428181034788025,3.270727383841109,1956.5541964150068,0
75.4658284743519,3.0982549104138286,1951.350359710388,0
77.41133873234837,3.089247135970179,1596.548003776534,0
61.93858739186014,3.2404583107167233,1457.26486795891,0
41.5105512648241,3.3753171643476354,2082.624118249844,0
70.49737282719296,3.072630631702874,1502.478925255688,0
77.64738906999878,3.179699404476923,1574.1414488653213,0
28.395209633896872,3.069488448058351,2070.205031517256,0
26.8699953429978,3.339997458996872,1890.522170681379,0
30.48825522469482,3.3695978768525343,2510.16013198589,0
66.43606682038116,3.23777719915218,2024.479299540828,0
45.86693678544376,3.1946198910033186,1832.1788127582377,0
58.51842141118329,3.0782593221220966,1556.8365123936094,0
60.4939300770325,3.3789931357750667,1986.5955962335206,0
27.9758591390281,3.3091751802472102,2576.7849126186106,0
59.20321443861456,3.2392699217710077,1758.298810289421,0
25.349813452717463,3.1706150013739105,2829.7628311650824,0
43.3922570517156,3.1808360752000358,1440.6937900234043,0
51.27926792847105,3.0615088060679114,2510.128957366191,0
59.94045903016488,3.2608650846469303,2476.825607014962,0
44.6636365983355,3.194140176061027,2892.3428122752202,0
77.71453103371248,3.1524375697081686,1424.4638362768696,0
26.12189856565883,3.373776678244451,1939.5152494496915,0
43.30860155229707,3.182383872054588,2388.2100097213156,0
26.933869401942996,3.153500220109976,1925.4663141068836,0
49.20970097767225,3.3389354833909537,2271.6057426743096,0
76.60346814549091,3.1308978130004523,1988.9650134435033,0
28.552377967540327,3.2759503225565405,1906.0138370989314,0
44.20427753096544,3.205876118290403,2141.4704086447914,0
70.97694848273174,3.2432753997223234,1833.7163760679073,0
64.32255644501898,3.069953516101299,2718.6534589310613,0
27.855576489768445,3.3589581079038906,2126.833298832875,0
67.07754165618647,3.1907669859931898,2256.2198925635917,0
57.78897527615673,3.1957401214859638,2571.8152830595054,0
54.19566004932393,3.0998235739098,2868.8621933721925,0
74.67070089117927,3.2012577504186925,2326.6638964705976,0
51.91925859174748,3.1762272946111145,1653.65999407004,0
40.303011349982384,3.179056201762727,1899.8460270232933,0
68.97422248934278,3.2490784941981348,1785.3687987569008,0
30.3926761468144,3.0731657959086136,1760.7449183392246,0
58.7373076941488,3.044183636033417,1658.6972584181262,0
68.16459113569627,3.2290964333015366,1668.7820095649447,0
70.42644449175391,3.0807489966512045,2300.6358396808987,0
46.988134988741386,3.183846838034146,2417.24310163684,0
29.772742129483266,3.261872640039214,2840.8807390378415,0
75.5583366320875,3.364207357390112,1816.3768011801099,0
42.411363323169105,3.2418940855535996,1989.7517034243417,0
47.363345265848146,3.070783016378768,1670.7671343199402,0
51.14632711851669,3.153867592311744,2889.6961195280455,0
61.305983914127104,3.3787328540104973,2755.1772614155793,0
24.231499131030734,3.403404680120367,2314.280324069669,0
74.84692211153177,3.3077766351596845,2604.2876326188557,0
44.769007750041276,3.3551326472520233,1559.8832168939448,0
45.357882880039064,3.3636020855949895,2040.4911509962585,0
37.214440388637655,3.124347053789978,2765.6359263737586,0
72.47188648329835,3.319840688417265,2050.8367843384517,0
48.37456017280413,3.168597409421642,2663.734039563609,0
67.82775861663346,3.332531207127688,2453.286717222287,0
63.292067457829226,3.2193688659664272,1451.6060196389665,0
57.45763229718468,3.3370314213488643,1607.713574329903,0
32.71316634671736,3.232688482602081,2873.2974055030277,0
69.49493492714946,3.3012685508663924,2627.14946247266,0
60.73629358362636,3.3407317700954655,2658.895865100715,0
34.08848068525118,3.343552855934992,2907.2895988529162,0
58.581007677428794,3.271239075426374,2803.457506582543,0
61.51804223532982,3.090834524926166,2037.8391869477382,0
75.40538113246912,3.0233226395918913,2531.614823250979,0
48.42644380017222,3.2633067202858776,1606.275501192623,0
38.88420542083574,3.224559216965514,1580.5536837988645,0
77.29478464207439,3.1375896362154467,2459.714016708342,0
38.46577836063591,3.2339798026780087,2828.544203197718,0
48.39956667383636,3.0514610348016724,1594.2500861393296,0
61.52747916346339,3.3054690192278273,1801.0717727728477,0
43.15800382010459,3.108269830020453,2834.18926649894,0
64.2669253851464,3.0248940270032127,1781.573400587629,0
44.700202727986195,3.151305885561658,2898.9597040559324,0
74.82830831239079,3.343506750967163,1626.8996082265585,0
32.360381264172126,3.0935704988593105,1485.3152591232315,0
73.30191000838279,3.101819326400662,2737.187275084264,0
37.596578160744485,3.1981342544796325,2784.6243273214995,0
69.77851080465473,3.2805363334540947,2640.9649249301547,0
36.26619076427632,3.01302341049493,1849.1095356417766,0
26.168250308450187,3.132267909152166,2501.1597845013457,0
70.51278680518999,3.371746174672553,1596.7885117746791,0
51.74702327981881,3.100932475006148,2767.314119701273,0
76.29488436903083,3.2238953224505527,2288.161605521023,0
71.17118860568205,3.0214130597916897,2437.8825895118475,0
55.995144848301514,3.38822949671024,2711.571485542212,0
47.877365221352726,3.4358483826437727,2322.9460178996355,0
59.3391434686659,3.3489958330895746,1928.648943822716,0
35.24221396772703,3.0354993187181427,2403.707100870902,0
27.56714666311864,3.3891553073560874,2030.2568145048135,0
28.59798456671606,3.346909417179655,1636.4584285712342,0
64.10694063847006,3.2697680602585244,1592.9081133201414,0
60.583850709571315,3.081711293477919,2410.6936862036505,0
49.95584727010729,3.3483616761787096,2139.96993912773,0
56.236936745520545,3.2026632085240654,2064.923828638218,0
49.35880251035847,3.12455822747755,2446.919451377737,0
39.25458011226024,3.174962350680831,2807.762590424081,0
30.486569519524267,3.36068320403106,2712.008603151783,0
26.494066378313544,3.0852797084286565,2075.0690251099404,0
55.213074671003795,3.1279152550206684,1817.2470341180187,0
34.178856384511064,3.124686799426347,2029.5369183784048,0
39.73714161664065,3.2186099207931607,2100.3127517168978,0
72.351148647176,3.0906247317180244,1659.6655828376283,0
71.31614888180877,3.0607715747661386,2239.036711294418,0
61.85945519245303,3.3316116630575725,2883.198159423934,0
57.04629473469465,3.3629112774302166,1945.7115311811715,0
31.01504507561579,3.078105151385498,1578.7551487752116,0
70.07151152097046,3.082216696683838,2380.547203684987,0
33.68059699139463,3.1302039732297655,2118.9931002958265,0
33.51987125665556,3.072836531435778,2505.9138847310705,0
34.36062722681158,3.238770775606198,2693.240695473147,0
58.51675302081093,3.2643614122022537,2897.250856951829,0
39.341764236263664,3.182124690419536,2138.568865486815,0
60.511689251534364,3.3064382250342375,2140.872348617337,0
27.63462095271043,3.336249099714115,2050.4600098392903,0
75.11268892485515,3.153919370558854,2487.669401983981,0
36.96263160065074,3.089060206881297,2832.0612322648353,0
69.28096081655175,3.300009202233747,1639.939539450875,0
60.111374085814084,3.3110100724357556,2597.039768496294,0
57.44860053332176,3.118214054232538,2569.860564201388,0
30.0969162466204,3.173538910410712,2953.2789318684854,0
26.357595141999603,3.036083801859525,2785.3566460797074,0
24.790690990668374,3.036693107429249,2060.6319881139793,0
36.0062256903603,3.122852911744911,1938.8496507811049,0
31.889466556820068,3.2670782819212314,2171.460468856234,0
74.17010111945801,3.178237846851275,2130.1691252763326,0
66.6603470298102,3.3891193612279036,2679.0564358906686,0
58.245216071690685,3.3647987617227355,2789.864436895296,0
63.771091028511854,3.05221155684065,2412.3810991777646,0
69.86889037192825,3.171962889043357,2051.0487529955235,0
50.84551404773762,3.0529646607672407,1958.3686093511965,0
59.59253363462236,3.084410024623162,2574.5376439368783,0
45.61333991042873,3.199569215943482,2702.9909318600485,0
26.02223115819088,3.0303194492769894,1430.4018454377913,0
77.245820522569,3.0841396229266094,1465.9401781022286,0
58.10391115229192,3.3396888294836553,1476.671831797775,0
39.45705626845199,3.1566804988320354,2449.7182602261314,0
63.99172129021331,3.3895804268422705,1439.4980881111708,0
47.72220122737586,3.1048841817185235,2215.637664498706,0
61.38984462928221,3.364803446257359,2609.6762283239896,0
42.19272899953744,3.3391629919110373,2591.261259645226,0
38.49855504639376,3.0507747346580527,2257.8163644897004,0
67.11675464180266,3.2500210128832117,1742.2415114060566,0
76.8053740009654,3.0820795389264233,1489.0984040477144,0
59.2758519252418,3.065592603242237,1839.940502662137,0
76.1080282112085,3.3090610987936167,2915.7947236548894,0
55.71570463043951,3.159998568997556,1810.1010455664173,0
60.31805249050395,3.3092787783722226,2173.146485663523,0
43.048213063787614,3.0611483569344435,2495.756442737002,0
26.905601507941142,3.364005798669465,2111.9109580525524,0
51.91364599122023,3.14902943752135,1808.879896841242,0
48.68292989385387,3.367564213642341,2165.2146178136,0
62.60749067019683,3.0757140597973,2484.4217459101997,0
35.93344757319565,3.1932645868710265,2582.969270401138,0
45.86325092367943,3.0770998979846897,2289.124624024598,0
43.17771050532094,3.399714014295879,1886.7901792998257,0
27.14702234498711,3.3677524215818653,2814.1631016267424,0
50.75175571469447,3.0513636950899015,1917.2473605174198,0
72.32935643012591,3.3118054778195605,2109.798781773595,0
64.62619758661448,3.218567982758341,2126.2944861410165,0
66.8596537342516,3.2746721533496084,2054.8707275641354,0
53.15001085792943,3.3553632754127216,2800.4375745845973,0
54.30299073799651,3.313005760128073,2492.6206481521576,0
54.059089486920094,3.0900610249589446,2347.2725582142425,0
49.55671715733566,3.3723998526062267,1581.5247306961596,0
24.736783972117124,3.278762777050439,1746.1257686856654,0
57.08146280023257,3.175490496944036,1466.4156440764548,0
47.44054066417161,3.191736208799219,2739.330970687217,0
33.23129157231838,3.089210472488972,1805.2498622368255,0
45.93945581779269,3.0884714711812964,2370.9923126575645,0
41.46087134555172,3.1502636492155975,1928.975556702917,0
30.032506185010384,3.084977280879893,2566.1034479544246,0
29.721391781868867,3.023839650732664,2133.162119132478,0
45.850173879972125,3.159905734638894,2766.7214619772126,0
53.61906150542621,3.311404837457411,1876.7801100464985,0
57.316949032066056,3.1388365292360665,2905.2269495842784,0
46.27419907786779,3.388724584219041,2100.340727755505,0
69.95025512073096,3.1300736498580175,2879.8998028389456,0
69.40771865875801,3.1465666098146796,1925.1076145296101,0
51.16767547032342,3.030754586360784,2537.6257336134436,0
31.697720435017764,3.206470755397764,1844.546141092085,0
75.48657412875967,3.1539599081086247,2457.6282375798833,0
36.73121094637968,3.3673502607282604,1936.287939561377,0
25.42607302521837,3.2831938639706433,2426.3285768595756,0
45.877062232177856,3.3621469255068166,2465.3315007025753,0
67.44121670035985,3.2739573076755835,1506.035479545846,0
42.403655986419516,3.3210185844390865,2692.2989181047133,0
64.32904987035921,3.2957712789040188,1399.7643537338747,0
25.188954025473446,3.1213875759918532,2834.9345866742674,0
57.183521949677555,3.158431992345859,2502.0209317042827,0
73.15125158300569,3.3009783265645276,1759.0810373425734,0
44.75566593958934,3.3515213402007835,2268.2455043470145,0
60.303824996090626,3.2398333794691774,1506.600649017872,0
37.15583934548175,3.231516765297699,1764.1032142876497,0
78.26839910718239,3.282864197266855,2251.6869551458917,0
48.66486445925733,3.374113170104773,2413.2313251343385,0
77.5359603148202,3.105605570212447,2458.216853180981,0
64.89603800953668,3.376401642995833,1746.1195933375975,0
34.52490044490489,3.0833809488639203,2291.5125954092564,0
76.81719282993373,3.193041789422896,1504.924849410335,0
29.873893670904437,3.178936395384508,2637.080748421506,0
42.085694019026654,3.1333656158691867,1584.1282271100918,0
67.03308069694386,3.3537055164128957,2579.2099560402567,0
57.889696365376366,3.241933406834893,1517.5550875459674,0
28.40587054292194,3.052637529285803,2830.675827210311,0
57.42464652746484,3.0389178688643774,2443.624870216617,0
64.75815204940953,3.107013284685927,2326.8792514519555,0
44.39814298733816,3.3097548751232826,2796.207783925906,0
48.18613456129972,3.1662033330583124,1714.521073996356,0
27.00926692026325,3.3073315498218827,1699.276930567747,0
63.651952722454546,3.1910145834701327,1770.1272139376308,0
40.84187302892964,3.168359477657046,2913.5623209543855,0
31.38945426957346,3.13556582789003,1933.3655924238647,0
54.719262500402365,3.276058625529792,1502.0602042244814,0
34.145846073636775,3.100159371714412,2790.3385513384037,0
59.70126238213911,3.2734953351843226,2876.720325004858,0
56.66214595099718,3.145258135125746,1661.528324045062,0
26.33939475049894,3.1176367489516403,1395.207081748919,0
63.408115510363025,3.3811390648423356,1900.3156511785542,0
34.05963726239963,3.3983602247738123,1974.7846128520891,0
34.772142218067714,3.2472851843044928,2587.913107503896,0
34.59389963118687,3.068297875170434,2760.52737273171,0
25.055263910232934,3.3701201727488526,2815.4630279879816,0
44.85450457581759,3.312550462261759,1574.2545650060385,0
60.59783245194017,3.4189575933632588,2913.9094264342825,0
72.2237958675138,3.028513057586889,1630.8551386768124,0
44.66483523439639,3.2480392915634546,2920.4689584891044,0
57.37519702646194,3.0745854826472185,2263.6386874931823,0
71.42660507556151,3.3538980693012985,2891.9869111983216,0
28.943222079856508,3.2083047389919543,2428.6649923797095,0
50.77491795896789,3.2010228601308723,2137.03056570934,0
61.44533863932311,3.3120592952269967,2190.233775097636,0
25.661953387110874,3.1165249981171863,1699.436596014006,0
40.968772148941696,3.350075819974262,2275.418940821692,0
28.45364429134945,3.169576573120028,1933.675745680366,0
56.78124057779669,3.201481592197211,2116.6783188583177,0
34.1445182823864,3.10358927596179,2406.721649999012,0
69.75598944173021,3.1703054676051723,2403.9348436334903,0
26.178712923290245,3.0880055395586807,1719.7236543578836,0
67.55562797036536,3.211967279226693,1858.8354285141074,0
63.94196260063485,3.355333766337941,1448.623182577287,0
65.64932823570649,3.1593930396842236,2005.3162500572828,0
65.20757804325089,3.0815319845900686,2049.045034929732,0
49.657989268621,3.184025707448588,2583.859872586159,0
41.11880440241187,3.086974496328058,2580.7133824775888,0
48.066881777730536,3.2273040673415436,1983.4001599370756,0
67.73737263104444,3.3104450380751644,1941.5276992230142,0
45.732030361454775,3.319735523954182,2243.243668986004,0
31.197292899236306,3.3633723941260762,1892.089615863221,0
56.96444320014169,3.368527173046754,2906.6485510159055,0
29.797017924060825,3.2433989797231235,2094.444944742036,0
29.41644826616521,3.2086212502149967,1452.6320882204539,0
76.17665763796845,3.1237512254953557,1754.789801617967,0
27.429595828487674,3.201165686082807,1671.6735075648803,0
53.17054825002785,3.240227608317968,1495.4249992633988,0
30.87409721279327,3.0761850939981663,2032.2840420194218,0
55.00704409708628,3.210551372198152,2463.9092957405633,0
31.92151943610057,3.021456013351387,2053.5809033040764,0
48.3018182260404,3.2291933525455296,2582.9011579953276,0
48.438180373276964,3.312463990468196,2507.621794543295,0
37.16479493249579,3.3195463560222604,2548.0444509684994,0
34.25480734748353,3.2311185323568257,2020.9950097754743,0
57.62588225475534,3.1206497834045455,2789.9303026265247,0
34.18350496947692,3.1861808861377177,2946.565609275612,0
65.50217064440577,3.14347208233985,2122.7017719652536,0
48.95623217903511,3.028220409551799,2475.4532508207135,0
44.43676772473328,3.0395240981288256,1568.902417278715,0
64.07315173611288,3.1997447256128844,1516.225144815736,0
68.21812826860238,3.3489402995992776,1665.4558299667153,0
40.634066604297175,3.2390786449895312,2000.729529038517,0
43.07757254861332,3.0960018300571654,1440.9504093241162,0
61.12200244257765,3.313276967993154,2673.724964034502,0
40.349486447962406,3.044709451677049,1373.4264743499964,0
74.59566597927491,3.173733891931528,1787.8327467139704,0
34.345711971783516,3.3005821013914556,1717.8101225104397,0
68.63837822198686,3.0886202297554397,1646.9483014922675,0
34.80407852085551,3.10811595261109,2235.8393401168823,0
35.18799511512868,3.165558816180021,1652.1100041319157,0
27.920215064452833,3.3246553689876976,2412.8909962099756,0
36.03268997431313,3.133600840934999,2268.7622452553783,0
69.58108967453508,3.039445179221165,2853.3523156414212,0
61.44548123309213,3.260746431529803,2879.7865876213427,0
40.39026115364941,3.329631705404821,2170.8697166300817,0
55.665317305835025,3.19175395826168,2407.4322457585818,0
57.256290026215844,3.358222880355685,1845.158778058537,0
57.384577212150425,3.0537534551505146,1982.083461569915,0
73.99742680763532,3.2460640824932496,2848.2937335287406,0
37.652755761760226,3.257361108382257,2568.903881929555,0
24.9487195618788,3.3430474352756865,1938.3397399540002,0
72.65234503113079,3.2432515934382984,1769.6672653493385,0
41.06060191932211,3.19330780006268,1403.8080127225076,0
34.45536795067123,3.2694737113616914,1587.859071363639,0
73.79941281227575,3.107093716761801,1504.089340133263,0
62.9730372663047,3.12946544213766,1646.544423365891,0
38.90735384236857,3.3367482948135834,1520.5659897921885,0
32.979452794649156,3.1540694144308286,2198.250189568369,0
24.26520709878308,3.16744950198523,2678.7126161673914,0
56.1143405857611,3.1003644317859598,2507.7274623838807,0
56.86473116584338,3.035956420118206,1614.0433181857402,0
34.15007958240646,3.001897002544947,2218.484649456362,0
75.87229090574094,3.1449461943564287,2138.1620018775434,0
45.59066380294989,3.051855264278724,2835.8365818797997,0
38.28678295778105,3.3438520447731612,2518.0826879210113,0
61.90866772373445,3.270119426806342,2409.15939340861,0
68.0411817534463,3.250429318941179,2421.217019276196,0
38.09356996498029,3.2202230950503274,2492.2929928327344,0
24.379867469190202,3.330423470819042,2388.7704473345716,0
55.84927636893585,3.381820650046068,2211.068381143603,0
39.98500787336455,3.3750057318156426,2432.180141996432,0
46.829900662921744,3.3681011490181114,2530.9284002658173,0
31.253521298768433,3.2907601182847634,2851.792003723424,0
77.9981720578572,3.343347104528325,1373.6455008091434,0
63.47041509000796,3.081057813543551,1967.972887468372,0
33.953247643429805,3.3686405829885753,2110.367101105478,0
65.10993125651024,3.094958252506504,2813.750097840983,0
57.58840143163562,3.368747593855141,1654.432189627608,0
56.07604381775999,3.2073230642038655,2447.0491228142014,0
64.82212119504071,3.0220446021876706,2300.399485463942,0
56.552739371132475,3.415637706032554,2570.7472490584005,0
43.69257050228887,3.1338853904987283,1994.1196013149745,0
58.828067431464476,3.1527385143344993,1502.8030036312268,0
29.247348365619647,3.1522882312784786,2499.8297736168397,0
71.44607442773955,3.1338182434196544,2466.2657380213436,0
57.11524631467985,3.2770724083377853,2186.6438717947985,0
67.77243960214312,3.0611387374091676,1968.6138133440986,0
41.020870138450476,3.205002630369595,2358.9169465781074,0
74.55865327383594,3.4007802197139894,2895.700719097395,0
64.02782643260853,3.150643354401812,1666.892969483916,0
50.820074772885654,3.059105131274611,2663.4354713607986,0
53.39837937583177,3.355702330630105,1652.734535720144,0
35.111905404074726,3.3243183426534437,2433.9899903745254,0
63.3493063600388,3.061306137432742,2842.7563176743897,0
50.09960284848162,3.377322901277877,1609.4331265100986,0
63.97577939635031,3.020971949916524,2475.0429714237803,0
58.101347525675244,3.161541445616588,2492.501800657248,0
58.801223292555584,3.220243204871523,2733.4209504549526,0
28.955878480314603,3.3010848968778452,2842.745655795872,0
43.8321366718538,3.3437268151269453,2901.7284291888645,0
69.97917960370603,3.3723922901890644,1918.0692222785426,0
67.10186457619034,3.23725976245723,2310.9249006131904,0
31.681458767619453,3.356236264120378,2697.709010386688,0
56.72588506828306,3.0458722786198407,2417.314180971961,0
77.22791766981857,3.0607611064291422,2923.1467937917378,0
67.74212474289085,3.2475335880970864,2472.6968127786267,0
36.18597171646382,3.296395051597975,2649.8928480167815,0
69.61172679814797,3.1242918411555074,2134.6575183016303,0
76.69968260780352,3.201559953609731,1868.2224562096658,0
64.757450930664,3.1988209383492103,2231.4810828612785,0
46.190492807867905,3.038090399981244,2548.51278922456,0
70.03011079635576,3.2989631082666815,2103.6496907582264,0
31.42938044923614,3.1026423094974884,2557.2952548831468,0
63.483548783896424,3.2379420488068296,2471.4860788313867,0
69.28781396666052,3.3842947074523293,1546.8394520996894,0
25.732308501537098,3.36321656152009,2393.443457841203,0
25.471493560519463,3.0926342978833383,2111.3685322107553,0
59.45696353418311,3.1345036943679188,2479.2192812372086,0
58.13151095508766,3.1177844300279447,2419.940226652318,0
28.3546739395827,3.2056387473301964,2413.243611198036,0
38.492544902362894,3.3128914483621372,2652.1229061510226,0
58.95511548762663,3.1890270851273455,2315.644470705044,0
33.50164228895521,3.3056129126297367,1422.0511280338758,0
67.17717703778274,3.1895986930760873,2206.861304479782,0
64.41209352182446,3.3983702771417703,2815.7992291190953,0
33.90457023961658,3.2381295308215527,2644.0155633889444,0
54.66012936178919,3.3671198059971665,1451.2699881214173,0
43.638378023265986,3.22679404392777,2040.6137919950306,0
53.19821711543006,3.2927821564606496,2430.5944731905784,0
61.16348748580446,3.238530729289469,2930.610414373579,0
68.48830762123795,3.0984781630315505,1727.5003291792275,0
75.53487536345338,3.2569361033107675,1729.2093981257206,0
37.63161749013469,3.158329008926099,2805.5719566968205,0
37.539260549502075,3.179919081033095,2469.376097967411,0
59.998023158701834,3.0728113618410324,1945.8613596388402,0
57.19956568918678,3.1784694358839403,1664.7600208193319,0
28.296574256955857,3.060306260512857,1568.2737058402306,0
58.42286036499195,3.197755221805081,1917.379027224746,0
44.43600836127124,3.4241616127352894,2014.8270737889818,0
33.74082856538218,3.2758597011566364,1844.6098103073955,0
70.59101996660337,3.2393300089258745,2334.168386090581,0
75.03985674248699,3.115637527432555,1908.6723790999126,0
69.74714913373465,3.2251756495427237,1599.168898319152,0
32.381456343576154,3.061455901169607,1978.8067191911532,0
60.86680221438253,3.1112510367281465,2331.235747024206,0
77.17195721733417,3.3442727115556763,2217.0111989582138,0
67.58732211919104,3.1552980807589015,2723.1550697071893,0
40.73657152616293,3.0064850688543463,1526.6827817637143,0
64.29216728277319,3.266624748652361,2127.5800230769564,0
46.29851250663258,3.21636646382802,2574.5891276759717,0
61.672176522114235,3.2021307180699234,2337.6605587590216,0
62.594366989852176,3.31974340311813,2597.4663526771033,0
71.25505164524411,3.1803007414549196,2311.950977218604,0
60.45502490580141,3.3629409519033016,2224.242910771729,0
74.9260108579466,3.1737764179801875,1994.6044616315166,0
73.38421891999961,3.1049475940523394,2230.5650707458917,0
35.902650636014165,3.303912139952123,2298.404695945141,0
74.93187135501095,3.26925423017947,2662.7787431379074,0
42.81999104983667,3.2526664953301103,1910.8705226268903,0
72.53852598056025,3.104580540743165,1970.2341529596592,0
32.60543453040046,3.0834013996820366,2179.740247800375,0
35.92363685047227,3.1757563880498605,1867.5100227777668,0
47.460739687290236,3.3260122845171374,1667.8059822499145,0
43.45191121280982,3.3561203126613464,1681.5929932364822,0
73.16157966412447,3.051580267734241,1712.2759053711666,0
38.59690967618063,3.149895432189506,2237.274255190039,0
72.37317467658984,3.2216616663336,2814.969789747506,0
30.254812045928116,3.08051548891815,1434.3876693334091,0
60.26362597772427,3.1483293782973654,2892.196932528355,0
39.63526895432161,3.216157068501005,2564.280807545056,0
65.37656163988628,3.348999653825426,2978.1682706235833,0
34.53578608215217,3.2659320692882505,2681.660001938055,0
57.345775245643615,3.2648717476287006,1759.6784651842981,0
77.31909863863609,3.367221749369139,2080.1861731707,0
40.70902943944205,3.2488834222944174,1778.290094691468,0
51.48369210581387,3.280783529687748,1859.3085020789147,0
41.690357377994424,3.069366054918076,1474.011617950994,0
35.70449962068327,3.206947288892618,2826.167399866506,0
40.28363246173043,3.0191015444658915,1408.4559540693067,0
41.995864827646265,3.2775544829303964,1940.0911789884115,0
35.865130103992406,3.188420782379783,2799.2381170744043,0
30.31536724633323,3.2321708352314475,2801.0641037999994,0
26.949916028217075,3.21837258834354,1871.7490884425235,0
35.13440023541855,3.3175068418096703,1467.2574290774685,0
71.109302561102,3.3818226551117307,2898.0631590141434,0
61.72499542917095,3.3886765307190454,1500.7429689275987,0
56.351741304246225,3.3095492422204766,1607.128683335865,0
66.28959768130844,3.301891181522985,2584.6988927245357,0
31.96699622124779,3.3089913165715834,1975.533556912725,0
38.81584999784182,3.1202100795838468,1673.6589263233911,0
47.98510112387979,3.2842995301448106,2227.187108982515,0
62.599554924269945,3.2339880198821294,1676.2046600745655,0
71.78337866060309,3.37959574074438,1791.4204319366856,0
37.90841692233789,3.333058452922959,2213.4658547618196,0
28.20077326985637,3.284499224116987,2231.2003122048377,0
57.395082047491066,3.109237397643229,1498.7021094608947,0
34.81557725582415,3.4236104878513425,2228.334610876296,0
65.61064809929942,3.0801243071700504,2575.366024356624,0
53.230488365972036,3.3272912364220306,1768.2107263260789,0
67.70980708139783,3.338084373952589,1611.9941711546358,0
29.851479977555524,3.0973700622484226,1676.9457447248583,0
50.783578602407864,3.298775155972673,2412.5074869377777,0
57.272268560829026,3.0476986114578013,1555.4586143399638,0
76.26867279713814,3.022141116521232,2200.982881890829,0
24.82423096168823,3.330412085832121,2578.6264295669785,0
37.35311317577045,3.0494002208421227,1670.2534709437664,0
29.478556630846864,3.2961778900951217,1911.5343075610654,0
50.175994236959944,3.24923286177057,2092.53488579005,0
61.510167578076526,3.262670252325686,1582.464103249241,0
40.71698348037669,3.24869680001001,2717.420900462319,0
32.03762063892427,3.2833222537597373,1736.5359288515276,0
71.86504163297704,3.3411119599404895,1614.330068704557,0
44.03976666690277,3.2937861681587735,1562.6215081814503,0
71.69753344331839,3.24456159417426,1671.109540978284,0
59.77506115062845,3.1291642922941207,2674.85729129575,0
73.7701054963513,3.2421983296350025,2847.1386156550516,0
74.40237233227256,3.067980065884877,2434.571150707039,0
63.55133575261124,3.3292883081706437,2157.210389729282,0
28.78265560993614,3.3848534447340155,1693.501484580895,0
47.008503202721236,3.2661539407498377,2050.9894053962494,0
36.58936283558509,3.154981233741277,2165.314659936534,0
67.77675325786808,3.1785456117467477,2288.9469831874994,0
61.188327850705996,3.1130912296161752,1404.3000222362236,0
54.58368201689635,3.3906741336406663,2850.749278216924,0
67.40977488911221,3.164286093636364,1580.8504837137161,0
73.55518584037873,3.1158939182731387,2713.446979530487,0
44.198625031536594,3.0084868570300562,2918.056509309323,0
59.87336929191577,3.044433163128677,2692.652704571207,0
28.313472372229484,3.2437689936009653,2671.508585286656,0
63.99453542324332,3.3238877526966015,2464.581422389908,0
62.287241650043164,3.1327229619473793,1638.154184933606,0
64.93584054159182,3.1850470837242395,1434.9300772724005,0
68.34736557461837,3.3639727726306017,2157.586656041557,0
32.72328981202452,3.388356779892058,2214.9209846319936,0
36.49574764136473,3.0540364767490256,2542.315310691603,0
67.50553129414362,3.1688451498998003,1903.8391740973873,0
59.694608260978626,3.1180048100669935,1580.792174264583,0
69.53935351664259,3.028760342544634,1809.8688559028883,0
40.210903667030806,3.2451548039032745,2392.701749401872,0
76.77804461022566,3.2287010937634686,2254.869898765462,0
25.559198868396223,3.144964330517832,1845.587965584362,0
64.53314469911868,3.2871057604364764,2881.998301399937,0
29.906591431171247,3.310093531664489,1622.5691909987868,0
55.98674912045269,3.3619421860534113,1856.3320482804568,0
62.65086094392422,3.336694397937245,2623.3718148767753,0
32.59977604646422,3.357417366663264,2216.8168578942887,0
66.21501805804813,3.161943664993582,1941.7889373757905,0
72.2723678727367,3.340732987373922,2011.0808558775536,0
58.031174475261565,3.2343161186375746,2678.9022192944785,0
53.73513778624221,3.3928302907556978,2593.0633162300464,0
33.793277215779604,3.137089009365772,1969.8418817212687,0
65.64606400538636,3.1589068412207815,2127.1031994170544,0
30.47133163212114,3.2489262542034667,1445.688013623204,0
69.63190296755658,3.3971943008357264,1618.401268402592,0
60.69530488987621,3.233754056303213,1786.0310123747377,0
57.54335200579325,3.301762320940361,2587.7358552263395,0
39.74452187910641,3.097897083842132,2027.6608373754368,0
48.29190209097953,3.0220290534906127,2113.8434603991473,0
63.562415420931686,3.3701586098096143,2816.606814808193,0
40.9754545397599,3.143245892785877,2928.5037765498987,0
26.12736981001557,3.0679996923429425,2114.8955828371254,0
26.12782482149404,3.241045381664258,1968.939633132353,0
27.16094018036989,3.343426981657899,2862.095458996028,0
57.97889966749264,3.0612217729410656,1497.8247249321787,0
51.35395181920266,3.2787352223894946,1794.4385457833578,0
72.92576495172378,3.1658977927422547,2547.5743946415178,0
61.47330264997394,3.06227285869692,2504.18921097097,0
44.84852855521858,3.0191605759961577,2600.1126828864803,0
40.87924600694359,3.3933496158020398,2822.7605633885314,0
41.69191058284668,3.1091563001119367,2150.9513940430575,0
46.81170522470137,3.18186418230006,1417.2562364092369,0
31.07614005054805,3.1988188999401492,2923.3593914915787,0
53.42007975326466,3.0545927817977683,2025.4847505153289,0
76.50944592600621,3.2358704187165825,1441.0873287010193,0
70.50190337551201,3.265963251224289,2411.424754838228,0
43.04261467213641,3.2163697025937266,2220.4197797404227,0
34.02473625265199,3.217643677640297,2267.44565989959,0
60.3536965383577,3.1549966120081177,1879.8682026566555,0
66.23826063409507,3.0441139988816865,2393.1815155457816,0
51.24481626106184,3.3183626558049175,2832.7093775886033,0
39.591916955648664,3.1610427843191737,1750.9725894778953,0
35.64504636649294,3.18948522114188,1561.2283115062717,0
62.48906765635326,3.2915905495521955,1421.880646659795,0
39.78452695293062,3.3240006960979596,1797.1857896464305,0
72.79994770768039,3.188582726470458,1439.9811476275595,0
67.4578619256368,3.3751361178494195,2344.782872182187,0
76.55171985188883,3.1102454921933806,2367.2075131886245,0
55.50985781734233,3.0672187980422834,2406.1171917687743,0
47.27790053002426,3.0295915569693714,2641.0608062517717,0
66.3104386570145,3.3656761937706965,2385.1495343985252,0
28.929410393028846,3.1822622092972415,2372.1579670024953,0
61.60038758622574,3.3920078969752567,1537.0971279617734,0
58.5031900433499,3.1695369408995053,1761.5237338623715,0
53.10514537848241,3.079764017833894,2600.3880439100535,0
74.15116367707466,3.250218956816164,2385.0303264911695,0
48.57804806227371,3.287987141789156,1585.465062880882,0
43.83683757680267,3.3343523026567463,2005.9775387837951,0
27.787048201591325,3.366587651464812,1501.2789252018915,0
68.66856635918364,3.0995430803962214,1439.0486379991555,0
57.33401579326297,3.0310465446547643,2893.6998746330087,0
32.14010532343516,3.303566538484342,2840.7904558699306,0
25.40951536882808,3.207132038460487,1639.808829189905,0
36.30296303783238,3.2940140321324254,2879.549943181605,0
75.24710082057298,3.1842488748593416,2230.8491084965813,0
45.61268820451237,3.0772604129196544,1629.52159018608,0
39.223044468815964,3.1520833955399215,2318.2203013786466,0
49.15045567990873,3.3548106028399545,2020.00519886048,0
57.195706140409264,3.242846575231707,2060.5357934569483,0
32.89650415588758,3.0185801977330344,2183.9489859719833,0
68.56719799671963,3.2690853078163298,2903.5017776558475,0
67.10765355802802,3.145296757770831,1496.505689541104,0
66.53927639315154,3.067697804182594,1859.0334537328079,0
72.72437002460221,3.2137811986672706,1983.052353010584,0
30.29450737158955,3.0991300827371324,2379.9218799977175,0
47.25304486599396,3.3017044383065555,1904.5515141417122,0
67.12065429470688,3.2143769474231556,2943.3634394496776,0
45.065675872649756,3.2146400136376077,1810.8927996038087,0
77.62600762053366,3.349390974000181,1876.2565424130266,0
25.431657750981415,3.2947935468903435,1527.9243145000253,0
62.53909815036016,3.139321021987834,2557.57890956515,0
45.874489635612164,3.315026406662375,2062.0552625920905,0
30.710206371935605,3.163230174956111,2367.2711540998143,0
41.44977141028857,3.2875500292280275,2086.7316878384136,0
73.88656652770571,3.1571180963003385,2809.940088935547,0
66.10103974797644,3.078031592251365,2876.1946681548993,0
57.219177261123015,3.3382981486821706,1808.2865054190474,0
70.60583978734076,3.326333151186401,2771.687995137013,0
47.476741687649664,3.0526685366312853,2235.1975577681287,0
63.401436027779305,3.103433944311547,1816.875239690309,0
54.128441699506006,3.3381691990190365,2469.325086962144,0
27.883170121922817,3.030373646586122,1723.2828810014908,0
28.671024841143392,3.0924563081822503,2316.4494023557327,0
48.08585549701716,3.090577226869499,2174.7720777446884,0
42.769754346221625,3.3875837004912603,2751.3140065386533,0
33.239757694456415,3.129987111665698,2739.172579618396,0
71.56771644710578,3.295163979040181,1801.8512932879423,0
48.57415415403715,3.1392779338030583,2847.450072764704,0
32.5103517307866,3.216063226630714,2210.919653578703,0
63.94506361810542,3.158593128187968,1871.1246659428764,0
52.294203151203895,3.1813932447990885,2085.6441745949664,0
26.77967907853252,3.042013324830596,1816.2872944257304,0
36.04929509432036,3.2614903156423187,2505.3771156459566,0
37.462985477806676,3.0886781831116648,2631.3565869170457,0
55.42470013012476,3.2982430665371925,1529.1858378114205,0
73.02216390108238,3.122350548504642,1893.869492599821,0
72.14780857401017,3.0767626628045117,1426.6243213696293,0
28.50821389286962,3.234201153127812,2692.8567374036134,0
56.2050712991706,3.2290148633992155,1728.0321144234335,0
68.48412786168262,3.224976177955313,1666.3944523272528,0
40.304286018015276,3.2394643084729617,2100.4908709131755,0
44.24828493235733,3.014713468001669,1905.7434943291482,0
65.62277518957549,3.3401065740816587,2785.683560329963,0
24.37700427749493,3.385922410239011,2717.9024521279275,0
51.34821188407015,3.1097068336583167,2548.1045171093037,0
75.23194926591493,3.2843178179159964,2875.42748721594,0
72.17092913604472,3.1880798930882683,2867.3340797348988,0
44.17138488030518,3.1764617032223974,2946.009241022474,0
51.58073171914328,3.1593914451204568,2383.922976967603,0
39.39784813177628,3.3795652210230567,2152.737475043389,0
31.894200828257627,3.372726577705298,2358.3422101497476,0
25.71296433469255,3.030048279314964,1835.026444372151,0
40.8948807363224,3.1835840452670894,2413.780128883879,0
70.71637948158065,3.27758978859798,2598.788667985047,0
38.439698093568886,3.394260517173548,1709.329917729635,0
43.705417985477766,3.282291074385495,2411.835313893003,0
29.059589669343794,3.1431922754881247,1860.5130872324394,0
54.82311031166781,3.296393330121149,1728.3801071896642,0
39.8225126365817,3.034392237566007,2249.264269713186,0
48.31011008445965,3.054576565596617,2128.049044732114,0
62.029250184616075,3.207828544993222,2088.09050781687,0
75.81522730923137,3.167232307736766,2560.3365166983076,0
36.48092875749637,3.207703414888047,1588.2490064345525,0
46.011689736021005,3.1875280542227777,1371.0780766152736,0
49.200476070441496,3.015250822450594,1480.2392406924512,0
39.88707775324179,3.233434702653137,1925.7854031580375,0
60.49602708417682,3.3116755623114504,1480.7750216126503,0
35.487689275445916,3.27133332863801,2737.380769743899,0
77.32050638759834,3.013323575339359,2178.8953594391246,0
30.536011206666128,3.0194998011897956,1722.8668112794248,0
46.79033963062629,3.0733004535917505,1605.217613472895,0
52.65485669078537,3.3498146784544223,2434.616151280349,0
47.65268561674711,3.235152410951983,1702.1640145165868,0
54.24358916133869,3.1758955967996756,1805.6254593973629,0
50.54309999595257,3.264705975741929,1988.1111856507564,0
25.77269658846077,3.210635923812338,2275.6991808804573,0
59.88692244104531,3.3709626472060386,2382.664132166453,0
62.915423931292395,3.100564198527515,2952.4001284916044,0
51.033938481813585,3.1571253833723674,2484.267948384236,0
62.450656738641015,3.152622439720207,2492.8058404789244,0
65.80296317247037,3.120639514410669,1994.4600400032195,0
59.9800718680864,3.2427750634490518,2813.380328889401,0
30.588093466627953,3.1657739088447987,2875.562365896868,0
70.09586355888317,3.1171379194074125,1578.5188952799754,0
50.018410056072355,3.278453393767879,2924.6620981728474,0
34.46460455696536,3.3527451236812316,2575.0240062437792,0
57.80421204447721,3.0785112772743393,2682.481094470058,0
73.2771035795122,3.098927787633355,2524.7363233443343,0
54.60484749550794,3.102181113993219,1794.9578346295668,0
68.23072337152091,3.3027926644493912,1684.162255800598,0
60.47738468844401,3.0856134079283177,2634.4437215603984,0
28.229633066721657,3.1147223366234877,2516.2499794181517,0
50.33395772921679,3.339374526646077,2265.258890721099,0
31.011851039794124,3.040058488689137,2068.027305872843,0
28.486867762622268,3.327081556311464,1847.845506781474,0
35.83029049209102,3.377163976298583,2860.6986786786806,0
28.252950868887602,3.3630110239122484,2928.5692970976647,0
50.07894483838526,3.1685637816002696,1478.6310593057326,0
49.878996649872434,3.372010434914264,1806.4991415833083,0
65.74594931068553,3.068334564828737,2202.79314474546,0
60.91060810263517,3.3752512045262892,1790.910703157047,0
64.90029446979855,3.0591171985690417,2912.276601658068,0
57.446339013205254,3.0453953347192524,2259.9101030447573,0
51.445535250194716,3.2543002879508696,2105.622170896039,0
76.59413924803123,2.9920210564118883,1447.0336091368968,0
60.6133777901604,3.332670246888235,2267.3321967830807,0
61.90167640571174,3.19964222345918,2107.0210739169224,0
42.99959269189618,3.1071664351011887,2081.786598240899,0
56.46334843467636,3.0833900817696405,2502.766204237197,0
24.168617087109297,3.3027624130275304,2664.3842650351794,0
33.54212800305205,3.02422291801838,1934.7948667466378,0
50.50832037627406,3.0664717150387637,1544.097659460486,0
51.0298984972797,3.292208712560959,1942.3476277406767,0
64.97195712363488,3.1156616368662893,2410.498697350536,0
62.31340196120917,3.1929952714112964,1472.0153835561262,0
34.71120618608606,3.0761256136509987,2945.3760451460575,0
36.24846988344276,3.204492392801813,2656.147654711488,0
47.816609312367476,3.079190475365708,2176.704552333607,0
44.62085566575062,3.361307507087251,1491.1206316705852,0
44.80087965360301,3.0453842511582567,1738.3460515977747,0
26.75585886353213,3.1397065706274048,2206.59668983037,0
73.15814368490435,3.3365250327684275,2637.674224620147,0
41.685074160945966,3.3493248995370197,2072.190073119699,0
29.726584855870847,3.150185938613596,2482.4394751917475,0
74.1007011801589,3.1860635154701757,2297.7689475769766,0
64.68206658664376,3.4070677294445337,1607.8185269160324,0
74.91478963026861,3.0476811901525744,1765.5870915474948,0
43.95662463122105,3.280624940578049,2587.3279322186186,0
30.68396017330071,3.2485083370085452,1876.587207897742,0
49.31267220954871,3.3948676492086256,2132.6933212860044,0
26.82965961773865,3.365660742557848,1840.0774046575575,0
65.4860366636364,3.1446059129713193,2767.264089472393,0
32.03811729503792,3.258512395161158,1460.9536078083736,0
54.40459731966753,3.0653286386393774,2523.712942523524,0
38.280838592678734,3.1032541732556,2446.1430622668695,0
42.22137820225116,3.0347677137329048,2086.890532773787,0
40.97362722681113,3.175556257625944,2683.075086880746,0
41.43777000178651,3.2951515353369603,1935.084287050798,0
49.497681250937354,3.395038465097362,2403.8928063363805,0
24.911614609105886,3.216665170878286,2650.0908589515057,0
51.648179689342626,3.2777462903072614,1964.8028721010287,0
44.7425485416624,3.440585023780464,1543.4540353071725,0
35.630785968730144,3.205117326931643,2286.2560306258374,0
51.5344942414175,3.0182269373325625,2128.809648659948,0
38.549863255805086,3.352599083650701,1856.3487955847597,0
48.14324767108714,3.3061385347092735,1611.3379171043225,0
70.42370370821129,3.155941878293101,1930.013504183849,0
47.68450609819688,3.1839640563404115,2273.313542490348,0
52.79637466012938,3.309513424890641,2030.7455742386758,0
41.357901798247035,3.0770272540013894,2049.832358942741,0
58.225074748178734,3.3111265689752325,2806.1486283787735,0
54.21628439024564,3.377138674433659,2555.1802185231213,0
47.97302661754376,3.311903986800942,2972.1793044750693,0
42.605890031365306,3.1704983273478655,2253.4750837016118,0
71.26958199487198,3.318483504311298,2348.2452214249383,0
43.39744436046635,3.154502082931813,2045.5400788986408,0
39.9677388658947,3.2324488336612,1649.2744406432412,0
27.935336778156458,3.3405220970724776,2341.1319165846076,0
43.462484623876534,3.161363017912053,2202.2173075212013,0
42.66056353165174,3.2005619764277036,2772.2789454316376,0
47.16209083507607,3.152677390687609,1906.5439144553707,0
76.66759392464861,3.075431924719484,2192.084380734623,0
29.29094741491597,3.1494809926238565,1596.1555966737676,0
73.28329884612276,3.4221115104636506,2554.3416267790176,0
31.617767412955327,3.0938924997181605,2741.626367106549,0
52.422008540629975,3.3258817195402233,1406.3606311988847,0
34.90149500575039,3.353777283326456,2293.456603357663,0
29.5542141434303,3.268406621501083,2716.636877844433,0
38.176403070986126,3.338624485138483,2934.346138915073,0
67.00064090677633,3.280335581438128,1906.3163831703512,0
57.93714985423185,3.1981261947216484,2623.398511061551,0
74.10511447110606,3.337783367185231,1867.467269769492,0
71.65991953371602,3.0340849770339773,2349.346563829894,0
61.201008684208325,3.133514727688901,1604.7773034600118,0
40.20009570732077,3.083461547108146,2757.58354672755,0
27.592090972160825,3.2410249720352007,1741.9751234040598,0
37.832903657322525,3.1469895685556684,2298.0873548248555,0
39.942708070208056,3.072574554647719,1856.1261464513314,0
45.37992562716205,3.161274962927309,2170.0664108673877,0
38.94207216067496,3.3831682749758376,1895.9069520784105,0
48.84026955789172,3.1116595580647166,1579.3906938592052,0
66.88635070342426,3.207461508837622,2055.1139059778234,0
52.201868119539974,3.3709455269683626,2612.1093794267313,0
45.57040218584024,3.201414215275889,2009.6819135241312,0
63.137542781034774,3.1683063916981133,2657.872388707095,0
35.00206201947225,3.2440650700144125,2857.5242444207056,0
56.73823553638457,3.0193381319003985,2507.0742161164894,0
64.35083261151425,3.2112652322354633,2412.9268555158756,0
34.945313067137896,3.0685181009056377,2244.25370536075,0
40.858758755755964,3.1069747573046365,2534.6728660571025,0
24.620019965552686,3.3911163263595485,1568.2577306326918,0
36.77346837139191,3.312071264040385,1793.5018806358848,0
66.31529522589612,3.2531657984638365,1610.0966980377311,0
63.09373360249971,3.347211511845781,2047.3229042959554,0
56.75004186008843,3.065024548295425,2526.977927508437,0
41.2146325300318,3.212668864198932,1449.6266732237707,0
38.2139529687622,3.2778441592584686,2155.7802478306276,0
49.96834852095085,3.3650390862331974,2230.1908340216414,0
50.610659141314876,3.166822243729935,1986.567135982037,0
46.798318809361966,3.0817351692306922,1962.1323090396359,0
42.202937643574714,3.3345493440531855,2927.842592906717,0
37.062793168416434,3.042100198658997,2360.865754335932,0
54.593024380450274,3.1256002106339786,2583.4896655441935,0
41.60116672560502,3.265426266708463,2031.2001011554903,0
64.49185691211373,3.348795789493255,2231.9573716489153,0
52.48610042974607,3.3545039068090756,2943.3843822898616,0
62.19545852115733,3.191035363210939,2583.958067321331,0
76.94725928084705,3.0520716458898645,2089.159849769935,0
49.96994260508215,3.314532347211515,2232.638842333597,0
73.95100933433551,3.2626858078416623,2197.0851988918116,0
59.30663300458803,3.100250675246496,2205.680153428856,0
36.97668171411848,3.224520319765135,2836.9963265712086,0
70.06300675135687,3.068961522747346,2202.912420064442,0
27.7638674679097,3.402999038364826,1911.803382500658,0
52.75145766066672,3.1480734272583155,1479.612159977894,0
36.72224934821664,3.2532476367877616,2874.8554941140783,0
70.51663993161505,3.227772485397722,1873.168274341247,0
60.22956701272889,3.0474757040476175,1620.1626457535708,0
37.471455800581026,3.041103814654207,2618.5732475152604,0
56.73015993946559,3.1458764018392444,2629.8208257578062,0
49.78229558532975,3.083278028325094,2617.9190395297915,0
32.63443379950722,3.357551477556874,1897.1912709966703,0
51.35780649563592,3.2079325574875885,2449.4864283970287,0
44.80539187171841,3.1573063505325236,2157.9340961648168,0
53.8159891094661,3.3422937116375997,2721.2070525326017,0
68.67137810036616,3.2403568376503764,2130.136785041533,0
54.59794274973953,3.1884773562787134,1910.570810545798,0
63.49604922935153,3.1485911342648474,2267.0559013334,0
45.191644169597744,3.0894698924153667,2556.7300991694506,0
40.752467612870134,3.054695133202829,2016.8581541353567,0
56.61730245822451,3.0335392148397284,1821.0448314914204,0
57.40484781337287,3.418945831754472,2641.435812546653,0
76.84511702760925,3.2670232709722424,2160.099493938867,0
25.154908811103756,3.049615839413903,2812.9051096707067,0
71.12547641135998,3.0644273527395605,2045.676907519919,0
29.127291353182937,3.236232817523734,2950.1915454244936,0
24.5815792245183,3.3668996290882625,2736.818357363375,0
74.62108302258791,3.184911923378401,2879.6440604339987,0
59.35273790451004,3.044373070145978,2697.529830416591,0
39.150869438575725,3.1109255063200214,2212.8147467866893,0
68.97421085773925,3.0359680930002706,1796.2460261482186,0
54.25359643616485,3.2231896626214787,1597.6326874698864,0
34.11804660351896,3.2095645174125456,2900.8626492739345,0
28.863179923032067,3.3101804682480647,1757.96385148452,0
72.79110983069235,3.0975169626707006,2568.1158590018167,0
31.28187671382771,3.1555986105188576,1788.6324796269646,0
33.51110777356423,3.155182974288115,2464.9078640934067,0
58.43880387055813,3.1935637217040034,2373.3250960801583,0
69.26550410643083,3.196741949362859,2212.940279369576,0
67.74716676138479,3.0611986979078756,2483.5729956263995,0
66.86296683066145,3.0769172585377356,2608.490994558644,0
59.59852310919862,3.0743419134946404,1606.6992172364396,0
44.194856680967476,3.21671559822353,1454.1835650029718,0
46.709937008488154,3.1829263974172726,2430.25082592391,0
41.44051988083019,3.2023592507837906,1663.3256948214005,0
47.6653046774394,3.1714339900557666,2712.1787745190472,0
43.25266598151544,3.2703662665664788,1868.823609763843,0
50.30455452870618,3.1993745880642925,2594.0412770197036,0
26.52265444991748,3.180747076867198,2842.102795853729,0
76.39421613919136,3.2803902650296264,1645.2924943789803,0
76.57367253535614,3.116513982149934,2587.442477212213,0
31.982214301158436,3.3683714600203705,1874.090730381877,0
34.59390588389242,3.0188068513349493,1763.3006899970785,0
43.019064908248474,3.184929888916255,2422.606441735894,0
60.113979753624406,3.326965088657914,2518.11247805873,0
31.82345077057399,3.327587920525806,2762.615151628595,0
46.10901025412872,3.1720737942020527,1498.9450470709478,0
56.67727565976444,3.291859233748798,2003.6117489883516,0
56.80431229496946,3.297000898602677,2822.8431663163337,0
47.83024710263014,3.1344142351736233,2421.1411728805997,0
45.39367789785974,3.326689501218891,1469.6376756791587,0
69.69677200212342,3.1930544405124213,1519.5802955031534,0
70.29844019924506,3.3490799861138094,1402.519109112946,0
50.61828333037998,3.38704358334716,2005.8011787686862,0
38.14395280279967,3.2402621076230163,2319.836347507128,0
42.49936202155231,3.235741448456268,1910.7179757512508,0
52.97804033350712,3.18041772604656,2470.274982695944,0
34.402715252466976,3.3228185363750016,2529.5852729207654,0
38.508668454882354,3.0972869773206386,2152.978058040241,0
41.871681398154394,3.12043417500769,2666.38178322369,0
42.829887934877306,3.0063554168061764,1899.77187789999,0
63.995452103330756,3.1411736305018194,1548.3102459431002,0
58.92993975830177,3.1784404186555077,1827.164250389337,0
70.01933376854798,3.290711029979165,2213.577557134045,0
43.46111890050942,3.044268605996797,2872.798494269511,0
29.199988819228153,3.368666072065918,2563.354469525704,0
76.02531509038319,3.092049584345019,2402.8945823869776,0
34.449797363660494,3.0800722236474942,1866.5042150515733,0
36.32923086855181,3.3293303488335066,1949.4819606654394,0
66.34852158398255,3.0904809336989314,2413.928773912006,0
61.136871482317325,3.1260457748275576,2041.9422596794932,0
56.63720583763552,3.3915256181463898,1896.904988969417,0
41.30757181154395,3.0078126987622764,1821.9738193325736,0
41.38023902644677,3.186030131840908,2842.7423984445127,0
42.6877348407858,3.1751246899565264,2106.37260592814,0
37.09978341212551,3.05993819002969,2715.361027823936,0
54.789397611043,3.1493911265248657,1717.182130554361,0
60.84335181923849,3.040536690935058,2384.6648112626012,0
47.93129303947296,3.3941646822653415,1421.6785404889513,0
73.76474726301957,3.0753396537726827,2333.7192049014834,0
35.916126421658205,3.4076199861377274,2290.2594517217653,0
44.85819208507463,3.1516853809717094,2577.785513575936,0
42.199015234287096,3.1243586078120043,1565.0305519777044,0
52.48779048805557,3.1467045219623833,2732.2626030621705,0
68.79263911961318,3.20561512270407,2814.4055180229257,0
48.96527214495245,3.0638326500568716,2825.756351892037,0
76.40896472261454,3.168490163334829,2332.569952231457,0
55.113121871717595,3.2913281722989214,2879.022306280426,0
54.17722602391636,3.2233171927604043,1562.6774792868653,0
53.324193298456585,3.3582508063237713,2734.2742164580395,0
71.61975351138618,3.078209268769993,2841.2530286994206,0
36.20027398849821,3.147030409363269,1743.2637369967356,0
67.54591398656144,3.4071706064784646,2153.358442008327,0
33.581228979857954,3.200762762010096,2892.056405989835,0
60.67485212588384,3.343663946350226,2929.6159986748303,0
62.855859711672494,3.051078944294628,2583.99363724358,0
25.146464368623615,3.2221391833551105,2540.37114452444,0
42.85331553900333,3.279840440938739,2175.828264746075,0
31.080072198763432,3.04566934610284,1816.1615497273501,0
46.49274093639634,3.153015054577729,2801.9338991547784,0
29.713551622365177,3.2502050681892944,1515.3217871227844,0
40.33356956783524,3.180897528516063,2595.7995524683315,0
56.014613821700706,3.3230282261322346,1616.3669918226274,0
40.07003812986106,3.3638820014178723,1628.4356060553255,0
47.65736293785305,3.1214594362611416,2547.6093247169424,0
58.86023089007825,3.0219869672414594,1753.1201629622362,0
38.51879462680005,3.2935351665136925,2546.466266994209,0
42.38047627228632,3.0716192295863527,2739.356757348917,0
70.42544784962475,3.2024321199354593,1664.840744207144,0
75.08421797947696,3.1526955603717215,1895.3713062041547,0
65.66880294610029,3.337320689069758,2444.6321248406434,0
68.79144485887039,3.32714705925299,2611.611479036187,0
35.30021696636465,3.2828184179346516,2040.8219888497842,0
53.13682160167517,3.3083495934441527,2751.3005108987627,0
54.55118075177671,3.08369982162591,1788.158108056908,0
60.93597950713287,3.173689853145164,1446.3118941993437,0
29.928469928716318,3.1090358450244526,2680.5564605485893,0
36.264626840692905,3.2183626429059493,2306.493782145643,0
66.27844228980855,3.150557937806607,2394.037994828348,0
53.45380374582077,3.0777577651352117,2144.065246018874,0
70.55788772624747,3.0494081457080298,2783.5800434079247,0
47.989395628314405,3.001457282294381,2555.714603712963,0
33.93522088785117,3.207700233358113,2207.1803595496,0
38.58530940363841,3.182130284088993,1898.88172502912,0
75.62417610903168,3.2016620660332418,1898.5950716738137,0
47.48618181158051,3.1090532212087716,2844.1670610633496,0
53.111797739720714,3.0756036015404375,2589.5628253012833,0
52.6366637187741,3.039010306433272,1848.568952847006,0
32.566478240276965,3.041293539239319,2578.9111069646874,0
75.4756470596585,3.401225619691187,2379.145544399131,0
38.810001824526154,3.3611181215038353,2142.619398909323,0
43.46841921649933,3.2853420574667394,2106.094731423941,0
46.982756101030574,3.3059915502933643,2044.844923031333,0
64.14398646369717,3.0355701018750643,2522.4207219756445,0
40.03190373876923,3.144749010978384,1886.4565055346657,0
35.48619265016734,3.2228080569430153,2736.7104605170375,0
40.26850318983839,3.2123004848084995,2546.0959902083196,0
61.35041608190431,3.360233291704646,2181.7486989804934,0
44.172789955083886,3.0774980487890815,2400.0312287012957,0
31.139356642171187,3.3081985979510824,1882.6350971756053,0
32.26204734009404,3.0853238608407922,1864.0083561700483,0
65.84226656653574,3.1179914546926395,2227.155222061807,0
65.58920108079667,3.028987043759824,2644.410307089192,0
47.21146234131914,3.3343518616443952,1689.8117727253284,0
41.95472625918357,3.310684969827539,2501.263445479242,0
46.2185571961429,3.194010143275034,2161.1425956083235,0
73.18315803141122,3.2166227301331145,1389.337728129327,0
66.64375321520639,3.185329657976575,2266.6188440619253,0
53.649230809427,3.383108401109759,2614.786843401399,0
73.6386057288948,3.2522211356113138,2904.9311613474338,0
47.870377538709825,3.102851908606719,2094.936820490735,0
58.82550468641191,3.136049913440119,2183.290560769595,0
48.28719717714711,3.0296620518906123,2305.0314762911853,0
47.108336862560066,3.1102433325732224,1729.655183988791,0
48.300985394071304,3.26441381002415,2622.7406008405355,0
31.55426308667717,3.315658458536565,1723.7148176317053,0
55.29928086749002,3.3285904534549413,2600.0257151144033,0
36.81028772038315,3.085208451894568,1876.8249046643634,0
75.25644128102729,3.1350738222686054,1915.5656334623413,0
44.60705493900816,3.1874624501144364,2533.580454269262,0
47.45683505071394,3.1967336643472826,1729.0867351775385,0
73.48819122657041,3.2957372843967057,1578.520744945498,0
50.279054367338404,3.2617305755546617,2597.7228474013973,0
43.348817594924526,3.114682233772502,1574.23303606009,0
66.64634898117781,3.210325849023109,2740.1555569125994,0
69.32500245669212,3.1590418790046346,2964.083807006505,0
44.93139581025329,3.2276462274137905,2869.635126388843,0
37.69261626442317,3.251744288167428,1623.8963311192986,0
65.65451393609928,3.0213490006886676,2629.354276020081,0
32.87760369093827,3.1176603644004675,2844.1312706741382,0
67.9873242498206,3.09656746157339,2745.475181234959,0
57.7734392207451,3.350307960026125,1842.5766768917456,0
42.673070304621604,3.3258775297028067,1471.6787297165738,0
56.459513994658174,3.2620501149294046,1649.1657487553475,0
27.560187784276824,3.4042231318154887,1589.5829077225335,0
30.77052825430641,3.24076512278968,2407.9883582537504,0
72.29779336729209,3.0893375546283477,2412.59093353972,0
63.87358957518671,3.345769094698359,1714.596232275604,0
75.3046020892754,3.117121277363971,1534.5420867655384,0
36.06228075440278,3.064542505784155,2469.585465573295,0
60.7197834169444,3.1950021090396192,2308.7803476739914,0
60.0903753423122,3.282651851792839,2857.948949370494,0
44.90642991696997,3.048362415313648,1741.5181587889144,0
32.93107678362085,3.1242950142047574,2288.5950650153827,0
57.61837419462997,3.334579188189816,2276.4858484037422,0
29.928404930628673,3.1422415545411795,2582.843374326662,0
71.56754039271195,3.1190109690466805,2635.432842610947,0
41.85333619999843,3.1982255523107144,1519.2938974958843,0
75.86261490455996,3.07053236020489,1736.1318451715053,0
71.02802538470257,3.1449551880224043,2075.2351732694133,0
72.50179429237558,3.1857112770913294,2029.2129674634018,0
36.88069378800866,3.009881411207448,2558.3201001953635,0
32.34303372305502,3.328727593671868,2219.7709298320983,0
53.87037243437266,3.1766426132732373,1579.6895844111389,0
58.071181266480345,3.3794235501534913,2533.6944852092224,0
38.40630387234233,3.3720547031900168,2911.9800643406497,0
77.2623200895186,3.3952349771429433,2140.6236429645896,0
54.01174368830044,3.10005834757675,2797.7173013945685,0
27.57185278004258,3.145389041549472,1640.0864899630953,0
35.94324427732993,3.308643943831242,2409.7251820191423,0
68.88054665999539,3.088482164162186,2916.6269143357913,0
75.56885402079887,3.0618280307666805,2057.380168205158,0
25.143951619183223,3.081486965384435,1853.3873276468025,0
40.26906471323066,3.0601182926927395,2553.6744370463484,0
76.65984122004195,3.4248805890277163,1898.160771916167,0
30.80675994049657,3.2191355116132785,2285.1996035008215,0
68.28606053487198,3.3501241999575373,1726.6423330239852,0
43.16902516178206,3.376999697508263,2386.6460710593483,0
46.619048262491056,3.293980734818849,2738.5450733635034,0
51.798185928286756,3.187748888555596,2695.375551121964,0
28.7927333847147,3.327120924205183,1771.5150557725162,0
65.96765815668415,3.299377743462922,2252.4775617482915,0
51.487917307849685,3.3556619484922376,2006.4405634212724,0
53.888956049613384,3.0454874512317107,2607.1923832401385,0
98.25170338776792,3.2659029431846767,1488.0313605201834,1
91.37036217382212,3.3154260738989367,1562.0948120450564,1
95.89643995716571,3.33200847340315,1413.7299058425388,1
98.49608010710158,3.369324206397377,1533.4063480456286,1
96.73506674304488,3.2905458851222154,1615.8673532045025,1
100.00132671811927,3.2613015575708117,1591.9463562811293,1
91.31754208413996,3.294320016563745,1502.3641912047394,1
87.19167285027513,3.330692627356941,1535.6579256372268,1
96.63902074442923,3.206946549766791,1531.5517197003865,1
88.8941959857684,3.231540506751195,1570.6977839537958,1
98.01673712638927,3.3596797273008048,1553.7508637106082,1
94.06582914635122,3.2925278252228845,1546.5577459369529,1
93.6858281330887,3.216084964340637,1405.1949338358709,1
95.10646391944833,3.314798870636936,1474.909445467118,1
99.0323571668544,3.387919673191643,1644.7788503679062,1
90.9211320479762,3.200230160978249,1495.7001511325295,1
90.91131955511074,3.380953409031855,1588.3034130076364,1
81.94409133578502,3.219679469595145,1379.4262483870582,1
88.63464850423036,3.3305626517689197,1489.0713741192785,1
97.65300999560868,3.3806167903706976,1494.779585659828,1
97.41286151840801,3.225087513541062,1466.025188985266,1
99.67067799844558,3.241903672402801,1570.6899066575459,1
91.8159109476595,3.2024989837991016,1579.056862636128,1
96.5964179629581,3.314993017527272,1515.8343876556376,1
91.82565172212638,3.394040522780489,1475.842377593111,1
89.45320341685579,3.3668353262556585,1424.853286454163,1
83.48882121425522,3.293774487315261,1602.7234364199799,1
92.57380199468577,3.3842037368801328,1522.9200201557207,1
94.79488359661708,3.409966998656513,1568.1371960981558,1
87.77057961040262,3.324504025338138,1571.4962927682081,1
92.39817871794517,3.337431747434576,1458.4490097375085,1
83.69656764541203,3.3636536763207827,1516.7478869496113,1
95.20342836669172,3.2372047207073624,1532.430159398636,1
91.56695405905359,3.2485462481831866,1409.1481084820584,1
98.99233989953676,3.2671821788347737,1476.547802569952,1
88.57982168516791,3.328676536316648,1575.8384478262574,1
88.92016962396907,3.2318108094303133,1597.4051143241434,1
81.75813157881078,3.3392420336766726,1603.4212201161167,1
85.52583921433107,3.3932971731588544,1548.5793996014254,1
92.32817697895422,3.3823724026805135,1616.9423736394444,1
86.03840677643714,3.2118859523658867,1447.8851881796145,1
97.66286979850419,3.346269481339522,1586.1311331541901,1
95.51774096773285,3.1942831359858714,1441.5544060074321,1
87.2797377039965,3.2685241032380143,1491.7161875079203,1
99.3277640851206,3.29877950803624,1563.1903906674333,1
91.42613895043745,3.296699147488312,1506.5704557037918,1
88.22327332730205,3.2613657791557147,1432.3560742921393,1
98.7654741519242,3.4106727742094547,1545.3196818463805,1
96.87582459975425,3.2047054912894746,1478.1871183409405,1
91.46284991833542,3.2841701615653243,1526.0231503478126,1
89.58413020939054,3.249154674753155,1592.6668505451137,1
83.93207985236067,3.2907876643753067,1580.5095888996377,1
95.7296981189405,3.3531639440892986,1555.9637519099442,1
92.43388842336353,3.3593006592463466,1483.167991941272,1
92.10547221186363,3.2572138193158557,1495.9450475160868,1
98.02891744672871,3.3560921975718143,1522.1283858821712,1
95.58923554850296,3.3690744725585065,1417.9084673368031,1
85.47572059527141,3.286316136748641,1532.5040516024726,1
86.07914674711033,3.3383194256069646,1599.5508023982723,1
98.8503359200067,3.3709947147283694,1592.8268965913478,1
82.29935954940026,3.1922894753025126,1426.2276657950797,1
97.85034567189412,3.3488677581646558,1418.414104396714,1
86.56140772018628,3.346393491350457,1513.1298506693752,1
90.25155065582895,3.2955830023979185,1544.1523186896702,1
89.92370390207887,3.325061597163321,1463.5195347519452,1
84.96668527495764,3.264241626249303,1618.9047913148138,1
98.61059611209264,3.3050135307441137,1515.083772372181,1
96.97066897160786,3.3547017366502567,1582.1232386070924,1
84.56661718923407,3.4082519421506925,1500.161156707535,1
95.4489693209988,3.3452021677271215,1434.1165365299257,1
85.34968551043838,3.305574899256251,1413.3541213092728,1
88.04132795399698,3.2871429953305333,1630.8854007000705,1
98.28561785453698,3.254343160882181,1449.6319726190773,1
83.48640423814803,3.225046607219945,1420.8601727135317,1
97.05640415733495,3.2093227982001085,1481.2033806894412,1
84.03209709680515,3.3098253432031335,1476.0510174058747,1
85.20369373916283,3.3939034677039532,1476.0825043081168,1
92.6161261120086,3.373159995591874,1563.4789764741254,1
92.65665627668635,3.277338669235966,1441.3499796327524,1
86.80792645932756,3.322842141386422,1459.625038509325,1
91.94935948340694,3.281556661955685,1611.7746571980983,1
88.99112722615244,3.2528263124255186,1573.9445893762124,1
100.88144020492742,3.3811345281367613,1487.333997324686,1
95.22870365032807,3.2770034218521347,1467.4716515892592,1
87.64610939315229,3.4044500093252044,1465.6136529758246,1
88.71529129564556,3.2629351035436382,1466.3858621447805,1
86.41955559825726,3.217257974815306,1407.4026196002856,1
91.13817117129179,3.34423079627418,1470.742399412498,1
84.24988777337612,3.2576869598629625,1534.7478574667991,1
82.22529957163732,3.2543305214718408,1526.7485295745632,1
91.14473602726909,3.2175217970298395,1480.6336530479646,1
95.08106674474158,3.2841972713255823,1451.351195977177,1
85.7392250089329,3.274456972122955,1509.552398931476,1
98.6118538161732,3.3438246036436894,1525.9485137336894,1
96.27203108007795,3.2121363632429847,1412.153874749907,1
97.88596744181372,3.249430291644028,1467.4236149538042,1
88.80093139423998,3.3618318410223837,1511.9348554214962,1
83.43084378206154,3.324340939468245,1597.0762869091955,1
91.04859016952766,3.31638638130684,1462.0958505975027,1
98.18559875853032,3.408346975821836,1550.056859484731,1
95.3801219089026,3.2355250944131613,1506.4807181603037,1
96.81857462932898,3.4037865353472543,1555.5226259289132,1
100.58260926167316,3.35022098291749,1519.0714512349807,1
84.30538214175331,3.2971631244477826,1529.4993646872501,1
95.89865883376524,3.3622515240024864,1600.2166449086271,1
92.78473776975878,3.375977674760119,1390.038039679418,1
84.92857951264445,3.3940605921820812,1458.4388466218234,1
98.0124105553184,3.202795477820464,1468.2267052487696,1
89.82703113617633,3.1859941373821536,1572.1683856156606,1
84.65749152640106,3.3952701581320266,1520.9128072495696,1
89.57955738342653,3.3876003821871894,1470.0755167652853,1
96.0294290129515,3.3554469026631586,1566.9020837306691,1
98.57947816917924,3.3449280088325777,1548.813683273715,1
82.94606796631436,3.3234410352375328,1463.1807156759119,1
97.02514388401634,3.369960984115799,1441.809967669885,1
96.76023530352988,3.4088853172580227,1404.9904677064276,1
96.95195255700541,3.2946499429608656,1391.8163344784368,1
96.39845109868912,3.2173753937606357,1411.6025774765867,1
95.47098989267332,3.2157035159289014,1422.1053103651564,1
82.5480857561065,3.19352816550427,1459.9136398275064,1
85.71255302614232,3.412760186048378,1503.1806702699605,1
82.2079363053847,3.242949188421736,1413.1232782731518,1
84.34920234278957,3.278768018014346,1605.9842596245162,1
87.9327855068592,3.3807159393630535,1412.3549470617504,1
91.99289603834434,3.3179498092228226,1454.8341184246176,1
93.17483274327259,3.3938252138270273,1443.0239507097529,1
82.45698544712242,3.243610202070828,1576.3901115510675,1
95.29934702956783,3.22504933529502,1562.8770346014633,1
98.41351648705961,3.265651042785375,1533.2284615510146,1
91.0680276161016,3.3144805344326547,1496.1548524977538,1
87.51646741945429,3.396740882957613,1424.5827194628507,1
90.75586447651176,3.4066748046675155,1565.427335204408,1
98.1854214528012,3.269573329184572,1439.2475731119828,1
87.74300277023195,3.395247484389707,1528.4190097370074,1
95.97880232221365,3.3253246609105798,1451.049026171361,1
84.97783121146595,3.2542050480296107,1414.994509521772,1
98.39440295496863,3.312576567327274,1401.2745582733824,1
85.37354619433603,3.4010456766878474,1410.1663391636944,1
87.93068923310553,3.343053698281522,1464.725437488919,1
81.7437212987509,3.2408823043151425,1409.5288216729623,1
89.56206541881413,3.2558524439026755,1439.9215400484518,1
87.71691928083429,3.374447877909994,1419.4068777344246,1
86.07021991611506,3.2527586879130075,1492.971236479404,1
95.4854312243475,3.3045876193351553,1526.924576077602,1
84.643013833538,3.261765397217881,1514.257715050199,1
96.55126130121066,3.3214618758808108,1496.858800196454,1
84.22733079851689,3.3614019436306855,1491.0699608095138,1
98.61642892838121,3.2592737393469178,1455.0180108741215,1
87.32246741817599,3.2340709025715078,1557.6179512990018,1
96.51673996083524,3.294007381450435,1446.6109805363535,1
100.05869856309192,3.295207629554518,1533.30124532657,1
83.98942732113834,3.3588290843406736,1580.795475445609,1
87.11515547647217,3.355449784746305,1483.8287183659395,1
82.73332788679996,3.3500144068446445,1563.0910378577682,1
97.74537799073684,3.22038655781054,1525.6854664448738,1
86.68552430638906,3.243772053088291,1544.7065826954604,1
84.7411210314643,3.372485680772077,1412.9617246052962,1
95.28843673244909,3.2978582508571437,1509.8189737633147,1
87.74642679194798,3.3924920573915793,1369.2387402023649,1
82.5729150161086,3.350357884466091,1429.3032944473086,1
84.80706756091267,3.337934994136424,1605.9213571151377,1
89.34894173078371,3.326750579964309,1491.669352908754,1
93.95821380077594,3.246272116261107,1421.6130548824265,1
98.48431789206998,3.236463164018977,1427.691741726304,1
83.28385165812409,3.372280304058957,1446.3551779747872,1
97.95475753415926,3.3012327370717784,1434.8188808303348,1
81.97278272729405,3.3260525636902165,1493.0018031623515,1
92.56978779975358,3.2728495339348993,1517.9456031437594,1
92.64609057727736,3.2854951945441395,1536.4325666341344,1
95.14590064599619,3.244506232109388,1510.4462137016967,1
85.44779889650613,3.335270782573698,1478.907329065723,1
82.79773182089713,3.300326621265151,1528.7697414947856,1
85.28101720421805,3.167646784520118,1568.9368402856892,1
96.06908045752344,3.3945248062784787,1510.7206376005531,1
87.54854424104765,3.1939328737274204,1524.8728722842666,1
88.17632614171289,3.2314409448164945,1456.520779866522,1
94.31135232121296,3.3652176797123103,1511.681620383902,1
92.46836816575072,3.366437412091892,1530.3422350348767,1
84.0021137248998,3.2009827410301948,1406.2267800353127,1
90.01324295152557,3.3614449484549773,1603.23318416621,1
93.34128478197236,3.4058064353784308,1538.803072220606,1
82.28441606407804,3.1792986230788314,1440.7737315400157,1
98.89303573412221,3.3455395946403006,1435.004397709906,1
97.78352494535307,3.2314417057102816,1400.7489780136689,1
98.59303036218472,3.3426203146958198,1482.9185757127173,1
86.17561960139668,3.3002184758288093,1480.4105914395568,1
90.96699000781614,3.217433425340447,1442.2273458185277,1
94.5204247705358,3.340540737648565,1470.1959732561688,1
99.95027958394793,3.1760970217760063,1562.6940252774718,1
97.60210429648451,3.3200543805744656,1509.9708620552926,1
94.74243809891334,3.2847616539819686,1399.103451432834,1
98.09912245186636,3.332963163465925,1533.9426364253422,1
90.17528554478602,3.312510664879801,1492.3484104086847,1
98.6076589156925,3.3433977558682098,1479.5219609511844,1
86.22337913037462,3.2101888373265646,1555.6501154979183,1
97.83116384013414,3.2798216641715463,1582.4460257788987,1
88.53710583015778,3.305517127034603,1584.0541996710956,1
96.71796078823506,3.323953365873848,1523.1086065048478,1
91.77320457476638,3.329193055280436,1545.7734139690092,1
94.02120468299356,3.3401619960292344,1531.6950819463993,1
88.86823149744492,3.3746355000679373,1492.4690655299564,1
95.94022403086876,3.1849570490372376,1538.9821825547613,1
98.27449891904611,3.2148481534961553,1408.82171753303,1
83.4746967107662,3.3589791014492576,1469.1456857107269,1
91.87971629528421,3.220057220274276,1572.1848031898917,1
96.19019424470464,3.234221924858686,1444.3431893505765,1
88.28156879716661,3.2994335351675033,1545.0248056721955,1
93.12543973115204,3.318142091116506,1529.0087147530141,1
82.26403283256505,3.226078586858997,1387.6670452649687,1
84.17926308871036,3.3060956023364234,1566.969950473482,1
89.74193136676624,3.208891078959679,1382.991105035729,1
83.59184866747718,3.3643086953979227,1532.7922684829798,1
95.9035321959715,3.2519633213931707,1603.4715052094052,1
84.93028734205924,3.3096988632513855,1430.8346716191,1
95.49736044055554,3.386817128922619,1482.4206989704287,1
98.18110608842127,3.3041587601168816,1393.8732074288287,1
91.05558229494532,3.3945875424400267,1453.958710657081,1
84.99648595740489,3.3653458036267425,1440.0090490737502,1
95.98439104696246,3.3554290238915123,1588.56718873442,1
94.71028077184502,3.3398979108784093,1456.3318811506642,1
98.33648257444086,3.1719707853195307,1408.0154968256763,1
88.39387259425682,3.309397551014514,1399.2604431131665,1
93.31170037540917,3.246377282424076,1488.247558592091,1
86.81610791516151,3.3532127905007476,1497.5991479346453,1
98.66046173723701,3.3972313798063714,1413.0935181080192,1
99.47018377261097,3.306929082198059,1467.0039483635744,1
85.37061128964055,3.2938752120254344,1532.759495209863,1
82.77886536483003,3.234488058903248,1576.886872366743,1
93.2738236104574,3.2359338849773156,1599.0946715877633,1
84.70560320586632,3.3110519923624193,1507.2976090742409,1
93.55938605096063,3.316559891726317,1521.1050063875077,1
83.16232468206836,3.2888926978638926,1591.3879872020775,1
95.62165327151777,3.383373578208127,1492.1349809199755,1
97.86675231849252,3.3342819405588338,1364.7998700093926,1
89.03169060845086,3.310849555197341,1546.8481485060345,1
97.41323578124656,3.3440825515672623,1573.6635956246093,1
87.35906636908312,3.3560501216417826,1522.8629699602714,1
85.15584830779738,3.310767926703558,1487.7959694428332,1
96.08845063078181,3.379507006651427,1443.2972192012633,1
92.34336176727749,3.265590431045435,1545.6767519421828,1
98.11905008314717,3.310947478748206,1551.7113240134763,1
88.4771717285926,3.3032413265880622,1542.0777976002666,1
86.46312752656809,3.2978959220325277,1524.2771025227637,1
87.91758766307588,3.2408003379939143,1562.864860869166,1
86.87113948885914,3.2429784592301756,1553.7956318913914,1
87.9682048282917,3.320449386987041,1467.622929354676,1
96.2021051817859,3.2759926840420452,1425.9383843967692,1
95.95944487074338,3.351998412837598,1417.8690741161602,1
85.85667526056328,3.286551161613721,1470.696048265719,1
87.08835321741108,3.394912439761546,1562.4591804456816,1
83.9301233744619,3.404010150577642,1571.6209167118022,1
92.0122243412625,3.1890012519779316,1435.0212224253473,1
92.94604964089656,3.303895988465063,1454.226758767442,1
83.66880475243961,3.3543507736450144,1450.727727965656,1
96.40424016333381,3.4256042599092074,1534.7725473626658,1
88.04832253818827,3.311779983463615,1461.6152392820939,1
92.22303024282596,3.301678213353987,1468.059255546988,1
88.21871828155867,3.2501024472671634,1549.1374784515042,1
93.01021398688503,3.3355128027560434,1415.3814565077053,1
84.2949532026368,3.357427543674865,1447.2241524967048,1
85.15405210239958,3.261204262444703,1397.7313018974307,1
88.6360545783623,3.2701543995739706,1435.6309803808072,1
89.5987777203641,3.334891980049551,1461.5007413185783,1
97.77043209665467,3.2808683656154036,1555.2754550716604,1
90.60377393845802,3.311135552803155,1559.8282609395965,1
93.93174914442473,3.280155417603151,1574.3585726731264,1
89.37294327088259,3.276648861063428,1453.7818015417083,1
98.85574708946237,3.214529918039722,1550.1234907134235,1
88.19845619304073,3.2708596307616866,1483.4812850285348,1
86.47174183356567,3.2685304589549498,1472.9029808020302,1
84.29337156681359,3.3494660921116095,1560.5414228337943,1
87.41610001068017,3.359745333037831,1413.5525621103009,1
95.0155783127335,3.200909397284196,1405.2579544774983,1
87.96592000508439,3.3740398870965116,1468.2732606603772,1
85.67874679182816,3.18953012854313,1456.094934377746,1
84.8262622307057,3.321185583740596,1579.3978814460556,1
96.75003522942983,3.2428788067746783,1547.655543467262,1
83.94832910904195,3.2905783044276147,1540.8205620185292,1
99.30300258890715,3.2222347444439596,1397.670974401837,1
91.07267016964614,3.222481503463799,1430.4728041260646,1
84.01938091421935,3.3650922565212618,1567.1843338022736,1
84.2879429537066,3.2498542903154344,1520.577466796699,1
89.02087754206278,3.1714306361583953,1472.4182986963438,1
89.65281327091199,3.3225302194997246,1585.8993127186104,1
92.9055484836878,3.3193212617669134,1530.0827690260505,1
91.3192104681664,3.3454663271575136,1430.1461631534814,1
87.02795554672953,3.334476988145899,1477.230563513569,1
82.59456104650835,3.311214278718641,1559.6597404589704,1
96.10933524993935,3.3640299993476113,1544.092940307904,1
89.93933302964774,3.2569606741268116,1502.2445132457615,1
91.34855609831082,3.2694032277405043,1425.0727838813177,1
82.76093041769843,3.2808622777468237,1459.7985840333467,1
91.61458487334188,3.2776385216913213,1518.0129015436985,1
87.92483268713745,3.2700551670153426,1638.14892722467,1
84.9739612347614,3.3443914630585745,1449.539086358607,1
89.24681182968314,3.3478875256041722,1480.713179902547,1
82.38112470909932,3.312128591176742,1425.1241512678241,1
95.89234573793372,3.3936154204999642,1534.8135966335744,1
98.04888477960748,3.2874005180060255,1530.934908711142,1
98.74525391523842,3.21402819981364,1480.3815167231953,1
86.98099522584576,3.3819409843279,1444.1651920099866,1
91.59226472571612,3.2584334885730986,1583.2406281960614,1
97.97337059216515,3.2621703899599797,1541.716465150554,1
90.74860504281529,3.2383436322037937,1475.5552887139916,1
99.5977843616151,3.3956628465647687,1619.2928925298756,1
87.3622060887955,3.314218404201717,1472.3133632979864,1
92.6823742014531,3.3217519979816355,1569.7022581557026,1
86.40981288024815,3.4487054179555137,1449.6195373803914,1
82.87841748321848,3.3555800501212736,1524.031731060108,1
85.61430796136183,3.396439667125115,1500.350000909135,1
91.36771617420176,3.2813109790350445,1558.8993469583336,1
90.80639895688412,3.3692696609431385,1451.8831333614862,1
89.71834189447269,3.3638485670868703,1440.0805021959081,1
86.14643453938882,3.401560263105464,1491.4651458266,1
89.0651280460487,3.362203495827901,1466.9095026021344,1
89.15784964602747,3.217323110272848,1413.9165286871666,1
92.61914816569418,3.2917337045625725,1381.3712037887794,1
80.79490740272284,3.254533374453469,1424.7421257450044,1
94.21271126818246,3.3628399218529634,1485.4495534909167,1
82.42193691048995,3.2886273153065253,1573.1977409780764,1
85.69877437101508,3.233596223153817,1455.1462269030476,1
91.08691186079895,3.3914219860169363,1467.7233244649426,1
87.24175590962247,3.344204706372597,1538.0809705881031,1
97.2204741431663,3.339972129690599,1521.463637210615,1
90.42243193412723,3.279850610665511,1546.5239436741283,1
89.00608967266636,3.272225226470237,1457.478999455131,1
83.85576948003191,3.331206510865057,1428.161934123787,1
96.0241092599092,3.3333591822062316,1494.885144516302,1
83.57694635991398,3.320298903425811,1601.1929191546676,1
90.38668375418833,3.2094247014431727,1438.206068657492,1
82.7925337331598,3.392241193100027,1439.4709965932386,1
94.34244301002266,3.240475719789703,1472.7769916634652,1
88.89341954283897,3.250354530930062,1618.032569164807,1
99.21806124775034,3.2944566038928396,1496.5518191375118,1
98.9670171904678,3.2363787521706078,1516.9866598145486,1
95.36409182205405,3.3323036080102426,1523.9011827303505,1
81.70499228584664,3.2964664916244213,1550.3329648771398,1
95.8945775944921,3.3498959426894643,1465.5059351357297,1
93.87755510941966,3.3113125367196368,1456.3836863710148,1
92.07074587372145,3.3250456219876803,1556.1198694008672,1
88.31910290572442,3.3319519308863046,1598.350379953211,1
92.48000670104159,3.2278105959111056,1451.227312906008,1
87.54442606124246,3.373385778244721,1407.3333783480075,1
91.94590985797909,3.1890071035962304,1596.707924876852,1
89.6044165080454,3.428030916869201,1540.5918777838178,1
90.88184340576316,3.3796201582942413,1545.7476504701567,1
92.97204929674061,3.238894338876664,1595.4530701629492,1
86.46827046448821,3.3859584598661767,1534.2538823834407,1
84.87396312437825,3.2984235184560564,1426.3960911746603,1
95.5235758496643,3.241859570876072,1513.2137947927786,1
99.25460819928998,3.2674902866357414,1423.6505723634396,1
92.45821750269836,3.2411016623448043,1568.5599442437615,1
82.39105466273261,3.2016968074109986,1565.3099687901656,1
90.06995777345348,3.228417385106104,1531.2049137095582,1
84.96178238410056,3.3512274304988705,1443.6887934119911,1
85.80217335604146,3.4125758311295367,1530.284399227497,1
99.68917666293554,3.3688893049714466,1568.128911518084,1
85.38928097244818,3.38737479802397,1566.124194234648,1
88.09592340793311,3.3485015960296955,1423.757251335964,1
93.79049653498215,3.412230215529281,1575.2656192199552,1
85.22376549492287,3.332618235179709,1560.788900330201,1
86.0505754937236,3.2271315168746444,1491.020154111032,1
98.95583810882916,3.4060826617020843,1568.8237032420534,1
83.34503071351011,3.35938219667406,1515.183339157506,1
84.37503108888646,3.2808223571672936,1595.5916736253357,1
96.94325529010695,3.2707156231568044,1447.4260486573955,1
97.72027922037293,3.2085536691186736,1459.0246437583241,1
85.24254958293497,3.289958167832805,1493.4956003733594,1
84.74775149427234,3.269705897116468,1445.1572900421263,1
98.34752612902567,3.397588528328151,1505.3377584827133,1
83.9554551321741,3.2446464729821574,1475.1800299277286,1
87.03987789089815,3.231565274193946,1560.5462138414205,1
96.7894940520226,3.3480062664444836,1502.375768430801,1
87.96209531389394,3.4224272926482335,1561.808305071649,1
89.74178984225082,3.3340045479523597,1479.0978172815148,1
83.7130288516152,3.279328214167053,1512.988596298316,1
86.81367245153154,3.310212768032536,1526.4279920661686,1
92.87227942364873,3.387300804833786,1527.6511422922388,1
95.13836339584513,3.2158466084939064,1593.5131817080483,1
91.41020572847289,3.2567802893636526,1546.2169650995345,1
91.69306246498444,3.2005400093090626,1424.1067549014226,1
89.20159600000726,3.314605440376622,1596.863863156813,1
97.06070719028942,3.2060877886095307,1504.245240117938,1
85.3701175299366,3.26205978101261,1451.8589509107687,1
85.8766978778325,3.3519347697637842,1425.446911881898,1
93.50309629121331,3.2518944991230687,1437.0288574499425,1
93.97028578133622,3.3442687170477927,1569.0202238142024,1
95.30643709146084,3.347762419503875,1592.0927319496113,1
94.08416296178615,3.363154343577745,1493.6899622802623,1
98.10875211095647,3.3229048404998993,1535.5524147294393,1
90.34774567854572,3.2797047055820454,1503.3340435036114,1
90.71873435092796,3.2369849529366244,1437.9682040366538,1
85.20165131990568,3.3464840613621782,1478.3389048214967,1
86.1577179010802,3.267615132538483,1529.2252099262255,1
87.43597516339653,3.321995950936028,1475.568923499584,1
99.36717051904466,3.320049310304915,1540.833043681596,1
89.06504638410509,3.2325793688236177,1412.2542545874385,1
83.60590587341231,3.403694398699318,1412.368871928996,1
86.80062127640753,3.3709650542747016,1626.435077469334,1
92.77924262969715,3.4127034272792725,1396.0953266125844,1
94.74130086452261,3.310894813487786,1526.8751046994582,1
96.02432673497388,3.2261042255528034,1546.403512596295,1
93.75288622448078,3.407437639947523,1483.2425472889797,1
87.10341268586748,3.3729418341295987,1446.751969154971,1
90.79043534548484,3.2774915830629956,1524.001201624581,1
97.37731430252852,3.248754649627912,1482.2746891363206,1
94.7957130006255,3.419838455846084,1490.03299452912,1
86.83749511061849,3.4123043883159117,1480.2620244904085,1
98.6264361887613,3.3659099795191785,1431.3323966615035,1
92.98020891134226,3.3505387265816347,1610.3579644664444,1
86.83488041931118,3.188150823973129,1489.2396775661095,1
96.42529581669454,3.3630616564860363,1419.6830951537622,1
93.12918846725913,3.1866623544794885,1528.0347919281508,1
95.19646281346202,3.3896458640246574,1502.9871027706174,1
97.20386085790457,3.280696835428801,1414.4431977321606,1
83.49860139045978,3.3214364193922394,1530.0531870097063,1
95.09918586335331,3.2354703999100267,1523.5537929403554,1
97.32211695935041,3.2343499593930383,1480.326461612721,1
85.40387980918214,3.37453177631697,1502.6302703010194,1
90.05301373548193,3.332784521152487,1402.4243785303108,1
96.83704424442298,3.2783236833785736,1564.8103873493267,1
89.9256858677774,3.358325214652731,1507.061846103618,1
89.67318597593005,3.240320652672832,1531.4823531112722,1
95.66249408569115,3.357411172068617,1472.2741484170067,1
90.4427794700816,3.208234113953421,1547.1189625153615,1
91.8747441058094,3.3485908738654935,1529.8233251755046,1
95.2601074217055,3.400279928875968,1415.0565985494063,1
82.56018604554376,3.3938958226310425,1519.9183350910957,1
83.46009716621748,3.330189585546851,1421.5357181340064,1
90.69683090060236,3.3752906423351523,1397.934653283401,1
82.9832931498035,3.242890131487893,1518.0689828977324,1
90.70394702067024,3.3335511205286164,1602.9722491198813,1
83.10768296491172,3.210983440411032,1550.305148002303,1
95.71967462593831,3.3728810577777715,1523.6183573086412,1
98.68810128078792,3.214971959620548,1564.4801234731233,1
92.07986263132422,3.332354624943262,1625.2522762996402,1
96.22734143401662,3.3121745141011854,1447.1199030553546,1
93.94632583281157,3.274148100997959,1452.67882436209,1
84.6040762342651,3.360793937403184,1453.623022170924,1
89.92305901175175,3.220813048419028,1520.1157212147568,1
86.03287315278219,3.2874902340707672,1448.273461858436,1
92.03841599578686,3.2454107255777767,1444.1302734949836,1
88.17072564290785,3.3006781480486884,1469.0972480157536,1
94.96038493528313,3.330374414182967,1430.4443555824234,1
97.42951957305466,3.308046534324229,1503.4298768058025,1
98.39384065991082,3.399440299595973,1443.1806274409214,1
82.97673403068056,3.2156104690967475,1455.2763813977153,1
81.87869570110404,3.3328977436364937,1441.949098635751,1
98.58705461208285,3.2977741520590773,1588.3113658260922,1
82.54433998183305,3.2818695789498107,1443.3350911763384,1
92.47298819719765,3.2461188525696265,1431.6793964752662,1
84.34680222580674,3.244596195173546,1465.2025900507406,1
94.73673349545784,3.3379745334714284,1478.1398446814808,1
97.29852084351846,3.243910735547319,1608.3844351468167,1
95.99550501614107,3.356872152553503,1577.1890207197166,1
88.86269328483688,3.37923521046368,1447.6059106452933,1
82.07510245535423,3.2255011935350497,1468.8455561502888,1
97.29853384427003,3.305515157786693,1551.520046983634,1
89.247852060912,3.362383794775908,1473.9099099235063,1
91.55043595514219,3.3642577370129993,1407.1844291316017,1
94.44111591677824,3.2559614299073107,1579.2783618727306,1
89.21396510028715,3.3532133948155645,1480.3733916691162,1
89.28346582592269,3.2497140840534637,1408.4931133913158,1
94.623759617313,3.347033372328534,1500.6223814872285,1
92.78528810122143,3.3461125189646745,1433.2624102686077,1
98.2035482840638,3.414024616969066,1532.5159365786508,1
92.78154325971295,3.3185357239404003,1528.78701094494,1
89.46995220591637,3.3127886283815617,1570.961673293406,1
85.56045248061689,3.3658151509969914,1601.1970574211884,1
84.06253865378402,3.320125864733369,1604.3195911512535,1
90.20925267735915,3.394923459456025,1476.2382492869717,1
90.02790543577846,3.2049460438777215,1542.8720812562747,1
96.18551639766382,3.2338954453086983,1429.065815612117,1
96.32061935284894,3.2604087277764005,1527.73110170883,1
90.61319151171473,3.3471747697273972,1532.642935353727,1
99.65227692600243,3.3409305056268352,1510.934257839435,1
88.73863873867866,3.271189147378084,1428.8600925962355,1
91.02830504874333,3.294980419984622,1524.6631102809072,1
95.58089766278168,3.280551901527866,1500.0350388102347,1
94.33731429869108,3.2240234081226427,1422.0174874216666,1
82.42458569439142,3.236876698873829,1565.9327742782543,1
84.2501152623805,3.386760067999084,1423.6176921109975,1
87.9252463205335,3.361569174741105,1434.987658429975,1
96.43160476722224,3.281083219122955,1426.5982591923855,1
97.82354220257956,3.268859453883631,1549.8195140043892,1
87.13205654829932,3.3841598592031366,1447.1496506394883,1
96.0862757325702,3.4093316171894066,1584.804815017894,1
94.42168240133273,3.312537096726743,1509.4622283194894,1
92.53453891574554,3.2471005726814366,1457.4303770252804,1
91.2383889148055,3.413815702489622,1522.7185442627529,1
91.96625470258704,3.391451053616877,1550.088543915708,1
92.28614902235297,3.289965464849729,1601.8896575772233,1
96.89151279034847,3.3488282835094028,1533.3284111574367,1
93.34003063131858,3.3727688820101833,1583.820665128684,1
84.18985888273475,3.337058084950167,1531.4309775064507,1
87.81409843129042,3.3223268532600283,1562.4746784145516,1
98.16581986022707,3.4147245401701687,1583.0949645673788,1
95.71689308795443,3.3084309162047205,1466.0906882640695,1
82.71471377444146,3.3203127304053135,1390.5253155312444,1
89.0922646069687,3.3847389443012745,1540.7726000792093,1
91.76205908763222,3.387902223287726,1422.8117765555178,1
92.77226829621627,3.3655792109501323,1482.6089333992295,1
82.77459467965491,3.3641095218747896,1432.2687783150855,1
100.074073053005,3.3759345172934823,1515.2362193233876,1
96.53410870793176,3.3318185586239557,1499.0381666260064,1
84.26853907995307,3.294304281981586,1537.9480115539156,1
98.70434329520819,3.23484299413544,1532.4294579977134,1
94.89241388959009,3.337890586149001,1501.532070290045,1
83.93500632873376,3.3754148195096887,1526.0834430265406,1
96.84523783278597,3.27748580513059,1549.8706017590262,1
84.65957634648389,3.3295838914662323,1364.9664780099456,1
88.3639421396406,3.419319982032342,1420.8329772527134,1
84.92654829600423,3.1921573940668844,1440.6870088833825,1
98.91441633653531,3.270163424202227,1404.6373869286886,1
93.8197996436978,3.2214853842259124,1559.9952178545586,1
86.15836045238451,3.3070458877807956,1494.563645935976,1
95.72100542762648,3.2465689333763743,1440.7402467602087,1
85.0648658249192,3.355842996168525,1505.4410646028048,1
97.17791437320196,3.3553824902300233,1553.2463135391063,1
95.60458473888269,3.415394971624152,1558.2273420414342,1
92.19618019778179,3.3822727315588486,1440.980926670826,1
86.43963101015719,3.3857751564797938,1442.1587609881137,1
84.69297568132677,3.3805936678628914,1489.0661035875748,1
90.15390587906498,3.4040560916172384,1556.8263800085467,1
98.59054030030258,3.3523321948261446,1419.7881244615303,1
97.36648591149691,3.3712857506327274,1468.613655632463,1
98.57903605764606,3.2888498895410705,1421.631699485787,1
92.54601314482579,3.339690280239402,1430.7647478989397,1
97.77265260098513,3.2394389620186193,1407.1714994554666,1
90.29222886714595,3.3165602162059336,1581.1365694300864,1
98.09819003925601,3.381060095316142,1554.9936529480274,1
96.9107966397005,3.3488107433377974,1559.1927673583625,1
95.55325626304808,3.213900256537216,1450.562870062919,1
95.7756430296208,3.286810573435224,1537.1902738736119,1
88.67658445760495,3.355250762242949,1582.1665571519657,1
94.01271503379547,3.2680904517730656,1438.8544918096325,1
98.5992812796923,3.1877394687613307,1529.8821103043988,1
100.227743303771,3.2520781346510894,1567.1188256948528,1
86.78368669470159,3.309248943825302,1555.0885950248423,1
91.75634148608388,3.2287932852525927,1593.659985254176,1
87.58429186596595,3.2053770586169423,1616.4192981711917,1
99.84175409214602,3.3779720494681778,1543.7703788151973,1
83.89492236304577,3.341738675191306,1577.9980140260748,1
90.66635499627685,3.2898460523572544,1389.328441712335,1
86.68147322189876,3.3104077361002315,1533.474826040223,1
98.08894719638043,3.234207014888544,1471.9420108125141,1
95.8003803442535,3.3282391416380666,1499.8914169697937,1
86.69851383810101,3.20891803113355,1604.2829538612223,1
91.1049230507776,3.3473486354869606,1508.228060526388,1
96.42799374190271,3.365049187779076,1545.8199847055196,1
84.96763733494912,3.3874280370302183,1483.8334695913884,1
81.74601179950905,3.3328393083548518,1404.4395188931703,1
82.52665300755625,3.3263539160705875,1586.145904967819,1
93.41470467688141,3.3807927973147427,1489.823027512287,1
96.18192370241685,3.265297400010389,1521.5704792887334,1
93.67172819599466,3.1855040109247437,1496.4021952091023,1
88.1164954719591,3.304655681378786,1577.2997152343107,1
94.6014316994937,3.2954172050928787,1498.4570516275028,1
85.0008764053902,3.3408344293533,1433.7227464352202,1
91.73989515410628,3.31593265547683,1507.7078833522814,1
93.72868521476926,3.2280605218487035,1446.7373637482794,1
95.24538372216902,3.389471793287453,1435.2735316975,1
97.90601713366733,3.3232649219213077,1402.8056229907788,1
84.33898153142675,3.3636980616618515,1539.3083374287494,1
99.58014624287165,3.3204377239636718,1599.1833264219101,1
88.93777290477989,3.3533704905373067,1561.063732033523,1
98.83479043632312,3.224581398979455,1527.3925131616418,1
98.73280918167474,3.407410486394761,1513.4609171505656,1
90.83284166034386,3.348989782824063,1557.964231913603,1
93.97545141142407,3.3112334699702672,1511.014805849467,1
89.88812092575434,3.2926345479814048,1395.5954816708079,1
82.48339296534576,3.3614333492975192,1458.629253473266,1
90.79756731189771,3.2855147241387863,1437.766614046464,1
97.49264935082967,3.2805945335263575,1566.9109720424412,1
90.05304011352145,3.3663832628582453,1426.7904964536942,1
92.94486245158782,3.223232127157889,1584.9130930012302,1
88.61103739550362,3.288050526557472,1504.1670178995357,1
82.77418217931802,3.330726805872334,1428.5198565157762,1
84.62288940237268,3.354420221242321,1511.0091464532948,1
88.18762462969117,3.355578058536991,1564.9044057727722,1
87.98373603172561,3.3334905174378933,1485.5402861344,1
85.16622496442899,3.2814080956664253,1495.6235431302518,1
92.9494386292823,3.2810373364112815,1472.9514541555864,1
94.40987979560714,3.3574572314845437,1472.0263147408107,1
97.98444260841515,3.401373453836073,1588.0850640535905,1
98.62123078487117,3.1985225164208444,1570.6971736316052,1
94.3480293056222,3.2764847818961504,1619.4978325398747,1
95.75973753433773,3.391915701899484,1414.486347422274,1
82.31024643271836,3.2364811023564184,1540.3329211417988,1
97.57083771172323,3.2491139705211904,1442.904655801063,1
91.18505094350665,3.2990680424355583,1543.033220176539,1
90.16343963494317,3.3912234142024764,1530.4552047527568,1
88.83040860359645,3.319741897033245,1560.5670746688263,1
92.68582637565828,3.3256140479103,1424.6658231259576,1
95.35243629296399,3.2486643088286136,1413.8757246965517,1
87.43754539291861,3.2271881072626027,1475.8735694870975,1
86.29252710959385,3.2306315118669198,1443.9044026665704,1
90.53543084760292,3.2699007435440928,1427.0120721235837,1
98.18785872848628,3.277019064295128,1448.1872209428113,1
88.40683740292884,3.3598729610930196,1613.1359303500747,1
90.16982978578817,3.3674373671486046,1503.442969948,1
88.79675943792074,3.300444394470544,1440.096073809262,1
90.71853074422418,3.246010514686059,1531.2974034429258,1
92.66733168922717,3.40920282448711,1583.3837076834855,1
84.48865244185845,3.2936189729155436,1550.0608849036737,1
94.34598166721531,3.335277208719479,1516.8621187434314,1
86.61719857622727,3.3353337074108045,1442.8843064814178,1
92.0390308067271,3.3627897292513156,1434.7274702865304,1
89.438076868685,3.256566640016935,1535.9865555169224,1
88.1085520542961,3.387318909525383,1529.4792142445483,1
96.54445396137444,3.3425233201422437,1486.973530522924,1
97.79711181969344,3.2912438609864014,1444.1274456003337,1
82.39798621140325,3.2541083539321627,1570.4436809444092,1
90.82942384136432,3.3566386134526227,1453.1172574384493,1
98.78865681119072,3.2177013900851015,1458.7639282409766,1
89.66363535486026,3.3463358715904765,1568.932349922401,1
96.97153972798334,3.2236379537228803,1528.9654365623933,1
90.70614407373513,3.3218308914185086,1501.6879292157155,1
94.97342219273432,3.3005599992051735,1497.2836014600582,1
97.19057355522672,3.351685340359952,1586.1649793938248,1
86.44552016756995,3.2313471906335187,1600.5435475453735,1
83.45510529208282,3.2204206443380134,1578.769898814467,1
95.38456807237564,3.381334079555442,1542.764284771815,1
94.73064033391842,3.3341689939429577,1472.2044521399914,1
90.84524123275905,3.3565194225676906,1547.641111339709,1
89.52734634109264,3.28666650881686,1437.1881194536156,1
99.58073714553906,3.2383604394137127,1412.344360413894,1
94.60380951792938,3.311341914190338,1498.1989954185397,1
83.17014595417474,3.326368668083642,1540.578861784897,1
85.40387863388929,3.1939389010257044,1554.9066115450344,1
94.2135148453988,3.379632087227833,1528.8261726805267,1
82.10186789222698,3.3014487595131317,1507.4419954232994,1
94.21112849392826,3.2589727498845176,1602.4224259963023,1
87.59205856997322,3.227601464419297,1427.5167647130806,1
93.9945463428688,3.2297459735359157,1478.765817203528,1
87.12861874595062,3.19968250759974,1551.124166329674,1
88.6997598812941,3.3872854048027805,1542.8690106109545,1
95.76780378101986,3.234303385673492,1527.436072769691,1
95.58134239511229,3.329517735205678,1415.2143927535185,1
89.90179447693693,3.2603414363141874,1478.0535321252644,1
99.60895497691462,3.2273639608085483,1406.2210443547328,1
99.70965121161578,3.378354378483682,1493.5651228300194,1
86.0097646349938,3.2948161671202567,1402.0302949145089,1
88.49742265423748,3.373812994699055,1414.7797262136332,1
86.85186793032703,3.3430277305710563,1604.8634632993533,1
93.61295845052243,3.324363338448653,1428.4762690961466,1
86.9216187940851,3.2137914512386025,1478.9144866572765,1
93.54224928761575,3.2710910920780787,1585.448888139162,1
89.60572262662284,3.3505762722671513,1606.6437995777942,1
90.96441085299551,3.221137543263714,1588.698093176629,1
84.16587428620916,3.288007958575702,1558.3425903563552,1
98.43442198146634,3.374796076453774,1522.663202784809,1
95.11834436273327,3.2154354728625307,1395.9944892866883,1
93.96683668462168,3.3208715758217346,1435.6992808935504,1
99.58508443421188,3.3464094286661226,1478.296054554144,1
90.42459777016984,3.2844463801085038,1427.8983458600358,1
88.22126049424284,3.340303039029992,1469.2821871875767,1
83.14139717115052,3.288998792644742,1431.496456968285,1
88.39310322144938,3.2900901782448053,1487.4190531018712,1
85.61732330217593,3.340438965221059,1593.7548422428847,1
96.79231484380547,3.4053372657141847,1458.6752517905245,1
83.9976189052109,3.3320881014533508,1477.8118919238475,1
90.11840099059754,3.2184736247101573,1589.308481994798,1
93.02334379082806,3.3763377062135858,1567.3488550472568,1
94.72166336077436,3.228458130958156,1428.9386502343266,1
98.62575536349038,3.21539738537,1503.5112820921,1
93.36705407281428,3.3231087337445917,1432.6934078270915,1
83.11315852813507,3.3280869950857226,1484.6531910451336,1
96.40305590197963,3.381075284833721,1614.337817996616,1
93.61832308059601,3.225205087745451,1484.4016506336247,1
88.46434087564552,3.321729821160257,1469.8413240142008,1
87.36422052761644,3.2083418641171937,1510.4814522097095,1
85.0286792287278,3.2123896679688735,1423.6066203438659,1
91.90289422695588,3.3791520731511917,1600.2767381931055,1
93.45751942528761,3.407285205797826,1430.5619169153151,1
90.3132265847743,3.291240945365951,1560.8703973332126,1
83.54261047367905,3.2069189824810214,1440.904621591413,1
83.0474452431443,3.419797063383023,1574.8911313835667,1
85.62796105803062,3.3251739710297845,1576.2862786090654,1
89.49880606819386,3.279995714408766,1414.6950283249114,1
96.2753296821108,3.297379941033678,1488.4810951467473,1
97.27778169444491,3.4075037439207754,1575.1061389117467,1
84.83065843883003,3.3387365629942156,1444.6435849156298,1
92.1851743703348,3.285254939983174,1502.5324538717769,1
85.64901601705992,3.368950842718418,1443.1533111136293,1
97.2037346211154,3.391579953978233,1489.7696760786152,1
84.22318694025111,3.3648322629474428,1404.5759578967172,1
95.65234232803819,3.329377776159884,1478.2053122899,1
94.60567087294892,3.2443730880835324,1585.377927192085,1
82.6387583604629,3.269007087002738,1577.9839497055823,1
97.2533748661528,3.2964144738435133,1463.1054439398354,1
86.87074089124175,3.361933387792908,1531.7474743548344,1
87.92881171571358,3.202105505060359,1570.65147601043,1
84.66995095438472,3.355837455535225,1563.0387614737965,1
87.09803440818882,3.3376527493719457,1473.2682452493696,1
90.0814710343139,3.288067808035984,1414.822818161383,1
83.31960680928485,3.255093840521963,1605.5815432893066,1
91.3127415973076,3.1934468942529177,1484.7047720676865,1
85.3061179272134,3.3066107618198632,1514.4849422959464,1
86.46784812110684,3.2962996190686913,1576.4136235224241,1
92.75265040712455,3.2915349852498146,1532.9833414873092,1
93.47438330950816,3.330308998464225,1571.118947782097,1
93.34779868173298,3.340312004026527,1610.5038377288638,1
95.17221546948215,3.3848311745969153,1467.633451463662,1
86.11507568838483,3.3439721943226637,1430.7986815872234,1
98.35704699833033,3.2620246153961365,1468.5551752319016,1
83.8967059397735,3.279061170895358,1431.7910540739315,1
89.351446590634,3.168802979267022,1555.4759257134333,1
95.42146354122613,3.3793058953627617,1425.8888351917635,1
91.13526633195785,3.4061418038488758,1529.3203439056604,1
91.84188280812283,3.2433001364060408,1451.0966174065684,1
97.08911822939646,3.2905554338073415,1549.183943203179,1
91.95411351703113,3.3090463370515537,1527.5163445685916,1
93.05608735051592,3.2753658483505017,1597.8179032546159,1
98.0348696756477,3.235364983230493,1462.8624774989,1
92.84218169009911,3.372935273993343,1546.8812748166524,1
90.03319555461042,3.2931438935319464,1534.858004106051,1
83.5685641678035,3.3488677571625485,1390.7912957307055,1
95.68083346494288,3.380411443389709,1438.8089799388179,1
91.01319374867123,3.273635574168246,1482.3987094837332,1
82.79939749981328,3.329079707944029,1504.3862934076815,1
85.09579060537168,3.2303440898497358,1503.5705930739323,1
95.60110102492474,3.3574429152425593,1544.9132126235747,1
86.99099790777532,3.1950516637389477,1577.5841141325518,1
89.06309860207303,3.3349751136405232,1471.4689310883866,1
87.32022357987614,3.2457945774887134,1551.6980566104266,1
84.66449946655588,3.3324667608237344,1482.0542777662347,1
84.35787458155461,3.3026924431131754,1546.8321381702049,1
88.73891860246623,3.3318480776524475,1440.431548156909,1
85.09774670041365,3.269815374221038,1450.6397190072091,1
89.20764173321422,3.3795717154740412,1541.1788885474743,1
88.33596011170914,3.2184011557495724,1426.4995125594755,1
89.29967187490679,3.3878233386207395,1480.9583023470243,1
83.026373399373,3.3746880937578263,1598.0231138273693,1
91.55403621831222,3.2786667445703173,1550.8861040435468,1
92.50107822219326,3.389088303853404,1485.5879248008225,1
96.1064743189414,3.2977175103250644,1617.6320537642391,1
84.15472697525206,3.369251631331777,1591.9928088417303,1
86.18206491647781,3.3701904577993997,1478.9862946934918,1
95.28480818031686,3.237648445772554,1506.1475807995853,1
88.5388102067152,3.262495136907042,1471.6052563469852,1
90.7675789813137,3.3764748423721156,1423.452704253577,1
82.68516866666961,3.353152698298173,1475.3644133158775,1
84.25011485230736,3.276143550015199,1606.989783982189,1
84.86043507734071,3.3151724051763596,1484.824466282403,1
92.90949569096688,3.3426592051954294,1574.0404682289636,1
95.73077516381512,3.380417322873309,1447.4523614263271,1
81.97374584413055,3.364655955014594,1519.3953438583396,1
83.21049284688736,3.289087329530729,1558.4558908996949,1
88.40582457458966,3.235866085950333,1433.324590587578,1
82.6997420010192,3.3533888129263048,1547.3797571305129,1
93.22897698828113,3.2481497819342517,1567.458767390938,1
97.40449492123446,3.3486393313149034,1553.2034918352228,1
90.0446976172384,3.2674342312044624,1565.61757334023,1
85.47483223288133,3.246522508767148,1549.7777569543225,1
86.19607398935003,3.3318924380343597,1483.2694606046966,1
86.67161969210706,3.3438895937242776,1511.769067029735,1
93.15419880755624,3.2614914788146634,1536.7779859378095,1
90.95909571075426,3.296265518294685,1555.654326372996,1
92.3360022289984,3.326096259724153,1410.991720962463,1
82.86165218754225,3.393569303192946,1447.0217081391554,1
90.14127329076705,3.2359430129312545,1477.3340259903175,1
94.83984576723134,3.3299977786054122,1544.7014882040696,1
98.04657645315584,3.3373787182373347,1530.9859022005226,1
92.95509407407387,3.2179384561123694,1575.2090242492054,1
96.70450165729197,3.412740653976208,1510.804701389659,1
91.53355632551573,3.2043127645424447,1542.2711953953662,1
82.9029877768629,3.276523446435324,1580.925025301721,1
89.44975311749666,3.2740369398692803,1402.6842823742277,1
91.4977105716063,3.3581402444238373,1498.1372334894543,1
83.624786552359,3.243294196586114,1487.2469142361167,1
91.77269483492485,3.3803832407202434,1523.4388264148713,1
90.45246013410171,3.225331507633386,1514.248207778523,1
84.94723553137264,3.229803448938511,1553.2884318727936,1
96.2352482330033,3.203319831050258,1450.1065457500495,1
84.84527946535458,3.3203004014043156,1545.942837820837,1
93.34833767381386,3.291251573264759,1365.5914728337927,1
94.55710517837453,3.3131936958268104,1420.768950351088,1
99.29877572815653,3.2804201312796835,1431.5674515152098,1
87.06404059418759,3.38382332616183,1524.6339416825301,1
98.0060930733239,3.322939827205778,1588.7736053839976,1
95.76502966530178,3.2829581359819078,1520.244134917752,1
91.98596473075526,3.3365063946081643,1529.6985549873168,1
91.1208716219261,3.3049818542181812,1496.4675573370862,1
91.56278636784273,3.3288104184386595,1563.544249244376,1
89.88994756777508,3.2339630553380836,1550.7878955468263,1
82.67076022127732,3.315216161336375,1450.2483033184922,1
87.87607809206102,3.3365015464864642,1508.603068742744,1
85.31076611358482,3.2022268407938927,1635.5772083746065,1
88.26365511953556,3.210294445760652,1418.9572503517431,1
86.90444128402548,3.3998362037537317,1486.9218093946236,1
87.10281535835335,3.3449893847848533,1573.8629543736179,1
96.5062567901479,3.29339807591206,1475.9581077452804,1
84.98945131933327,3.2147370837406384,1611.5809590703507,1
90.42223753507207,3.3541212109086738,1574.4937708757243,1
83.98313887246658,3.3584113815037067,1491.537768297097,1
97.70664660519098,3.291338852918839,1580.2107966768926,1
89.35829964894042,3.39845464342385,1545.7488556122528,1
83.55328052129542,3.2676247769918874,1606.1909336647861,1
85.63365945957177,3.214916104035708,1571.8672000267836,1
84.77436664691825,3.2773733057828514,1474.2486363124674,1
91.36992823701702,3.401593322183675,1591.2400045306297,1
94.4725798707787,3.257680299999514,1468.822762160317,1
95.84930614800619,3.2919791396608775,1503.027585321911,1
92.67277904902879,3.353812640766231,1616.8744106589154,1
97.08055681693804,3.3806164134770706,1414.0764991715148,1
85.33290143884186,3.2018179107741833,1590.5370785770858,1
82.14706763978562,3.321408844894887,1441.4925717165777,1
90.11430253901909,3.2586711013439857,1384.7993056917196,1
82.14337057269239,3.28435382264171,1550.3022485053223,1
86.76239836151076,3.352896209075604,1406.4136707008993,1
97.21346968562885,3.2801941210765317,1476.340362995288,1
96.64649572183602,3.273712440730315,1535.550021305824,1
90.50902997625909,3.398354915456984,1583.5644576378472,1
95.5031235881737,3.21938584032567,1426.1129516977664,1
85.73323797403398,3.2212333188706714,1544.548476960139,1
95.08553349698322,3.3394667771430275,1489.616209973968,1
85.7362172872381,3.3023686835178134,1505.986849665782,1
81.25570421749138,3.267893551756176,1480.8489190321975,1
98.73364081956191,3.3178116230977976,1505.9032906495006,1
85.4376205792257,3.3557341124008655,1550.5132682562569,1
83.00562716901027,3.2516751807960986,1494.6195952113292,1
82.61660007369264,3.287247442273783,1513.1342283663093,1
85.49454467510361,3.347510693735551,1514.242320566671,1
95.53083854362228,3.1906307247560033,1485.051987994525,1
97.42569191220333,3.248041757953256,1437.11130392358,1
99.38831730961944,3.221087623021801,1583.942942569203,1
95.42302005060121,3.2129547656450046,1544.3613720352264,1
95.38535767050637,3.2319132296164845,1444.1182108981081,1
84.99068396421451,3.2142996590557136,1432.6584619197956,1
87.76888928414978,3.353727962219731,1524.5523896902716,1
97.05953434253347,3.3944502328396617,1424.7157672239991,1
95.66368569929969,3.230545010762183,1569.6676257167308,1
93.04975980024871,3.313389090250514,1455.3221755077514,1
91.17397322326046,3.334494348245676,1496.949018474278,1
94.38716164007499,3.332234644979251,1475.770607964882,1
94.53676713596434,3.2445260211641456,1363.8329747443297,1
94.99350414598184,3.2010766542161333,1537.267205508943,1
87.73266678627391,3.3978723962360102,1564.9549081066405,1
82.35772834078907,3.3506451136297923,1498.6062544963493,1
100.81526550038609,3.2355057963116374,1501.6733049695504,1
87.03898042535774,3.2862259582361077,1528.4910861540652,1
82.67688752510377,3.200775524709754,1580.3182080067802,1
89.31633152525689,3.4062643166087896,1573.9334137145263,1
94.7833423462915,3.281490035307061,1393.1896141866018,1
94.29582385798304,3.3297094105286953,1569.1443575422295,1
86.94916594991524,3.3263107168181527,1615.868121419814,1
88.79572781373837,3.363004743676858,1443.8049703172856,1
93.50587704584956,3.384687796160623,1413.2030206327825,1
86.37535933791736,3.2240255269396805,1513.9462501677924,1
85.88297289959054,3.4178879498146486,1526.5232911013206,1
84.17575626349227,3.388587528189174,1416.9072933004086,1
90.44112178590483,3.336553512270874,1428.4423031961119,1
90.9059099234611,3.2556455667197906,1425.361561334228,1
89.43167337411067,3.236834596369676,1405.3252700741982,1
97.49135328944998,3.3168030060216114,1550.2101228448532,1
99.81369203038682,3.2836500960355526,1549.0952759766255,1
89.25134736344938,3.2476891626796274,1404.9925145600678,1
94.28551301851536,3.3691426584766138,1542.8597148645965,1
83.84118149841436,3.3189873343516285,1496.8287371091712,1
81.8537624886617,3.2988528454038644,1412.4453449191326,1
84.64066334288991,3.3152416722192344,1612.2381438510024,1
95.80212556044566,3.215446171518383,1427.066354724335,1
94.85733285307623,3.305788847851927,1527.0339527001963,1
90.86034025880065,3.2397261811656843,1459.570287747533,1
95.2644797339744,3.3355166328839436,1485.561983727159,1
92.46324597715491,3.2080233911243834,1412.191440910074,1
97.16578206026654,3.302226985444737,1437.4848157434033,1
99.69420391705209,3.280346883462319,1508.041655388316,1
88.8565853014093,3.198595564387217,1418.1353938671707,1
94.91643508518095,3.223765117093904,1383.5125537669735,1
96.93636729052794,3.25425492860649,1545.1274906537124,1
87.05741184830212,3.3077722868187154,1455.6458372402813,1
83.36470526457423,3.266989396933323,1611.6389245638675,1
85.47663389098759,3.199716792136402,1438.6098317360438,1
82.98953045582766,3.3894728112148034,1549.5826370024106,1
95.6170371585564,3.3288861214101853,1571.3565250704407,1
83.54049652923031,3.370416719574746,1436.1538771978596,1
82.46084185497368,3.2166976648286636,1419.5591116664527,1
86.89035530908617,3.3389670474741697,1525.3837122343643,1
83.82428772478055,3.3093128805000593,1440.602687732773,1
90.05717204421582,3.3756021753207976,1514.6580663652069,1
89.25554065739998,3.349605335840126,1562.2267572844194,1
96.08423759901365,3.25084027483334,1531.368548044264,1
82.38438817953322,3.262622441492612,1435.3627121135123,1
91.00354645692153,3.282263308369514,1466.6354121920112,1
96.33156914251117,3.3765037725870455,1596.7032204306777,1
94.29658073001112,3.366022390921592,1415.297209573269,1
88.54151324352182,3.2453543423377575,1445.3793888481066,1
89.31879081456813,3.3857064131341947,1529.0691527320814,1
85.75225809962701,3.2678293642711487,1391.6191461865203,1
85.11663640375298,3.2393215275860276,1587.6769464399374,1
85.25372567955378,3.2718504706858167,1466.021246970906,1
95.12439730791115,3.2365373523232797,1395.0880767180167,1
91.98859892823947,3.3935713175119635,1533.1577843009727,1
95.10556736939543,3.387134215299273,1446.7379376145632,1
96.61135048022594,3.2026573900959128,1525.6688495924802,1
86.74305618922101,3.275199577507624,1589.8869368521307,1
100.10988324694131,3.246053958386177,1475.5670411092156,1
86.02536239086585,3.363510750559164,1569.8671948794674,1
96.61886432671355,3.3804787714364224,1502.0530975862278,1
89.93302853302647,3.330985971639405,1577.0629733135079,1
88.6606218749776,3.2687839624278117,1513.429642319683,1
99.08101567126326,3.3176670447490397,1600.7835169158154,1
87.7677310446449,3.3232494558205907,1551.8651540614,1
98.98980260005112,3.2111773433070696,1449.6952785535984,1
88.72529201968142,3.25977313468898,1549.0209190028404,1
97.97557006026628,3.242851643688639,1445.8600068975293,1
92.27988288291324,3.2554048974061507,1595.0598564120282,1
97.09931783159136,3.2586717904265816,1489.337520994525,1
88.57444457131051,3.3630994213154883,1612.4455573840617,1
99.79114308134677,3.3776688992395214,1522.5708249258068,1
98.0132409545848,3.4047588561671596,1551.7907050130218,1
83.74708816389202,3.315137083519496,1429.8025077454545,1
98.55506653309054,3.329648275471315,1437.8057841470195,1
97.61809499693796,3.3979055746993243,1441.5632855230651,1
91.82551236286659,3.22992242426451,1552.1335259610973,1
88.0314490802354,3.408921707154696,1466.6548219687695,1
86.60734804431544,3.36313731197181,1501.4032637372702,1
84.95734268047703,3.353854565942468,1567.0609978867108,1
96.43241516915607,3.396434466832814,1538.9623536794732,1
89.39659034325267,3.2552543811122807,1439.6001830085195,1
98.46274272812687,3.2982011489505956,1423.9505228553153,1
97.9431927198926,3.1930983958709005,1606.9236580548804,1
94.41810365613955,3.241285910775465,1409.6287609429469,1
87.80091885642209,3.273476761321832,1529.1110562392794,1
82.3854389243664,3.2506265826780587,1623.116137056315,1
91.10766726497522,3.369205020139764,1415.5708770455542,1
85.4006355486791,3.2489408534282935,1526.4773578302977,1
94.66810572571711,3.3143343413637716,1398.3641282854253,1
96.56927076766702,3.2648835900876296,1566.818216533954,1
85.38171384232129,3.2250312785420565,1407.35015424021,1
89.29092940328064,3.3360547947773402,1457.0340173961283,1
90.53051904893934,3.355818272209644,1548.4664978744968,1
84.72340050728637,3.242883348060901,1476.7556856385725,1
82.92288486451896,3.4056967898119654,1434.3663231137652,1
96.71587601519953,3.257044525334623,1494.4435091652674,1
90.99988668465751,3.200922596510525,1381.027432117207,1
99.33871062965176,3.219031094544437,1596.0970174392953,1
97.6602567493413,3.3044857771417173,1580.8631833728782,1
86.27980086592689,3.374293514493044,1556.1199747652872,1
85.51184651714631,3.38979087535452,1432.6081611159213,1
98.586010334752,3.3588255777323455,1483.8023662239793,1
89.88175638778921,3.3689847618199456,1558.7894685029096,1
94.51657876770233,3.382507624451052,1555.9515176396828,1
97.05230380510096,3.3306642965267255,1626.963056424072,1
98.34711209660396,3.2263471326477315,1581.657489182062,1
93.48248256376705,3.296895544758961,1433.033290654175,1
83.48881481360158,3.2834240158665384,1529.814362322797,1
93.4907290355103,3.2572415890110027,1390.8146546354396,1
89.09562494763581,3.2514144093027393,1416.3490939770008,1
91.45392466115344,3.2687510733292604,1377.5416820541689,1
83.16863988938736,3.2189198685852607,1503.4323607302656,1
89.30202052731491,3.3031311808586663,1396.3099179478165,1
88.35988746602307,3.282093511959082,1398.5086797343256,1
85.14862898044095,3.256197011914616,1519.3913627355641,1
90.57673982021466,3.2214582656476085,1429.306276058422,1
93.28215955430335,3.329262370465654,1410.6182121093789,1
87.54097931386603,3.3669557609956002,1533.5143525546903,1
91.4083876276015,3.3071983414546726,1471.3336964249406,1
85.67814255777657,3.233820399702682,1470.5974629301631,1
83.86066613024596,3.380186581961879,1543.9419707353766,1
93.89856628605443,3.396667623520281,1483.9535011141136,1
99.6140949931742,3.413201782908871,1518.806042808093,1
87.61367145969689,3.2053382336297327,1437.067224666321,1
95.24622119285017,3.361423021561016,1536.7724593492499,1
83.29459035818589,3.1953152464941144,1394.4286199904234,1
99.91930209735698,3.33276325419776,1480.4108941407026,1
94.33232141748084,3.192701450301306,1473.4193925153622,1
90.5239319312032,3.2423868039118595,1489.452237373726,1
97.57877433165669,3.2299711821864894,1561.3323511104932,1
97.32016314854488,3.1879178076761012,1506.0672982507442,1
91.1019457602515,3.2034981198078105,1509.630737173731,1
89.08737548249644,3.215595684836438,1518.1993661558606,1
94.29863958584691,3.219312871899602,1438.745880964163,1
87.98742821505108,3.2206625101978688,1439.2506312096398,1
86.5554348991152,3.368233159082194,1552.0782628758227,1
91.81792576480272,3.285358416138253,1469.031352236057,1
89.74407046667608,3.302615495853279,1495.3975225418599,1
87.14996986071057,3.2734026118817745,1397.9628936590207,1
89.12637450935937,3.3706988229788823,1506.9622788115819,1
86.01479020943083,3.3201907402727655,1417.4230787821928,1
86.39548548219707,3.2837151326666274,1539.0042759648404,1
88.03162601004213,3.2377264297814827,1527.8172417707367,1
99.86810663209923,3.3096899270368882,1516.5973088800708,1
86.17686110402289,3.24120348601102,1385.5461895933506,1
84.1760626859454,3.339047529833174,1403.139763603476,1
92.28312086980104,3.2426666692344823,1507.2627190699188,1
90.77072693914238,3.3277533490420472,1587.3926926922436,1
89.89859724073439,3.277255579323406,1607.8474114482171,1
92.1609384314109,3.345896509070221,1434.7551422874806,1
95.39570692123807,3.30843995742562,1553.2218479638345,1
92.04480550901144,3.210501696431086,1541.2798919455001,1
89.6010080722947,3.324089761454943,1554.0144277560773,1
86.6734377919466,3.28987600825668,1453.2595885070111,1
86.14698223539317,3.3209943238322053,1463.1034727898168,1
85.1752179098303,3.3562718878248634,1439.7790080931495,1
89.97901762528834,3.2344577586648215,1478.0859690690047,1
85.40756583582821,3.2892959480019632,1522.217224447221,1
96.31125573973276,3.381648429039248,1348.7392535226359,1
93.35210242328944,3.3353251993898043,1580.474713241401,1
83.4890626541111,3.3488847222002596,1398.2102823416687,1
98.43055928173288,3.2121946772274264,1456.4724555095586,1
85.96520924928487,3.370083323154768,1563.0558310379513,1
96.42654993188899,3.3299091433354824,1456.392777924816,1
94.7611684389768,3.394531357151094,1487.387874170748,1
93.56119261610306,3.261902809975916,1441.1739368874248,1
97.78208184739472,3.245430323862993,1466.3707117528413,1
82.72286740335869,3.348130539225244,1536.7423719028152,1
97.37619287464749,3.202700433946139,1474.4285747047093,1
87.5892626097152,3.398664430983624,1456.0715141061733,1
85.5257740824206,3.2506830326061036,1479.818439818359,1
85.84253158369553,3.188314940956713,1478.037345253676,1
90.43229268153665,3.402356354235948,1526.6534220246651,1
98.6660709566567,3.2134849855227254,1495.6945516362935,1
97.46141360816317,3.2039599044503357,1518.9961995219253,1
86.6988934141981,3.3674869999494224,1517.407387319454,1
94.08192771317839,3.2918827905049857,1473.788608754296,1
93.26199382207076,3.3782948467909835,1561.1620053079248,1
98.40857214307543,3.2182586936688975,1522.334340559362,1
96.96704123619162,3.191859832188212,1404.8259898513127,1
88.54675123218537,3.350944064038195,1480.1300419481367,1
94.928946389151,3.373721850526781,1498.0635469575602,1
85.15578417486341,3.249534805760706,1424.3741352743225,1
100.01869194494002,3.2056116223505633,1550.996718562993,1
82.12891785051953,3.418408784965078,1612.8101467345778,1
97.87761814216422,3.252594763683561,1523.512257361014,1
92.30973388500644,3.307337697535429,1471.7080077213445,1
95.48289862313975,3.3869105400305504,1461.8158879478083,1
94.79624633814443,3.2516861384769618,1515.3007457755068,1
97.76619841905568,3.2568976748117056,1416.4330511936112,1
97.46652855024237,3.304082292807869,1573.8184721888638,1
82.44004381462022,3.3054232531929477,1398.4906342717447,1
82.71469822009345,3.2741310122213636,1502.2941648366852,1
88.44905661599509,3.288492993881928,1389.4615028175783,1
90.81545032959815,3.279036154674241,1513.2464343407796,1
94.68761226896977,3.287927186734251,1515.698991974521,1
98.80083034393266,3.3208966206987864,1476.027242619397,1
98.83556420051085,3.310751456286141,1570.8112026744886,1
98.37275176288334,3.2737744467240915,1406.7634063616686,1
94.01340782863419,3.3278724746888924,1626.415611691094,1
99.6828973905781,3.3638551835296906,1457.9274100361372,1
95.12096561012396,3.3489724695786545,1478.290355833156,1
89.07061572883175,3.3398266919008646,1501.9774224487542,1
82.73466398378253,3.299394924294176,1451.692315461648,1
83.24443661979255,3.2219000438293177,1393.4718022797617,1
83.19080183644358,3.2293765260858853,1527.2764113570759,1
84.2778282348922,3.3866966139758325,1388.1542897883228,1
89.28402979938704,3.238136616572438,1493.3347510817741,1
91.5411627162204,3.306384499529274,1600.772871595232,1
95.58151304594094,3.2195428391872336,1459.124921182851,1
84.80189478639512,3.3708247543473395,1388.1709414563757,1
98.33577498983149,3.3656370197724073,1511.5062980771802,1
95.43898355061322,3.3839384227053153,1567.1753479787485,1
95.23911726383287,3.359173071355982,1420.141157259518,1
93.29136665007978,3.347822311960201,1493.4632540713164,1
85.14721825351263,3.288001366482953,1377.8543061643886,1
83.852382489785,3.36902973031937,1574.6218012135496,1
97.86741742152836,3.3566445784575665,1427.3243911175764,1
92.51505159188257,3.392069838695731,1447.144384856207,1
84.73282006170433,3.3375624539736686,1437.0094498757544,1
82.00694738457705,3.3397155113235195,1433.646121438983,1
99.02728038832933,3.3684264892300533,1509.07429514761,1
93.34110617643553,3.26621118112138,1460.4342705064407,1
85.94828708638043,3.338061414105116,1555.337518430673,1
85.52605960468463,3.3759119606328656,1561.8377038158974,1
91.65765337493707,3.2399008355591725,1572.3578345955623,1
91.76114254232645,3.3356289817594864,1575.977344427801,1
94.3190137414753,3.3577502172730562,1440.3194391267982,1
92.83658351159154,3.4051111564837577,1575.3920095141275,1
95.83197755191209,3.260754570066843,1500.3387608497287,1
99.46453381333895,3.2413973789803725,1519.8062598882757,1
85.48459763979871,3.3157481781496423,1438.0608506199862,1
85.27850656205972,3.3684245939218185,1554.4828864282217,1
95.97393916879149,3.35897608136362,1568.575256059885,1
93.76640898577489,3.2663868786822334,1545.0599768907186,1
82.70120530404787,3.396969167021634,1504.1162940631698,1
94.03414719988437,3.2746720853733353,1500.8564015812476,1
90.20165637800027,3.241224618443872,1578.4735748425733,1
86.89153162313761,3.3045746407751646,1381.0514096214456,1
95.95468641898593,3.26651968698374,1462.2720161863779,1
85.36606676876701,3.3886545995880395,1524.8177291412226,1
85.90527917599313,3.3158202471098006,1506.129778561575,1
94.6837023154428,3.3098535042763357,1407.5697467830241,1
84.392576235139,3.3948939871345423,1406.4130302490048,1
92.11173264937895,3.3737182672331394,1423.1544546735008,1
90.36604095202895,3.3028340298146075,1504.09173830193,1
87.9882087011227,3.3169999581124294,1518.6171044342157,1
91.30289948883465,3.352531188257924,1544.3462289986367,1
90.34759177560694,3.3675181005020627,1484.3677140783923,1
96.65369366015615,3.196997594113356,1474.4995064362936,1
96.69584756380814,3.2474616564789085,1489.6702498633801,1
88.17824149418702,3.2331723781572137,1581.3123654271303,1
89.56655157584325,3.2934601157401033,1534.7272965830778,1
84.37391894752362,3.3026117573343474,1491.4975039431272,1
92.31992460745742,3.2601831179983356,1539.0142012333183,1
93.53306591968703,3.2954331976062488,1463.9020863719222,1
83.19362549419776,3.2704860014851476,1608.1857737823775,1
99.61316976628605,3.361707970667321,1569.3861735935636,1
94.95455873597619,3.2990340337099933,1498.7289938846031,1
93.35080121800183,3.216453756598297,1561.7373273799815,1
85.14439412781343,3.3218673897937276,1457.7057192384282,1
88.9833366289338,3.3179311720447533,1510.4921953278108,1
90.52854873569541,3.2924485121776645,1530.6795198528855,1
95.76176877349107,3.295655916920386,1592.5478635512675,1
99.23355948804817,3.2484656866383506,1525.2383553172533,1
94.80840221977836,3.3750230379051795,1499.818026044895,1
82.99574074161114,3.260951636650128,1585.036306486835,1
92.79271903487101,3.3065395248763227,1516.1407052375887,1
86.3186580427569,3.327914358490143,1494.0935912908153,1
93.3061872573013,3.2880729722084605,1386.7643054137645,1
94.72668198291109,3.250807869917231,1508.9395180649617,1
83.74358061234321,3.3670047878994787,1471.928571050747,1
86.018891568943,3.364612230651142,1476.126824902722,1
97.61314232221267,3.229327336213881,1591.8080775912351,1
82.84295753874326,3.368748468980316,1481.1820765189075,1
93.48646463604993,3.2681205036835403,1416.9801388734832,1
88.13085829109384,3.25265152691874,1530.9347483568995,1
92.07105007271919,3.287040950577956,1528.425599418409,1
100.0663592476199,3.2719505852107265,1477.3884885207685,1
88.45855172703166,3.2154617894207913,1588.5469461268115,1
87.83068318629076,3.282225892768889,1538.5679570403347,1
84.5067234985946,3.2552326312727042,1532.6841898183168,1
90.87408618701187,3.2802158243308823,1435.6151625546636,1
85.72047620828377,3.2751146024045754,1555.600382503159,1
86.04570411624381,3.2554679949903997,1461.1192162741684,1
95.61295809888101,3.220429233217375,1523.906349947955,1
90.60087323835559,3.3134320657409693,1431.130025235794,1
97.2344815066584,3.298253037629526,1479.056100972015,1
83.3002794263519,3.2302051894391264,1505.7441369702153,1
92.99628113632852,3.3892600575007195,1536.5588141724115,1
92.14422916778906,3.2049904658003925,1487.2259260889489,1
97.19172391166133,3.306190295908507,1566.0444968608126,1
93.37538348731266,3.218068076989119,1481.529396298302,1
92.212806795099,3.2997414305732065,1595.7234283362716,1
92.89172080607732,3.3114029216660255,1549.000063231647,1
91.03668653740188,3.299307849256457,1500.5949683794126,1
95.9103892348446,3.2128679770537714,1535.710452925247,1
91.28533776115749,3.396392353204926,1466.0574779297094,1
87.02643957633818,3.334750459681028,1552.0595233976255,1
93.15758535585356,3.261558660383348,1525.9514758808707,1
94.49476982920375,3.300707966532173,1492.9168724323692,1
96.54933202972634,3.2198454685746896,1425.448549292525,1
97.46889801561336,3.3763271461402335,1552.4573343953011,1
91.53068750409957,3.330323532007195,1599.2259668156437,1
92.49105311456448,3.292418086077311,1576.6162424389888,1
95.20118863618673,3.3598968689011226,1421.5053625957496,1
91.34869910087627,3.2077291872741505,1534.7451044988534,1
91.2058481208127,3.355829294287675,1571.3412048076868,1
92.31161265246362,3.330438209294237,1441.8798325647049,1
97.42002952235804,3.1711010761825404,1573.4728723547773,1
96.68426987829054,3.3496529945862794,1480.1000042630199,1
84.35658158640699,3.365077787608433,1587.0393843157144,1
96.71320045476914,3.26279690423093,1467.3972069943966,1
90.20357654803877,3.3382942352940264,1551.8990830955279,1
95.31042483711492,3.2218739364547835,1446.7595299943926,1
99.68002715663573,3.3048886948267837,1560.0144687044344,1
83.83676485114582,3.36764085033151,1417.380316606631,1
96.84407989402037,3.3537357364045395,1551.8161825794589,1
88.29607096057394,3.35953715932379,1449.0921834176527,1
94.18117135975761,3.3713703950113745,1506.2160343354726,1
94.32057492176824,3.2894800577422885,1514.2145294810944,1
85.91705187095724,3.305818837944419,1595.0112940927422,1
96.93729612242356,3.3070768335557554,1467.3216283335607,1
86.59194701346628,3.31676063467515,1559.366722883405,1
88.26639008494269,3.3704535646817866,1439.599926535915,1
93.84922668388936,3.2077676134570465,1404.788030699747,1
97.44267400108302,3.3108617486825973,1464.9630036107237,1
81.60167166210243,3.380230491879518,1458.7653900008645,1
94.87485577656548,3.3420433976745674,1453.1301411246975,1
90.48659654727614,3.413527810115845,1545.538679240178,1
88.35275136275676,3.258501805280775,1593.8003785000399,1
94.11096462968129,3.309051567350036,1440.0982464277588,1
90.0075023033543,3.4093998353787267,1518.8350346223237,1
93.58710966716035,3.277902343497334,1518.317591580145,1
91.25741281454161,3.2995084292973638,1409.4394008394518,1
95.07425955928808,3.3615528322390213,1584.4049498696152,1
91.10878739728255,3.336071928109507,1441.224739815582,1
87.45082820256734,3.2842379809969255,1608.8444320507642,1
90.93270215793356,3.3566005316034815,1428.4051067868302,1
98.42609907571817,3.1566496532618364,1628.6847438338039,1
95.5537352376772,3.373297997137285,1530.523394452754,1
82.02411561077486,3.2604209042653864,1463.0591905918243,1
92.10238689825336,3.3024181405790936,1546.1100188728024,1
85.31925455294254,3.292674415687994,1578.5752873498855,1
93.3346826286054,3.3370322078509154,1418.614711563435,1
96.96814364896174,3.3842982265643,1604.3617711861316,1
85.29456314357054,3.2010459929866033,1442.2736614061125,1
97.5821999236128,3.3603683459410987,1519.8872101499985,1
95.65771588207976,3.202022328500574,1382.8702473861902,1
97.35878866141388,3.270660890825674,1520.3672605211111,1
92.63875382079677,3.2050996349236183,1490.4633865261865,1
92.87874351502892,3.222779050132723,1522.311326002116,1
90.11856928688901,3.3662359361678993,1577.0449010404243,1
85.26341102297083,3.2359135327768374,1425.8323155662342,1
87.0956316089246,3.3826926352511757,1549.455177798611,1
84.11567699383879,3.384056609527131,1382.5898238531584,1
86.1896971813143,3.2701352925261498,1448.065276889474,1
85.71257062294347,3.3927368079499707,1432.9906041530096,1
97.71771991977778,3.2708915203006437,1421.3807846200864,1
98.58699001834975,3.32265000669503,1410.8107781839813,1
86.42318729627654,3.2711919487962393,1558.6065064098543,1
90.30730482670789,3.3177597850346903,1406.62002858147,1
84.05354256676432,3.331175360799272,1482.2523687289588,1
97.96701731142454,3.3351506067198136,1506.9052953736752,1
98.20675885704766,3.373974550591197,1477.9545791305763,1
84.54989581199543,3.2284100302096572,1576.9466526736303,1
86.42302975376221,3.226099030038399,1565.5916568184743,1
87.38941215130754,3.3675105040983015,1578.3707707089213,1
88.09119707702838,3.243305187267183,1506.4834499178332,1
94.81679522321677,3.378771138091284,1561.9780987176864,1
89.73936734849791,3.23935321329187,1535.6718344315925,1
94.04686209847841,3.2601300583632513,1438.5691619915592,1
96.99641617485055,3.3545840249978593,1402.8561923462587,1
98.82836550969012,3.363005629665922,1481.0197796625039,1
92.40405353839316,3.17810854743022,1580.5969824329027,1
82.94165845440794,3.380075654980582,1502.0488729472697,1
92.31156503160983,3.2457736571661946,1513.7638568537031,1
97.82412638063035,3.351907999475789,1445.0965418930646,1
86.52400874263896,3.291129517914369,1383.2457430468833,1
93.93160321921437,3.398551350516202,1585.3462180647896,1
85.28628151077028,3.260557410160725,1427.3212897288975,1
96.06741845152554,3.381905236004981,1528.4904532628368,1
83.79358063045827,3.2425296950732125,1489.955343177074,1
91.4616763933349,3.256931805209173,1597.3486159153179,1
90.6639202593644,3.2542441465538214,1434.7713734450672,1
82.00627827077963,3.2357737164133478,1550.736439821526,1
98.31665307884532,3.2017232139049634,1448.576288961417,1
82.12216128015503,3.3343785306288307,1437.5888961384564,1
84.21323070901629,3.169725077066491,1488.1121094793918,1
100.01925031835164,3.220133550547845,1461.255153875509,1
88.64846280239347,3.3552750052456273,1515.6714196763683,1
90.36433052117788,3.3746248497620117,1553.1394226721327,1
94.52345272837229,3.292163666870291,1469.2062517440772,1
88.34310903746497,3.3836800189494483,1568.3336691724462,1
86.47570793678197,3.2813839392383124,1392.6816834846436,1
99.50544958716686,3.3130657933963756,1568.0215943515898,1
99.69794908797475,3.229438055993075,1407.4304667775427,1
93.88490755206253,3.3346109507245014,1476.850754903122,1
86.28184954447248,3.3921735919761518,1476.561541346311,1
82.251763055451,3.293196070076396,1482.0971913986848,1
99.06455855784593,3.294283962277629,1434.697774557285,1
97.70206288212563,3.288687294510017,1456.3781785600017,1
95.76504524432549,3.353518675262184,1539.137153536965,1
90.45468033656192,3.3818745252323614,1536.140774549587,1
83.38204160778436,3.3550036148671687,1423.6023642602613,1
83.49641816518792,3.263248582527634,1489.257501384333,1
85.0966787978653,3.273771793204102,1655.296216221144,1
83.02471508901601,3.2781971931632095,1456.0077027785385,1
87.78215320749315,3.335839471848004,1526.6808472535636,1
96.88878877784408,3.398232578280783,1476.8755302590616,1
82.41631547010978,3.312754954003454,1441.7698692547563,1
81.87540161666561,3.213948023364939,1543.8226444490097,1
95.5698293918289,3.2578906876863574,1620.0796678307108,1
99.16954913322303,3.3060835444938355,1467.9273216890417,1
89.3506059192533,3.2996798101106135,1471.619496401018,1
96.6787900581879,3.3609478189630133,1574.5120749227924,1
86.18592166782648,3.1804788575100456,1450.7435818396168,1
98.02713456710774,3.2643600913734665,1563.8771332923075,1
91.03679686090722,3.3577662052704627,1556.3446309198412,1
90.36407436795544,3.2222769949779138,1426.4676098204513,1
85.07186202207615,3.388004560241632,1540.9831453633096,1
90.85392063307182,3.3885753241445875,1496.751191156727,1
88.33517958961879,3.2608957276816226,1546.5129876199596,1
83.94999915806578,3.381787849360233,1630.3907989972324,1
89.94238123278991,3.355091987653831,1438.0453727010674,1
96.633663025324,3.317945973480998,1568.5285893982248,1
84.26803509917664,3.2852070995450147,1501.885972586979,1
84.78239581539538,3.231182516731387,1565.480462665475,1
95.78850930639479,3.2822351263614693,1435.9265198660878,1
96.19673637290768,3.2678436723835844,1434.2756173785388,1
85.60906292263022,3.3912840657330934,1548.0765892933712,1
96.58645788060748,3.3306932585242444,1428.6971864952268,1
92.15715852414479,3.2855882639687874,1387.781139766453,1
85.05748087074936,3.3353224935655232,1568.9066279184958,1
90.75558136658304,3.194057841530368,1545.8051157544592,1
89.81861883176789,3.342998659872823,1416.3124016318018,1
84.88396452817928,3.3666678750978094,1448.7360189562066,1
96.81125949113814,3.251025473173165,1560.300345707528,1
92.26764008931006,3.1916361789449113,1589.3861075018074,1
95.4750938287913,3.373399146420526,1505.6392529460813,1
84.18699180715672,3.2577246181784494,1534.8191665608208,1
83.20873352042248,3.2127084406704056,1475.0255999127878,1
83.82542180961445,3.2209747040438983,1511.2788645050416,1
90.4445275179956,3.3212020216974705,1469.452718060819,1
98.3297358637162,3.3409093821175104,1562.6447536656306,1
96.11108100477723,3.2269560928106693,1517.5096095630304,1
96.19953760408282,3.2758478564837326,1473.531543917229,1
84.940012372436,3.281623455122268,1489.4812896878982,1
92.20633514303212,3.3335499666904527,1567.1885708675904,1
84.3545044258965,3.271667678765794,1560.9989117350333,1
82.41542568556291,3.2972193290840504,1385.954420878365,1
85.26621680145936,3.360409405759443,1550.541584004948,1
90.79835294104336,3.2165266155468473,1451.75663447933,1
90.10114153396528,3.282450293346579,1580.175448952017,1
93.52671675830194,3.3192583180654047,1505.4924717908527,1
90.80637811878826,3.1883907918344474,1533.4912942895476,1
97.5172241343129,3.401755398337434,1414.672067650426,1
82.7382455044152,3.3734258898278267,1529.3623034018055,1
93.67690345534422,3.196228597239024,1543.0661938221158,1
90.51470056704746,3.3020955165794676,1427.2544736562663,1
98.41882760847425,3.2250031706632685,1426.316265662455,1
99.24944078633379,3.365961039583935,1481.5274051073723,1
100.09189068480934,3.3954629301940558,1487.726694579426,1
84.58145742517593,3.3435391788986473,1558.0211302663267,1
86.70338263718267,3.371586118150434,1503.4949403856424,1
98.76662736814158,3.3135657797969498,1514.298638011134,1
84.98185794402227,3.2548199794576265,1417.083587411019,1
96.33547079485072,3.3405744324420654,1478.5468459742092,1
99.58481570472466,3.364072743777527,1443.7991035004352,1
87.76926785040408,3.3872238463198108,1572.2685663041589,1
92.41750631162631,3.319059259263422,1540.1500350406118,1
87.72244997987866,3.205039125836731,1486.6404466013971,1
83.778552898068,3.293579812239516,1488.4930833927451,1
93.04732066445624,3.364017245181445,1521.654194019552,1
94.32139924377006,3.338540648660756,1565.8268712160166,1
88.14886896580484,3.2436798150419057,1591.6714589605838,1
89.56154400746716,3.2789534222496957,1445.0663182117476,1
82.03011971528525,3.244982706386534,1576.840488119287,1
89.86455324511917,3.3671745011976015,1554.3116798642102,1
85.9094362925652,3.300887826861032,1469.874048495697,1
97.28093829726036,3.35812726724895,1520.447310623089,1
84.83493086936207,3.2397902188439445,1493.2117932529902,1
100.04007565282153,3.3618872903956785,1435.4705740635195,1
83.54813778128954,3.285202375590798,1440.3707853901599,1
90.84551847959993,3.2184223051975143,1584.4674217391082,1
94.84223815534703,3.398782846970543,1469.0305102810992,1
91.30959591311658,3.32845523304177,1554.4187484803836,1
94.6234105523743,3.19411566448838,1429.0007924919594,1
85.64284835406191,3.341443404069781,1540.7537745495163,1
88.67749619861712,3.1753952942561368,1479.0466045820058,1
95.46536269136432,3.404245618519033,1448.6417433276013,1
86.38793318530523,3.187116435214214,1407.2792171380024,1
91.25475157520285,3.3682316607037,1512.961465511401,1
90.78295058094818,3.2219090672361816,1529.769461489243,1
85.20912103167674,3.253508506790499,1461.6721620982564,1
85.97706772577689,3.2080166672599146,1462.1946366917546,1
97.55820182690044,3.3387545949781883,1531.9490936344027,1
99.4906735435245,3.209807549730808,1447.1879125670278,1
86.87775461623258,3.3625850271765474,1479.138195618506,1
84.86285384857004,3.2142514554165844,1492.7610932553005,1
82.28611737554954,3.2612004451342096,1476.3626352238036,1
91.81640223491446,3.2491105250831422,1591.4692719248142,1
84.02289984633039,3.269782429347439,1586.3436268189369,1
96.66353247380285,3.4062801214137304,1528.5228276627777,1
98.27785727459587,3.333645994314886,1601.1259700814794,1
85.7467910510089,3.3573183848184,1438.3093575922614,1
96.79183525305503,3.1798789651099333,1475.0045518606341,1
97.72669865623382,3.1884161159701865,1445.1527778490026,1
82.65253246929872,3.3315753542640176,1484.9269411927867,1
87.64450807600714,3.3333963642960343,1425.0205441993942,1
89.41155923644344,3.316090991313585,1411.2524290787198,1
89.61268744682714,3.265575861226577,1400.2033231122505,1
89.85939152452504,3.277967151695461,1489.740197921481,1
98.1933832388011,3.306794919491992,1457.662153317349,1
93.38259239081795,3.179556128725816,1543.6625062831108,1
88.26051815487001,3.199236832777865,1552.0238369042145,1
82.71663609612332,3.242449372424422,1573.6213382873661,1
97.34677636850309,3.2760948633241314,1441.190318377278,1
96.69253804416387,3.246157968153843,1432.5437363280646,1
82.43306860663687,3.255684891013588,1580.372775946515,1
85.07512678195071,3.2874051351742257,1367.6800434233376,1
97.28247497893365,3.2960133312900317,1597.3849584066731,1
88.36289354847996,3.3466388509454728,1599.6362370761701,1
90.96185977070681,3.298016359549734,1524.044724466756,1
86.28041935349957,3.223047209958416,1577.33045118229,1
89.20808776296151,3.2286436304464075,1479.5249842788269,1
84.03226326571176,3.366476140608805,1549.0235818783515,1
97.83892688383285,3.19152852024987,1579.0252760158405,1
92.68921174018784,3.391345949848514,1446.9828813074757,1
85.3611470376621,3.3047486902634033,1478.1771421295223,1
92.44236279857056,3.3340055061163962,1510.7387590246776,1
88.49194865393105,3.4120342787723184,1432.370308514942,1
90.83490192064701,3.283331157330606,1466.6469894578518,1
85.8171717351442,3.2612587315828216,1533.4461941968082,1
98.53568967432396,3.3207557132049046,1587.8896511148703,1
96.24427001157784,3.2328941954041044,1498.7379916965565,1
97.66055745623552,3.252093412203023,1431.2915439099563,1
94.27526564524524,3.386489747130963,1468.8563959738362,1
92.20472260897998,3.2341182111940134,1427.2754504460725,1
90.30710285832731,3.400699547271319,1511.3074545872398,1
95.26319995484866,3.3928990347418817,1444.571649959725,1
94.24542027598041,3.292642014283046,1566.4249860389127,1
94.60113210652709,3.3713615660004734,1454.3216636473023,1
89.87491593666502,3.339786917267366,1567.092391866452,1
92.9161514155115,3.294237627135694,1492.446722673326,1
82.38651797383375,3.224291067851948,1536.8119589294924,1
89.02770966719824,3.298414094332704,1532.3924554074188,1
96.70153564111943,3.3276651739239913,1597.454588681454,1
95.93449605376472,3.1953054746187557,1507.776785906946,1
92.701746881431,3.267708508041481,1484.1309761783975,1
82.86444318239,3.3240114570777015,1444.4673147253388,1
87.7706428866407,3.3794830969032517,1525.3227852613854,1
95.41875587887839,3.3855336641170704,1485.2570301045926,1
96.70524322186073,3.402198906164203,1533.2249066827899,1
86.56159258618257,3.22823532958503,1495.0567277545101,1
93.16385076310871,3.3121506825162963,1492.2787131208215,1
87.09783517960244,3.393478977247814,1425.051807052812,1
88.87454292244043,3.214086070275532,1427.7673029826487,1
83.3903691847878,3.3511186562544832,1435.7804921023296,1
85.44887730378129,3.3451600992731527,1449.7817760685004,1
89.22919342297318,3.246392096671587,1399.2713357081548,1
84.17521934918793,3.30906016210356,1436.910402792281,1
96.57297940301622,3.2246401352541887,1580.6315876997928,1
86.58141750981382,3.306834235700274,1589.5589874978346,1
87.1905475033285,3.1966739615703417,1532.0332640594092,1
94.28358808864044,3.260596410150077,1620.335355433332,1
93.20162527484099,3.2466430009602503,1422.929070014865,1
85.9339890821328,3.21013884226181,1481.201221985499,1
85.04847070570138,3.2714600356041545,1575.6237160765872,1
89.77969069865645,3.373107628009194,1406.2238956203041,1
93.64194230066137,3.2021631921194658,1458.78159449794,1
86.25539634640033,3.2934286947889797,1514.3226501822553,1
92.57795480077259,3.2547195923161363,1497.682874010322,1
87.19365164791047,3.2358639703760725,1447.4714409701082,1
88.22467900553258,3.3363379086324714,1559.1035339996163,1
87.11491602817539,3.349169795932573,1602.2194900165339,1
85.58156939935208,3.3629937745229723,1425.2404690544283,1
94.34823370726443,3.2189348534421773,1471.2236884951326,1
80.91727309769948,3.2460821671889417,1535.722926906364,1
90.35814293087533,3.3989586350326935,1423.3102910326677,1
82.88985216749016,3.3641883399463945,1540.5861481176557,1
87.11762490507468,3.2621245669288523,1459.5885029742187,1
89.7854965947514,3.387668537760493,1526.32373301597,1
88.43855654711243,3.283774408272578,1533.8451192114737,1
85.80872269943178,3.2743207945026658,1475.57635200009,1
86.39096694246369,3.3090490726439294,1539.4674403644215,1
82.69812866952539,3.270504652785788,1500.2020705773548,1
83.55635405491574,3.323932280000401,1608.9714040232109,1
88.0633980655634,3.3498194303058995,1513.1543828919316,1
87.31709584338344,3.2437314781353592,1493.985977035598,1
86.25119547478629,3.2396455097164654,1484.1654241238198,1
89.63861288930421,3.331760669735501,1520.461798170019,1
83.16831544662998,3.3949548333776103,1455.3897243171957,1
97.5498747410327,3.3550078553095233,1531.374437287278,1
93.10308193458768,3.2880539784390397,1413.627206073156,1
96.69370067830477,3.229225812607027,1481.804961948374,1
95.3971368702097,3.3158007828524716,1573.156512665121,1
89.63754681946993,3.3477412958110295,1492.512287781722,1
87.55056386124237,3.2252321447640324,1559.1506919317833,1
93.72084787391856,3.2872145513370845,1526.8887522231619,1
83.00039702216735,3.2851998010234538,1440.2159543173682,1
95.80283814966367,3.313479705251293,1605.4871788334349,1
93.31451958593149,3.331007722544445,1481.9210991361783,1
92.41044220997259,3.315217127380434,1416.646800573031,1
94.60895485366254,3.382094983471238,1464.2801810145804,1
98.4580387267971,3.321359738179217,1550.7135954463097,1
82.7767659188635,3.332183329871397,1490.9877476362453,1
99.91402989750138,3.2129546150483574,1581.2884487182653,1
82.30256933779033,3.2404490574191174,1541.6916847963014,1
81.79554571483712,3.25126628207885,1434.7545845309976,1
86.66411614151393,3.3359832923102557,1432.4208806336528,1
98.63121124988187,3.3128993613672475,1444.239889428131,1
93.66083360576695,3.3628634465951337,1405.4600357632307,1
89.66073264920891,3.3350004069179677,1399.2456386266092,1
84.40115209896331,3.398698092023732,1480.0644993904518,1
98.5664534281964,3.254997810433883,1555.866896862412,1
97.87367990579966,3.3781771254240303,1419.0690377663054,1
95.70814947433753,3.2160938076201506,1406.8652977310264,1
97.72906561538205,3.2173058142094257,1496.715083271497,1
98.32244827675619,3.4017974260162145,1437.5476432945243,1
92.94653560895166,3.3493955641520485,1520.7308511830056,1
88.15269220964831,3.3906669269568734,1505.8088754771643,1
88.06823424470892,3.297274384167464,1531.630688576785,1
83.15056630566795,3.302615357152736,1450.266272828746,1
96.8321841543006,3.231542348557447,1496.6740786297496,1
82.20514032879615,3.2110915204636687,1379.5560713038974,1
99.2169214408814,3.2962522465094284,1523.5688130657877,1
85.51246061197838,3.3373229862941893,1464.0590650243078,1
97.30853534756116,3.3110555572793285,1430.579935402302,1
87.09564891341556,3.360331949580909,1517.1702866617436,1
82.69854734591773,3.2393481752260156,1579.270374997025,1
86.0143568469493,3.22786380552384,1594.5370870073498,1
85.78510151926388,3.3201063665182566,1552.4253390281447,1
87.3568845072519,3.244622527093503,1444.6675303214497,1
94.69341019030863,3.306666846894065,1512.0185604804951,1
89.34436513324086,3.225359617653486,1614.6037054996473,1
86.22786289554168,3.3866867169491215,1516.8655679763267,1
94.50356714022942,3.2885611440688023,1494.8527040348904,1
99.48294790487957,3.4118781207666196,1451.024953732064,1
89.78961108646918,3.369626362306254,1612.1801154917969,1
92.68427212270124,3.329917709462317,1554.079383493515,1
84.0368407568507,3.197989622314471,1461.6975576324749,1
93.60179449885011,3.221955500830647,1493.087276776051,1
99.14515713311211,3.304520924992253,1478.9542801076675,1
98.96257128982117,3.3548508122395377,1416.9941155817623,1
99.13194161658929,3.277048049345803,1456.4472739139146,1
90.88717972401237,3.3591270902413615,1531.3277726813274,1
89.65263307235354,3.259223774947353,1483.7612964959728,1
97.8199824885057,3.370170864581474,1442.4400242738413,1
85.91939022633821,3.3517454160573568,1458.8309407834647,1
87.40794865738067,3.195241544104506,1552.0636336635362,1
85.45073076158012,3.3379494532468303,1547.7704924744824,1
96.61767412774041,3.3612460887706903,1540.7305773394244,1
83.840429702052,3.2411351983483194,1545.8075059406387,1
83.91190455631036,3.2949948628401247,1478.222809391593,1
89.15809179452778,3.227970537059394,1572.1943355414478,1
99.2102933309789,3.337236646816471,1427.6502226142818,1
85.56492284287246,3.326232551422375,1505.58789862393,1
86.03522370597983,3.4034956646441175,1466.9905879151167,1
99.71205230987633,3.3546658512050898,1603.412791052425,1
91.57406846913231,3.367727006410895,1404.4018117405667,1
99.32764060703734,3.3041450103942553,1431.9292305691997,1
84.14938017597248,3.331326110874727,1556.334484455134,1
97.83157192732564,3.1927076400809495,1458.2631212863669,1
86.26482637380093,3.205217124958307,1424.096057946997,1
88.5678960070672,3.2032910632586,1553.9683925940346,1
88.97156771680514,3.2189100939223954,1403.7371265687475,1
98.70338512125004,3.2029480538990693,1460.4294018788105,1
85.45852266253407,3.313152139496425,1446.2119894945909,1
85.2237239832913,3.280335959154999,1599.0126387376522,1
86.87478727732592,3.306300919535368,1483.4725497084096,1
85.23638159941622,3.225756722992937,1589.228727812358,1
87.25780869982755,3.361876242689578,1494.1974700555943,1
99.80848912528812,3.3362541501469165,1553.4316652238413,1
83.79766440958619,3.3054243545037063,1488.969309311545,1
99.05243695087188,3.2007061781551918,1581.2297985054988,1
95.35999376574311,3.3294068995358757,1595.8165724374014,1
86.50614131578786,3.330445727506168,1501.1888410605486,1
81.86731336197847,3.301244620866569,1495.5014738984125,1
86.0268327640604,3.4049256445695297,1414.4348454922506,1
82.60086157548116,3.3582424160146487,1496.4399273868619,1
85.33288733327687,3.3798485867894312,1408.8818727971736,1
94.44385647657573,3.2295815893295687,1490.0357601912403,1
89.15220394840827,3.385837576641268,1502.211429263407,1
84.93982352022984,3.236428318484418,1566.8772199901628,1
88.96925833389218,3.3514119747018465,1544.5195750921748,1
85.1746777759061,3.2279196199549656,1436.4330130217159,1
98.10781710972613,3.311899056307647,1496.0766011234723,1
95.01812899373672,3.347456896865431,1491.3480195725388,1
82.66940407567628,3.32752394906408,1443.239427683432,1
92.53803909104634,3.40756023003649,1579.4777770349192,1
97.77600683790637,3.2397001870605666,1475.0387974391417,1
83.29547999245993,3.236520020874709,1489.1570117874087,1
91.96367041864092,3.289154840856861,1470.287908823879,1
87.62211851999791,3.3428869640419143,1495.0800580012033,1
86.72112684963054,3.2923173067901397,1482.345665362287,1
98.2656842733722,3.360978109857851,1578.7195291559456,1
95.80093657795882,3.234473778105493,1545.7616897188916,1
88.93212412474212,3.3691870660179886,1560.6341837066966,1
88.32952417530102,3.2287780757682394,1504.8957586663407,1
85.5168395691351,3.273539319925868,1557.975326002628,1
90.85575690692677,3.330484501447243,1475.1021617901813,1
96.88721950921158,3.261747866426928,1421.297968678201,1
82.31312419800865,3.203220804326022,1535.6591917633937,1
81.85212433189139,3.3258955586330514,1403.6081246302115,1
92.62124273203813,3.369181565887797,1418.4468982556261,1
93.16065046975658,3.2702150065468603,1515.639645699654,1
88.70713053647361,3.303184116416612,1511.8863117292533,1
88.8044548682046,3.2002267639710893,1547.8486910124673,1
98.98825099147362,3.2704993973164695,1547.0452683332526,1
100.48877947224547,3.3041700721024285,1457.5085686160435,1
99.04037944533276,3.277396037069325,1459.6361461880615,1
92.16289486557451,3.33295691184774,1534.2231682075233,1
85.8427391041565,3.3571672032088586,1535.6680107029633,1
93.30661378162264,3.3138063416237586,1430.8621140797945,1
88.17107960679067,3.2775781411229037,1416.7103970107285,1
86.68411093501504,3.273151105247389,1527.7773325905605,1
85.10602837260372,3.285651460172117,1586.5190417117938,1
90.89995269860361,3.206023555452598,1476.6680656004412,1
90.4365619098771,3.3484629148951477,1544.3979142512133,1
88.53531368250212,3.2986021271551853,1423.5014398333733,1
82.98379295081818,3.2546257489824346,1452.0814828482578,1
93.90100674591781,3.2847063365948137,1390.9007703493728,1
99.73147601441447,3.283406595409497,1418.3467877471753,1
93.49100552464425,3.263560041575468,1546.0406618169998,1
98.95928865004997,3.386989087360981,1499.9988742249836,1
85.08704077904378,3.261864781092287,1551.1458509961792,1
90.21857523875859,3.3035325747709976,1407.2450709674229,1
95.77265085820876,3.292682452748136,1469.9904811046804,1
86.12289761710574,3.196535062838697,1511.5320772466484,1
86.03198265407087,3.2279457706260124,1538.1623855912244,1
89.7133846316199,3.3413390081137853,1425.2640215532344,1
97.77282263785901,3.3873318423083143,1427.7868752418171,1
98.32898007491544,3.361110984220006,1496.6859572916328,1
90.79839819428581,3.2645655405530194,1613.5308147065841,1
97.63769782842118,3.342998058675176,1395.7971876470144,1
99.67513699674707,3.2179939756784535,1558.8188085870706,1
91.07942148511282,3.2867711358116414,1423.1604076178292,1
97.63722826524133,3.193203798187477,1549.8825109931927,1
83.86074150867015,3.382747398395686,1556.6088609253106,1
89.57987642207969,3.35306284928452,1572.7849910181299,1
84.58487015206686,3.1446301819697875,1569.107831793893,1
96.2045174593499,3.294542299777466,1481.5583813716044,1
91.34957295181601,3.2857815146374088,1439.003011818881,1
81.84096885818985,3.2790881407942005,1580.9629271184956,1
96.909257066931,3.206991477998514,1538.6637466578975,1
85.19906211094184,3.2949272643045284,1454.702594629385,1
96.78481502576068,3.3344104792294744,1570.9310718368183,1
93.91946364787684,3.374993505878795,1470.9193764636143,1
90.56284144424691,3.266827546831144,1463.5769008364573,1
97.2960284914608,3.258979360260365,1453.2282453392065,1
87.39878552468893,3.39778340722623,1560.3148573232936,1
83.79094232552417,3.2909077250910443,1437.2571822492819,1
85.02740245143187,3.286703971472058,1429.2529246588567,1
96.34517264714295,3.3350651372531375,1563.7799510219086,1
92.18822093455542,3.3264077085084676,1478.5600221070702,1
98.00003532956538,3.3292646488261917,1596.0217055179207,1
96.19126534963813,3.297753951185604,1407.6481547781043,1
83.2564035945281,3.1800769543369696,1519.7631459817414,1
91.98385860029484,3.320622351533504,1521.025549082853,1
87.23196936211659,3.2122681276899194,1559.902816249793,1
95.55639188526,3.4075030441065537,1554.4856431573555,1
98.14271593965663,3.409140793366682,1419.2585859271903,1
84.32759500291623,3.278951342944358,1512.0178217910957,1
90.76772171832904,3.3544854863637523,1434.5805283796483,1
94.08854063637428,3.2087182912150682,1526.596890008647,1
94.6586281303021,3.393123988196134,1414.1694610591483,1
88.10885908501618,3.249936059473012,1560.392979622318,1
82.15094441617906,3.325061401953027,1477.289002349639,1
92.0507311290576,3.345972217575934,1466.4079561582437,1
98.54613786946122,3.2588266448876517,1505.0611913793437,1
82.86937243651175,3.3831012686174553,1497.7860955010606,1
98.47269950438746,3.3330693306770356,1545.832382363469,1
90.61971940482279,3.4153360322725375,1574.707045493462,1
84.25069386884998,3.3912686184509617,1451.853696981811,1
83.06039976801081,3.28460117307423,1457.0407756348068,1
94.24769581085536,3.26079827810719,1497.1006214148385,1
84.71643443287874,3.412567987958142,1553.1250784729393,1
87.03080257947782,3.2360787691999744,1593.0368039994205,1
98.57068249879235,3.362048682513147,1420.6441549005606,1
94.23578540541814,3.285406020688401,1594.997616602827,1
93.71832339932303,3.3499406239510665,1443.0860760934063,1
96.51497587249894,3.2476410597234384,1393.7584784340863,1
82.53999153575799,3.307917893086489,1572.9909112211917,1
95.79491472669602,3.3048299129462535,1568.247608663941,1
96.24823840213124,3.3673867181054793,1509.2055969432538,1
87.08344315736801,3.241534488563922,1481.079889067577,1
87.73065857008318,3.1889742670270262,1434.8493868037747,1
90.77667321421596,3.3681795106530608,1514.918609673585,1
85.5230133030025,3.2823478271916864,1404.19781998923,1
93.68987921121835,3.2746625320965297,1423.0697561770323,1
93.73491502155491,3.3703877669506768,1431.8554182031758,1
95.37065635416756,3.268472552794022,1452.9140683521077,1
86.12053357246259,3.281230521806934,1396.6803511827793,1
91.1008521933123,3.3015019646370694,1519.2308601121579,1
87.43891613382145,3.346233264104251,1473.4228658819998,1
82.02469774643555,3.31372415344227,1529.8980780272605,1
93.6835638622183,3.3596539479968834,1528.627634841034,1
93.51436939474816,3.2144431177032633,1608.2473851526315,1
88.50345242752704,3.29769752227302,1523.2271935310005,1
98.98138296364024,3.212868946206988,1580.6544032968293,1
88.51637130099522,3.212420375678397,1510.0154426122183,1
99.23326074285153,3.3079525297592736,1556.3014798031281,1
90.66329395304697,3.2718264744702044,1420.0714133913757,1
93.57699308133155,3.308638162692885,1410.2026967823197,1
83.86374298717263,3.348577925220025,1417.6986332323502,1
99.64183473939087,3.365565865612065,1422.032955821472,1
81.80720875139689,3.37871687486194,1574.6787359922996,1
92.73133251736132,3.2551010108807965,1522.481902451713,1
100.5189085056971,3.331374932504065,1525.4008856186929,1
85.85284065253616,3.323094060548246,1580.425095896186,1
93.3866095417216,3.2312404179472107,1486.0819964878244,1
91.04022056184468,3.1711705424360157,1559.4966543841006,1
95.87720194125704,3.313268937053662,1431.4895764615899,1
89.99497049065768,3.334454827456901,1564.5909158798183,1
89.04265913454,3.2187303201312476,1551.0414803238098,1
92.5017242717872,3.361322740177607,1488.360932070877,1
91.99081453621847,3.2073335753754875,1491.2708374516876,1
96.19955276152584,3.3125331244465284,1399.7554086069783,1
90.87718661031306,3.331244560326611,1487.3813262584406,1
90.2415649690191,3.2417664538998654,1516.4838505390294,1
88.85521841030209,3.3522701543205247,1425.907697305497,1
93.07379728588097,3.351807945494279,1499.883770082074,1
82.0461385886133,3.271984199858715,1500.273797393771,1
98.95846597735353,3.20433889177869,1482.7924507210164,1
90.35270742448347,3.3231900194433117,1559.8804586798537,1
87.76945484379151,3.3288061433864637,1514.8645671317431,1
97.6060933761612,3.2671904029923864,1513.948265885579,1
90.56688236033371,3.3605789158274364,1461.3402101522252,1
91.00227934987238,3.2577672179181234,1587.909367996353,1
98.57234694030443,3.2246757207897074,1459.0793458586693,1
88.05404623632919,3.20925613463919,1466.2250648726467,1
98.45935854873511,3.3345203201562823,1421.5887929293444,1
98.78705701719201,3.3037032011877803,1495.3240208311065,1
97.81633624054234,3.3099210501372354,1470.2170298893143,1
100.87536166164107,3.2841041678293608,1467.5517360158658,1
96.93656021816318,3.4035762944189236,1568.5624396404887,1
83.68850207053715,3.2641170007711833,1456.4286253367718,1
98.66408479938359,3.29668964765448,1578.3671634464242,1
92.77321197532562,3.3296074774504243,1448.7602092466288,1
82.34150036614342,3.27092641655685,1401.3335485517048,1
93.95911484424893,3.3407821585916446,1632.2818005389374,1
95.78350131864887,3.212058310675749,1444.6139016173604,1
92.16207748718112,3.3622624265863466,1399.6986244799436,1
90.95265404495653,3.2746220045122802,1458.2559196280024,1
92.81045477779715,3.2980219010552867,1527.4198032468216,1
91.84434797338014,3.259719615306128,1530.030740461465,1
97.63330019231226,3.229693937933803,1503.6843818435232,1
97.09482504897771,3.2148504408391902,1572.7557346442122,1
89.85530849320757,3.3198943475994,1418.3836040373071,1
90.64846523043146,3.178422167768775,1581.9189144996233,1
85.58760566356618,3.279983525743364,1533.5117711618452,1
84.6085370242819,3.424988630847396,1520.4958261691725,1
92.45730376514713,3.3201297930430225,1492.9246451861536,1
89.8149420818786,3.2452543549907835,1547.9461441306405,1
99.12214468708537,3.155872382938151,1593.1096000162051,1
99.49010594092168,3.2478287342825745,1591.5556371676826,1
100.65837921111539,3.264298568423935,1523.176124631886,1
90.13940718781687,3.223511497233114,1509.7530162921737,1
83.3561013471066,3.397974758487161,1519.5366752348584,1
87.4398082338026,3.2065445870123335,1472.364877970375,1
82.46703792469539,3.292565881303553,1502.2680989490404,1
97.34543926924371,3.2115527868206217,1477.429166782202,1
85.25387918836208,3.3474934713681477,1536.2236830769905,1
88.49418657367316,3.329008640905311,1459.324676715595,1
88.71568973721843,3.3819465646383393,1570.6804794573102,1
97.23706645373801,3.3953570087211085,1459.0691549651897,1
88.32585734401046,3.2581045918675744,1578.501247647248,1
98.48575194209745,3.2386303805656906,1511.3597927509818,1
98.02649953067174,3.2486311765668954,1401.745596540668,1
88.88110782425193,3.301946013807185,1563.0809971426245,1
87.58781896510007,3.3744505223524266,1434.1387351500384,1
90.76458939642541,3.355498554912413,1479.2097897907895,1
82.16794950277115,3.226172502047698,1456.2459111611533,1
85.58577659494557,3.332651596176344,1560.7878562510282,1
95.30713717384955,3.3141570330547223,1600.5927263944418,1
83.27967357028878,3.221673431097622,1511.0303904364657,1
99.50268232910624,3.213299136639512,1588.321829814252,1
93.56514319965025,3.253333748082323,1479.4788068880064,1
83.94998680400076,3.329039893466403,1543.1154405887714,1
85.74151737496692,3.373472788862993,1409.9454138019967,1
95.44144008086226,3.208571609182435,1427.2077999908402,1
87.89869692934022,3.3327016519706976,1586.3835938558398,1
87.8631115660586,3.3572255630198056,1434.7605125656262,1
89.24516043258635,3.2060794879578007,1495.7425993066156,1
91.33314358008256,3.2282767837493993,1605.621954601434,1
85.32116045787082,3.2869929521605643,1441.639863013249,1
86.09865388131678,3.3901134518984435,1405.1084790813234,1
84.2276273201125,3.3402432843546026,1525.0659919529744,1
95.68502828451169,3.260309325858022,1463.068585176713,1
85.57410270515896,3.279156254259437,1583.3288386915726,1
94.84595001202261,3.2594301690288394,1578.4332036172218,1
91.31425677708184,3.2433369648011046,1547.4125533759152,1
81.73314644029419,3.2595166268643596,1501.4695883499596,1
91.6917613938397,3.242784712732468,1495.9743958257973,1
92.91949973154601,3.3518917465379063,1439.6686422766763,1
90.27311977590135,3.2491671761721608,1463.1120609545596,1
84.88648663250538,3.289766904061209,1601.001954663158,1
95.42914452216942,3.287498910613019,1392.0850108302025,1
91.07412906131277,3.33889205807515,1487.2366276483453,1
86.01577081846912,3.3919499824943675,1574.1388841255634,1
95.36776575135747,3.409533129314091,1575.7022765254578,1
91.70776412296415,3.311403343544067,1558.504601428294,1
97.848781882225,3.3037476876890204,1590.561533647172,1
96.6403573983831,3.2831049923888447,1592.3352596069235,1
89.83143664489108,3.1945085866201426,1523.0335450690916,1
91.59599098226006,3.260211392859449,1448.2575174545473,1
91.81729626887115,3.296026283330013,1490.1693270039375,1
91.20323715830895,3.24142606728926,1472.8800770654846,1
95.73586151169692,3.355975409343043,1576.6123937163163,1
90.42633789473798,3.2071236821531217,1578.1193187279205,1
90.5109584465712,3.1845839432240606,1388.2031712644812,1
85.37658335527753,3.3864907703627845,1414.804517046355,1
89.47271024642548,3.271649930954725,1531.4738129613306,1
92.95405974439002,3.243547520400616,1593.1962280946302,1
85.23838461433272,3.358186151169112,1532.7169284203856,1
94.73125273936108,3.37447754366935,1546.6292024884735,1
88.28712645806563,3.290048506690044,1613.1830439377563,1
98.37453974768952,3.337739298169224,1581.2850635684492,1
92.54882726094502,3.3007300442291783,1513.4450125176352,1
88.29262275808995,3.2424877498348397,1476.9858913063524,1
94.17227725973827,3.2999583781550896,1573.6201615382884,1
99.13075799890736,3.222178420507279,1465.3050550577384,1
89.13250422932921,3.3699562986697047,1514.12771850906,1
85.87020273489219,3.2251501269988467,1458.7844146532939,1
96.75526094948734,3.308652192690738,1445.9578161333689,1
92.23041639531951,3.352679883519102,1403.7089549792722,1
97.90946925953173,3.305536058181206,1434.303917049733,1
82.12315252783416,3.2318896732390745,1515.149711751726,1
96.12884572076655,3.202470852613162,1472.0262238160883,1
91.96256639335091,3.3945233487324,1561.4973760523542,1
92.28082940596136,3.1875351691942053,1593.2125329128148,1
99.46506694653989,3.390900002198925,1423.0139174610485,1
87.8503347547427,3.2586746711702053,1437.5365838340508,1
90.68548232051585,3.4208136861579854,1380.075683218122,1
84.56564745423205,3.4010748386412564,1501.7331172644872,1
84.0082002508925,3.319747181533998,1464.141257127414,1
92.76166905469809,3.262985077497782,1594.2439781300582,1
81.66431901397951,3.3969406710406465,1496.0253818605502,1
83.90636061232071,3.212931271244907,1521.7639272321378,1
94.98549929931335,3.376864293852445,1517.2162894464402,1
90.5669610120413,3.309982281598737,1461.3827587177454,1
84.31377534018208,3.3762962861858687,1493.456637442472,1
99.66014011280174,3.239184201651965,1526.2331729814282,1
98.16294627065878,3.2275147449013084,1440.7466585741518,1
82.66444084825498,3.3024881707673526,1473.9447957196016,1
88.41085479824663,3.2345718996309167,1441.220924680085,1
87.23687767608392,3.2324964568450336,1444.6158217053464,1
89.30976628129075,3.304600248140529,1565.062662200449,1
96.9610065060374,3.2828041778219634,1474.8617433616107,1
81.73816273198686,3.2156343554334565,1580.6921570061168,1
90.24901284724098,3.4061932230126035,1541.6988924819614,1
97.29939517662814,3.2468212312053297,1533.6504129091998,1
89.01616357771697,3.363573118225525,1488.3079335421653,1
93.53525890804423,3.2075050353869754,1558.615828437686,1
95.85263791733054,3.1981198708833087,1552.602613550821,1
82.8795210381761,3.354684830674866,1450.7665056409003,1
81.49251661986067,3.342249562939394,1534.5781360611784,1
95.15885255054447,3.234381367848524,1444.5889911978627,1
84.50631970601137,3.328852067426321,1429.8973004476004,1
92.24621586849129,3.230955219100761,1535.4395944683026,1
90.05069613535397,3.3945242159573485,1500.9952682722821,1
86.8406036958879,3.20472886790475,1577.3604773330758,1
83.75438998552472,3.2296097596293025,1553.53892615298,1
97.45455411192016,3.4018168108086972,1429.0259759276246,1
97.74823422692735,3.2081550556291294,1574.6321403391948,1
87.26219803284347,3.3131997986525836,1605.1255725792935,1
99.66576950678541,3.330190730535895,1455.0671682651823,1
82.18161931598766,3.286679260098222,1507.501573799968,1
88.10941310221587,3.2527532652456985,1525.2254765675734,1
82.8774759693134,3.2974546101471867,1445.2879720644974,1
87.38632824214143,3.3786691166480014,1400.3609377988196,1
92.9446412387779,3.1729827543034688,1491.2085014578595,1
92.62513300217806,3.341425724750141,1396.4678789220818,1
84.5000687503747,3.2394767077492665,1500.6559434304704,1
86.38633655246882,3.3570671891756008,1484.4748157743384,1
92.02501047655878,3.3972855013297596,1556.817792349138,1
87.39343207410063,3.379415783289751,1505.7512608874958,1
91.90499187622964,3.278979637436298,1510.0033835729355,1
84.94301981523301,3.3222360294482356,1525.7695052775503,1
90.4091333371588,3.2174765362151225,1581.867414918671,1
83.78961546147904,3.2715177394206507,1484.9331591411667,1
92.41722785764546,3.3111313056727414,1432.0006043361564,1
86.50651810116526,3.2770370872236336,1489.4424985554695,1
87.08282323138992,3.3696569584046014,1490.2555078589335,1
98.10756216012497,3.232060932521407,1466.4483453375376,1
87.24638814598846,3.228506857181288,1421.5332646965242,1
88.01189087557275,3.3368791513810363,1487.6560855020043,1
88.06404975240407,3.2740790930439316,1582.7478298010221,1
97.17094546523134,3.3228314728288257,1461.6398318713425,1
95.84141630395536,3.2526668096371116,1400.0497610302984,1
87.86081016984959,3.2504323377026236,1454.1012717529863,1
88.8342637386515,3.222072129557363,1380.0080333228539,1
88.62440791292246,3.368243425732773,1551.6228110044956,1
85.06982883780567,3.2211976343633673,1445.5759915627846,1
91.51326694998328,3.3653052075879994,1590.1785853570266,1
93.33060234527912,3.3091064204040803,1598.543807591248,1
84.47746212428065,3.3083172399558918,1386.4351099491878,1
87.13319324332468,3.367486832354293,1564.8106898963863,1
88.88735459264556,3.321019865760796,1416.3806501916222,1
91.48389299225211,3.3262683231612225,1521.1139855978113,1
85.53655078918095,3.32293213588573,1478.9095955384796,1
94.51533136484059,3.237054972786839,1496.7465981139526,1
98.8446787612078,3.248484674089088,1556.9480496974502,1
86.92824392211756,3.366663010482297,1543.8575526337756,1
85.12641686160262,3.401167410291234,1522.4400104392391,1
87.92438716492886,3.2692890827638723,1528.3345501409833,1
96.09706697274676,3.2104627945456587,1425.8999463532068,1
97.83394388458773,3.315224442750323,1603.9531894142774,1
88.65735265404685,3.21941684390789,1426.3614114584382,1
96.23476322792867,3.2266152365909706,1400.5560992974044,1
91.82247387864045,3.2744413380830992,1419.9511577969308,1
84.1895275458716,3.299652641639891,1507.4743437666916,1
93.18781486597143,3.3048434599071577,1492.8662872364441,1
92.25178615870766,3.3410611157809598,1442.513304705642,1
90.35794056994335,3.2795402024433558,1516.7212286051963,1
84.94624255777632,3.2949011478434174,1410.3017479411205,1
89.60154065393064,3.256778300469511,1591.1587987953128,1
86.22410206891392,3.338343919063418,1459.7863180273307,1
93.65881377426615,3.2936714111659624,1424.814744550929,1
95.01686167864331,3.2297152264234255,1560.7539463157063,1
89.24360941968878,3.3255907517012755,1570.7369314725788,1
83.74889932064129,3.2691952203596006,1540.9885776380622,1
84.03640481871072,3.3024139186544557,1487.5425701509896,1
87.93044510438563,3.3785099023893124,1496.8503601370119,1
87.27169237369512,3.3950645107335613,1573.805769378261,1
95.1408466812349,3.321339945811158,1617.0214289153973,1
87.5406118091875,3.2610136052200587,1423.145061168315,1
81.48062566430292,3.3019987585795687,1428.3722102946335,1
83.89254374449118,3.3096935010901753,1493.8852124094076,1
83.56434548765493,3.2646643640003257,1432.037484677518,1
90.81499074796245,3.323258328369156,1413.970478727818,1
86.94806910864655,3.3989472147804305,1584.8796108703618,1
87.6816815237091,3.366259986887414,1535.2263585700855,1
90.47702898002031,3.3384669052502094,1559.0790374067014,1
95.92784982607056,3.1957336143627377,1542.2437246570535,1
88.95636067884242,3.3603943902171034,1439.8926249483598,1
86.12180374237967,3.342131050830107,1485.4855243851282,1
98.63276091142052,3.1983236609738097,1459.6399151542425,1
84.68251434423155,3.1945174994895984,1509.4461992601052,1
88.71283765609654,3.3551678695450424,1429.016255553174,1
94.26415186261389,3.350040811829483,1564.2312804898386,1
84.49482573817234,3.3754570898118854,1395.7817562895507,1
97.64891572784444,3.343672512253823,1491.9668669322773,1
99.61214637195698,3.308988152546528,1419.951778033392,1
90.19944638730186,3.3035642413777446,1429.2686366779271,1
89.20993798306536,3.338387240696628,1509.0964074028382,1
98.24606947410165,3.307141557047111,1469.9718962881557,1
81.95942304782795,3.391148108141595,1614.5843017897341,1
82.32293904910102,3.349912564462225,1450.5541168971026,1
86.23000354587228,3.210642864102488,1530.0714587327304,1
83.08027563108895,3.2718212569594436,1448.2169599536455,1
94.60627735941779,3.2170584590497424,1599.3915600589398,1
91.54654344244577,3.3312021939281022,1560.4562228655402,1
87.06381995027917,3.227082218409602,1469.8361189867255,1
94.21290879463879,3.35975861199554,1424.2509581294503,1
87.55225112095685,3.273079712127026,1527.5957774179521,1
82.04836810959787,3.39925600793215,1532.8079064240944,1
90.72539686113042,3.2573929426929507,1415.80813201673,1
97.4302196608213,3.3734401855166087,1521.4656567786208,1
84.99956002561576,3.359223324563837,1502.1558267263024,1
88.82031676900053,3.400144634328885,1469.7252982307323,1
88.53148423855215,3.2419759142687283,1543.2242798016466,1
84.68592625000673,3.1738582593797386,1546.3030840629344,1
86.93890711316786,3.2120822376829805,1464.8261613548993,1
89.2704593214149,3.3018660488550324,1430.9924751333067,1
94.18660436380108,3.3501000359578152,1521.2457932591406,1
93.7317194318128,3.2016525015635815,1610.2176075685438,1
91.91292586859173,3.2275190123950708,1476.9612601525569,1
86.62519058149817,3.364388420300484,1548.9371955697209,1
97.10944667613506,3.2125597039948732,1561.7047633245518,1
93.0879094235018,3.2747557684203494,1430.2055470536895,1
97.91096367285955,3.2857050408161514,1469.1241066083662,1
97.001495712354,3.2808568858164144,1417.3079542466267,1
97.7259004189301,3.369860458583736,1513.6143954962276,1
97.72193075349335,3.34724431297606,1632.922188282057,1
83.49632566773192,3.3824333065536174,1508.335951115935,1
95.46195454804352,3.3634980936176264,1604.338141851965,1
83.69665537157483,3.2112420980994143,1549.6513047172239,1
86.46891623005146,3.301726229063065,1480.7155614983633,1
97.87410963468406,3.3052973208912717,1495.7869199196705,1
97.7060096751753,3.3447289219721172,1560.9487455761584,1
88.49025224762931,3.3447377243944723,1466.7897784072684,1
90.1137450327436,3.2399924206588433,1529.4997390075746,1
95.76118023493194,3.195274328027591,1531.8206381815805,1
96.48820953264283,3.2293755992971143,1404.731689299098,1
93.88926579374402,3.4052326280769107,1414.0396939410118,1
95.78757667342556,3.2491210766308396,1516.7941303962364,1
85.84394871268474,3.1814328893095705,1424.0898668951904,1
84.0504589482675,3.372584054295189,1494.241964383973,1
98.70259369147932,3.3036448562281113,1410.2787990563982,1
92.70408780046417,3.307227822571614,1501.2820330627012,1
97.95754553578244,3.2090645331649448,1462.2189032612166,1
88.95334862579031,3.395180598133701,1511.408563077718,1
86.57698396763733,3.2278551276177323,1578.5543475695756,1
93.42241665111418,3.382228847653857,1542.0173377503984,1
99.75503098243374,3.2874393661291834,1410.2106140487722,1
84.25270284433962,3.2999177960450106,1495.0860365622577,1
99.10127653062162,3.3361056572448904,1426.3065094074075,1
94.89953174393077,3.349522674455356,1547.7780385714245,1
95.56374299724973,3.33629321343135,1450.3087636200908,1
88.44568313801615,3.2276033198310072,1409.9156253764907,1
97.16465343124206,3.3433830186542304,1482.2155849464475,1
96.99114419777243,3.3451308933260915,1477.2575310669133,1
98.40398077765968,3.246463651497621,1419.5366352543574,1
92.62741656785057,3.214300681228517,1525.1732974666863,1
91.21261236375919,3.2233655086274626,1503.74688532157,1
95.07813915250729,3.2372956431112114,1479.9775181202888,1
93.87461082028183,3.2383372620503614,1557.4230371684996,1
89.02338947533276,3.232981498759092,1539.1102546070128,1
96.12615591947906,3.212065019643383,1409.2278022605917,1
88.09676055383146,3.417770772076763,1547.2109348564966,1
89.87989614126147,3.199177544214464,1461.8327991635304,1
96.5408320640029,3.4200838956563873,1415.475885505669,1
87.24634160355546,3.3970479732088075,1474.9084469284842,1
91.75402967811468,3.237057463866726,1427.694373873437,1
89.32494397616671,3.2446081979195114,1581.0788819685688,1
81.94942042685494,3.3477263443453604,1497.0830875778308,1
90.17391777696997,3.338148072338863,1418.044369458788,1
85.17194051381266,3.380564584760621,1481.1266034337646,1
93.95256790186424,3.3998144098622753,1595.0538238872816,1
84.54237168341596,3.241337271871993,1483.9380015898146,1
94.51631908500975,3.256166213015514,1538.9934497369907,1
96.23093082085141,3.2105674854886344,1498.359947318865,1
80.73661184883144,3.267556003043936,1492.6400961117631,1
83.62588901716663,3.2661131901006937,1512.4999688652924,1
91.53824621717594,3.268976082781785,1533.4173613088008,1
100.267831217192,3.2859294375920616,1478.8818570875205,1
95.76798676007438,3.204404083670556,1604.3579996428712,1
93.2947419636226,3.3528411718957987,1616.8803862536595,1
87.55419858576143,3.2271833304516377,1511.3343878098472,1
99.91641312771156,3.291566629269717,1438.5293785631325,1
85.52072618403054,3.2743917992683196,1584.9132909816128,1
91.94569307748432,3.3792691968702133,1470.3089616117459,1
84.63445175834923,3.2378839045405408,1413.379293638408,1
93.47465853441648,3.208102121767616,1497.3229512990938,1
100.08559248460448,3.2434977141381585,1583.0506303858863,1
84.97827058685961,3.379963472904147,1463.3325140315933,1
97.77223572136656,3.200157061400906,1587.3792273045858,1
83.85955843464268,3.2731792953949,1454.5489959755105,1
92.93172981714456,3.2802073786068906,1466.528777113949,1
100.46609892181577,3.3190788409640737,1477.1683172385938,1
86.69672544095012,3.3754265249468562,1607.3553128681888,1
95.19581024690204,3.3287106894425693,1414.5374098528423,1
87.01092701840211,3.3843875637071514,1450.222494786834,1
87.9489448460343,3.2773794788790105,1485.0598201375533,1
86.38357977608581,3.354863017989638,1469.435402844849,1
94.9654213250351,3.2657923937407904,1577.3018134549275,1
89.62430388100373,3.2857866379271656,1497.4621466667884,1
87.85030879447366,3.2098856561444005,1570.2426368728625,1
91.13471610215083,3.3259907235822053,1420.0487519075248,1
96.06779935976488,3.30862631762025,1445.7900776388358,1
91.11125306736398,3.3011154223166823,1463.2842974676348,1
97.23878686953819,3.381689204400584,1475.97789698934,1
86.9062038035387,3.314798853294319,1547.7017394795917,1
87.08104225903243,3.357707924775086,1544.509824401634,1
97.95005950342144,3.3151265639935685,1425.3441121259336,1
93.47693791502135,3.384043915511747,1528.9382148594666,1
89.54489624034781,3.2713333170431147,1602.1297360874748,1
25.16936109959099,2.7436123862774,1411.1852310456472,2
27.08309806872085,2.482182070321498,1594.0881726097525,2
26.15755164722123,2.7474992118427495,1494.9738262004953,2
30.12042178372825,2.345263570041274,1550.4034263767307,2
24.981637050924373,2.7521520208630155,1504.8303081612355,2
27.871740981750957,2.416605074390446,1493.7847056739367,2
25.916386222028763,2.726914303663127,1424.3736130330371,2
30.041666087131453,2.4879528358230214,1454.1443363694652,2
30.366339745786508,2.9368216045009587,1544.3753764676635,2
24.402784753690256,2.708660711684062,1600.255612251415,2
30.88081090326505,2.378176428639304,1499.2052665334036,2
31.003517331686485,2.5058263100426927,1446.9608138481321,2
31.74783297906122,2.3302241324314905,1448.4047370004594,2
29.917961143712123,2.7823616724185793,1561.4537396866185,2
31.02850174328559,2.2593854017209734,1440.288836120618,2
23.70020772944716,2.6771703398721503,1408.2301459163282,2
30.723943901339165,2.4152279319494094,1553.9912708142092,2
30.12567362751055,2.951524792381302,1465.7806652164359,2
29.40196146356255,2.620318656455861,1422.616704245274,2
25.321340113820867,2.840292499017418,1585.4139320359461,2
29.07466828171544,2.828347448284839,1499.5936500286352,2
31.914580625716134,2.730881446317664,1536.7945412029676,2
30.704183424187185,2.503914082234893,1487.662824371934,2
25.571331739972663,2.401490625751192,1472.8115988578395,2
27.65020638634598,2.6566555735046182,1428.9846356095907,2
26.13236257114492,2.890675121300533,1476.4441581013728,2
26.170994539962997,2.884423770695499,1502.7766771114132,2
25.426950804172673,2.9865026426866166,1516.2281209247553,2
27.12739236406072,2.537976458471193,1526.4753548970725,2
31.278416083022517,2.960450184135153,1554.3279677727664,2
25.211298681349696,2.2793375957352677,1507.8084761205264,2
26.024114460272596,2.6699668723506877,1422.9961338518674,2
28.649114261769235,2.2806696119282623,1466.1749915914354,2
23.97313830026638,2.305945148660484,1503.0360066060814,2
28.55444786628337,2.4481425359622757,1509.7254797770709,2
26.270918637374624,2.4500466947813075,1401.9094738105969,2
30.230786907090607,2.517622043820991,1529.692979976452,2
29.277951004791067,2.466814175339416,1478.3920131605007,2
28.09086246216518,2.587673823502176,1475.5321337193855,2
30.425108079492045,2.3493126492621528,1453.583858018468,2
26.915964465736167,2.281700334448692,1533.505529337084,2
24.54586221581871,2.3983008699594377,1518.9782751487296,2
24.404298437333708,2.804656488188975,1433.9431955623438,2
25.44581050258208,2.258728074957497,1501.5790800096404,2
26.15337145583532,2.255228362855453,1531.9969715562684,2
27.677725023358327,2.7711100508183324,1565.2148993985593,2
26.912980916112467,2.6652460022221858,1518.631663517651,2
27.09265572548101,2.1955572757726265,1540.4261550646297,2
28.14918419276031,2.5775964410377137,1407.8409994766675,2
31.0383365924828,2.933342467244813,1588.389602206357,2
26.35758959812186,2.4561657050420735,1568.0866713622036,2
25.068204115392387,2.5662858051777833,1510.5209250477944,2
30.376470542059142,2.7714714255454553,1523.3043469789031,2
29.318375173633406,2.290956136667331,1510.6906412606545,2
28.846954775773717,2.5754063757138836,1495.7160145417033,2
29.814176577435838,2.604085968872889,1499.3982269944242,2
27.91082530472889,2.534387200493206,1446.0199006203381,2
25.501378760743176,2.2221064793285548,1481.4735384662906,2
27.998993210299826,2.925756380206689,1501.1005677073028,2
29.73606553222278,2.918837446736877,1571.2907597209405,2
24.12203529638012,2.447603575254975,1482.1311916367424,2
26.711808438002155,2.696879531069891,1423.5842419681271,2
29.17840999657816,2.347677717052803,1538.1323732770236,2
32.59334597374602,2.78875754778159,1434.1982635453758,2
23.591168044332104,2.3889882772051982,1426.6760255922989,2
30.81989099522093,2.371497062080274,1495.980652954454,2
23.656667922062734,2.6048975461886337,1485.5904747671814,2
30.951555473460104,2.8177721824833175,1560.087990796708,2
30.778762615857158,2.7702355513275867,1582.7570735010465,2
26.657494080331492,2.379337251068536,1409.3817149825363,2
30.419651520193764,2.745558786488939,1523.8915562101597,2
28.04927485852757,2.583323769499455,1399.1439560054669,2
29.55199553462352,2.983692772799555,1469.0332048802668,2
29.372466819009695,2.7952203415494874,1514.0037221732018,2
27.6949720320982,2.4173723478972224,1544.1731118565226,2
25.70576201602385,2.3183456774987183,1427.7092416346177,2
31.318237521867164,2.4695685699208965,1585.6356149795936,2
32.453404293860956,2.5169374942536566,1476.112174011841,2
31.72744205222914,2.8142089846218687,1484.018224930274,2
28.98250434672538,2.943087235998664,1502.8409893513347,2
29.396297726546024,2.7719289863749843,1429.5380092074006,2
29.141703953435655,2.278608855543673,1605.8423173262856,2
30.264511808374184,2.7137697452784093,1606.6967578575227,2
24.661301030569422,2.340527330069627,1564.713783411823,2
28.184351061057242,2.364550648435056,1546.5785053785244,2
26.647662833123924,2.3184524261331596,1580.3324347077094,2
28.463821912544837,2.3947682973274578,1401.870806357049,2
27.70797251018623,2.320561911001546,1494.5490052667753,2
27.425586518892345,2.3543686051585806,1541.6067850652269,2
29.359487509101005,2.7755805216008973,1426.5732568833882,2
30.593963681814646,2.6525024617146813,1438.1890436841445,2
30.321294152193325,2.2532627195260733,1502.4218299611268,2
32.25495329902612,2.2464130587795426,1547.21563123963,2
27.950805351498204,2.3659086955870414,1530.979476378975,2
29.487106751385934,2.4976150610533154,1393.4468041462962,2
25.89684587891068,2.826875896882948,1538.7491136523072,2
24.697892164044877,2.502303784106375,1558.2765497043813,2
26.641164973698963,2.7218864930921947,1465.9289625897509,2
29.182203005481085,2.7249132394701427,1433.6678738280455,2
31.471866585214286,2.1943418173636706,1571.2350746799739,2
29.96845978182374,2.548300514167769,1570.18961987021,2
26.966849238688717,2.6103698905966586,1462.7300974310667,2
27.495831553936053,2.930234166058093,1476.361867262504,2
26.397401496991417,2.198809297156041,1611.2211762557845,2
29.74573303674054,2.788713711855598,1616.8338296595152,2
25.179648153025685,2.842211086745412,1475.6688180233632,2
26.39784654940812,2.457865504808023,1570.126609531322,2
25.801067093265356,2.442362592315055,1582.9995180391834,2
29.187615311961398,2.75690010992889,1431.52837122148,2
28.74678134524808,2.5494693004442652,1464.8330206887858,2
29.861335396536433,2.598889778102172,1527.341867569832,2
29.288540651466306,2.28919261434359,1522.2809856147978,2
29.252568389496783,2.933980556742283,1518.89725823646,2
32.63443053414018,2.696548275047352,1522.7090360607929,2
27.106263900295485,2.254741785432005,1586.4835940207931,2
29.399251379436866,2.3467124338473035,1515.2476602154209,2
31.16780847033721,2.406567067079105,1495.7884375863987,2
25.18243657540069,2.3332032815427977,1488.9436657065146,2
28.93472658705308,2.241086681081754,1423.8208791770476,2
31.38813474148127,2.813030023336004,1571.9365467510772,2
28.7690727526934,2.32176564504408,1399.9096343993656,2
25.133927672227895,2.8146086745054815,1531.4183628942621,2
26.66369907855029,2.350555433057151,1442.4940944628488,2
26.767602922911376,2.2421914688606535,1452.8012959619903,2
24.887644479112105,2.4128617484885213,1524.35759187361,2
24.49939698354972,2.422872878235542,1445.2265532820584,2
25.996292591575333,2.9248863559245843,1591.4904813416144,2
27.46799042091291,2.907943590399591,1550.8834539921997,2
26.356863280947366,2.5180635175076658,1572.6724199916296,2
25.160058675586452,2.8935334466405056,1487.1198276044051,2
30.48804731239352,2.572287546706311,1395.090144315473,2
28.2976718846063,2.587836832321937,1584.0208803580038,2
29.399712808630312,2.508632814949537,1452.1558505489706,2
25.700904655434226,2.1749878741484396,1550.482098588922,2
28.991342639950286,2.8829513195855516,1589.156544975287,2
30.69240984815595,2.268348014035955,1616.4402821341582,2
29.9398030534792,2.9476644005721964,1567.7651653230491,2
27.514853943722844,2.4827263003587956,1545.4585812839798,2
26.963658063736634,2.216501376351036,1389.6053426537992,2
25.136725383674897,2.448418615762314,1435.597430835653,2
30.47661376401572,2.545650745937652,1519.2681934183493,2
31.07704977589733,2.6773380573406014,1573.3532912171972,2
31.22318663604897,2.389415619347209,1468.5710745179529,2
25.031842008708743,2.6497264313817612,1392.777617634636,2
25.301826699610135,2.4632269078568654,1493.773950510862,2
31.021069705592055,2.9215238305849085,1454.0395632743152,2
27.715133248515723,2.3135037109466823,1482.2133324527297,2
29.402110816548056,2.3642634032138456,1514.4377775770988,2
26.925642933112943,2.647898201823025,1408.0391147896748,2
30.798016644580613,2.218860910302867,1394.4647274663182,2
28.876224009588945,2.6417261999164925,1433.4979001416932,2
31.369305677078604,2.891759700869635,1406.3682369440673,2
28.010102154728507,2.6130728164584425,1546.5231690650892,2
31.811683924536606,2.7775251271236274,1458.4525537300337,2
28.35327140861343,2.3822540970920696,1498.892881785896,2
27.940877814772406,2.729648257390949,1451.3125862525765,2
27.819078613362027,2.5593042016505434,1570.3812129341397,2
27.82471711244961,2.3978273403594588,1476.5231722675935,2
29.909617909016053,2.886773699647499,1475.3840686529031,2
29.047693272761624,2.8804943839349684,1560.4107385292002,2
25.838822070738054,2.598051045489955,1551.2807949078672,2
26.642125276654944,2.5587648707034547,1446.5705945345014,2
27.623150151242697,2.554365847869538,1451.0513825408307,2
26.743970567211765,2.5675777664539092,1501.4149365084506,2
23.917843920283794,2.889513954681142,1471.6845290922934,2
24.818892867568373,2.4564308440339206,1527.6657455705124,2
24.37931836715168,2.6540833381437383,1577.1906405581951,2
29.71131882311545,2.475745832918517,1470.8298034319935,2
27.21678058075649,2.4016598710631585,1437.0167011712697,2
25.535118920330614,2.9509682829350328,1574.8322270080566,2
27.935768206345568,2.952290756584238,1576.434307132205,2
26.188313821999966,2.2219155733797527,1592.3065602757242,2
29.89520986235416,2.816701472595048,1509.8539075600552,2
29.61140463116776,2.6629037025301647,1475.8202915796714,2
32.39628415006428,2.2522431212324245,1420.2064959722695,2
30.88828151215209,2.5105957171861086,1392.925476950787,2
27.042474429453794,2.253376156154249,1520.6509686670495,2
27.33814098037785,2.6348111289921574,1451.6231792030842,2
27.54782139500226,2.8925593506789027,1555.2672826234461,2
32.20134607772588,2.6525024972154996,1397.5239193434495,2
30.062017175767487,2.7473653443971746,1531.7068719161066,2
30.704414677155025,2.883078306441135,1437.4191866207525,2
29.13830098029955,2.532165312615162,1620.1744892362606,2
28.674059646045528,2.4791318373815185,1499.2862346374798,2
24.918650228669158,2.6702171646036197,1409.7543678285956,2
26.722855334754716,2.4462737769115965,1450.8807253568477,2
26.467907729028617,2.2044150289425524,1573.3199473024465,2
26.98614268881048,2.414718228225624,1493.412658228328,2
29.085351301452995,2.826078394244759,1464.2859632745244,2
25.638559537866467,2.9826878599677387,1597.5618828986512,2
23.937019363186607,2.5249957188001404,1459.52089406501,2
30.732399978099373,2.504223487072169,1576.5699323456113,2
26.49387893486321,2.3253249091825916,1449.7188660824145,2
23.82944760522139,2.6771510087350747,1437.4200564942746,2
25.05171798994537,2.3308979378827304,1613.1486123402096,2
30.889653486783953,2.2868904654820663,1479.6432696059678,2
28.418539817764067,2.9593581008607357,1427.8374001670197,2
31.07051041696175,2.847830156327809,1544.153245265153,2
24.475609859587507,2.432534932134269,1489.2865506728374,2
31.283094523784776,2.2649093879191096,1537.9210380827908,2
31.168215857682448,2.935403794330659,1575.2073225726697,2
26.622924310984335,2.5754939045329026,1443.2456752287067,2
29.435806351279336,2.29361944290358,1424.64677780598,2
32.357644015297545,2.4661467352437367,1413.9958351524824,2
23.833087617663022,2.502783557915776,1386.484878522424,2
26.558198863471176,2.680838225924523,1443.1714662135169,2
27.25237350253572,2.8376648117334513,1503.395921316969,2
30.23252117243313,2.7694611618427856,1430.776694138423,2
31.418788489426692,2.874651593092363,1516.6999667778537,2
29.138835831399543,2.764097438626836,1425.1594691226042,2
29.47676826875855,2.490077407273539,1559.3619290320894,2
31.02425317342224,2.767705214079941,1527.1286869390872,2
25.659963469068483,2.8061845609738247,1491.1323587612408,2
24.53951452833943,2.8243201147455093,1461.8423085037844,2
30.050773048677115,2.859430172111547,1485.9088373585746,2
27.844202585388835,2.823632375804225,1538.6930603874443,2
27.763060434646587,2.273587661927913,1544.3726473917038,2
29.64734622839454,2.626609063462605,1479.9453488418644,2
24.580780284257955,2.940716034973984,1519.754279422092,2
25.52362302004206,2.8383279465927735,1507.1357375994007,2
26.76626098537703,2.4243680994967396,1426.6355754907854,2
30.867412203430526,2.7181504219221337,1563.8980352313904,2
28.099513987488493,2.2171175050476406,1485.7086004670248,2
25.18476341260637,2.5193398814169385,1493.3634043069223,2
27.25190874437873,2.8162463495107173,1537.6512684191398,2
30.858624562555836,2.6795067994104556,1585.3467459174985,2
27.549731259533424,2.7475224699850953,1427.784919334666,2
30.1071741473973,2.3271628114895617,1502.9663760526512,2
27.184278815790368,2.8448277273229747,1441.038531177086,2
23.977889302108956,2.4946300048850927,1597.0283056781896,2
31.612616346090142,2.862581193250541,1402.710098425538,2
26.733028724255355,2.8941666244007003,1480.6791018250879,2
27.317810925951715,2.87890908481855,1568.5099339452254,2
30.126161748134404,2.7341765205129884,1566.6516349247677,2
30.740713731911722,2.761375308979293,1502.5103242070481,2
30.650910617676168,2.396548087370982,1511.951772056843,2
24.98775672042551,2.521728590778458,1531.9325785451751,2
25.584560627381077,2.2425257254819084,1502.5886751599699,2
29.819275436907827,2.6087620132516043,1525.0534785882428,2
28.13149753884949,2.7857624883187464,1593.5590261692932,2
24.813065800108163,2.8696856939684237,1452.5259578486173,2
24.401836834116427,2.9343361415215514,1523.700511783854,2
25.020585750192282,2.3910467787684513,1430.8028837039017,2
28.252788249914587,2.393979396509244,1608.8282694929844,2
28.756449882850426,2.602329640815206,1500.496418215474,2
25.968131497234324,2.4028698893482185,1456.9092552813754,2
25.042468175673303,2.4720439346517327,1420.4249053245937,2
27.366828381819037,2.683082317339404,1562.7255615676152,2
28.478072153326575,2.5552327601514175,1420.4172773955456,2
26.08332262961217,2.876190071221001,1593.3799253666036,2
24.53036046185207,2.767944558640304,1422.9215919971666,2
29.26077654578891,2.481174437942898,1429.1351696176848,2
26.857361943528336,2.9014984910059987,1524.7718773898791,2
32.10642953144093,2.2248166369888045,1610.1677863195646,2
25.51911480419358,2.8565269659585906,1480.1624407934796,2
27.35863773787908,2.6966579134731035,1444.7075723592197,2
25.99502433236941,2.650058975519148,1558.74770902223,2
28.8520085581962,2.642085536412947,1533.1451261407217,2
24.263918972431917,2.264391891174589,1540.2456334589137,2
31.297110115057432,2.6564171756912835,1382.343626368949,2
27.010731744377942,2.3853561056025008,1558.7275268444757,2
26.53269750552761,2.418669922885347,1484.849475128239,2
24.32502718647341,2.5215827346966075,1556.9194304249284,2
26.83333895156316,2.7635783207436675,1504.5070441494602,2
25.45225040416681,2.946521870443395,1594.4804454713078,2
30.16225672031184,2.8140113174454315,1479.404986495883,2
30.821092521012215,2.8412501464201743,1508.3745239730972,2
30.920171770134207,2.7463414083383424,1546.4164364154403,2
27.47977612320106,2.8831205942224134,1526.4700489716956,2
25.204137926300376,2.3602706618623293,1445.14730117942,2
27.391399804569584,2.612631604582155,1428.523820549502,2
30.04957750552382,2.8525278877753077,1391.2129353541734,2
28.08999386499027,2.2833224421144624,1524.6716516177935,2
29.776022843345288,2.423627126366175,1551.3853296332277,2
25.419850835717735,2.2696789808342435,1585.511242688137,2
27.29557969454302,2.6811029971533396,1535.8456038875709,2
27.934039987270328,2.4820871410797696,1452.8812854310518,2
29.226576745680998,2.694934575997717,1528.5962207271089,2
31.41969359727546,2.5377276655169583,1472.3559301336127,2
31.949244344041162,2.7635202660678426,1593.4202848119203,2
31.035500408855736,2.563958277356996,1599.775242189118,2
28.973292495832663,2.559001936567303,1590.550792149012,2
32.13663950025323,2.6754440642385355,1480.7244107680303,2
29.048282309456102,2.8306502689660054,1510.2513050754176,2
24.877144446364603,2.935154447892731,1508.2143100581338,2
29.463362638913512,2.790779116527505,1511.4807403940154,2
30.858614815070368,2.4819121951139396,1458.6912083563575,2
31.257954875095773,2.477883837771374,1370.6523837844425,2
29.513314416255625,2.8307947420494166,1481.9108482015818,2
29.67854862065309,2.533630706531266,1416.3543672143683,2
31.37809993573535,2.701252748454789,1430.9515498804847,2
31.09141187589204,2.690714675962304,1510.0574787216342,2
25.266908309537317,2.840185135551828,1597.8510005855237,2
30.745423816564887,2.587965616813916,1548.3071806430353,2
24.870686313845304,2.6053934953506808,1528.8400522040192,2
31.47075715686233,2.5124840296969397,1558.4540603205555,2
25.935899380750573,2.8519124411288033,1407.2972976640042,2
23.655194493684885,2.302440627001765,1541.7827246358233,2
29.576128769135007,2.402083097867266,1417.4029201559142,2
27.06252878808727,2.2948448882247368,1608.4154234751713,2
26.078766936812183,2.821254389059087,1428.6106629661817,2
29.137473441026316,2.3994978496836588,1476.1690203867518,2
26.43997762406101,2.7220905069954453,1449.2436457998824,2
25.100557052890764,2.631816403971488,1461.1045320660905,2
30.25691997212581,2.8347201985017527,1560.7418479594173,2
31.917942856047496,2.4315861405585815,1524.1903552614433,2
27.150433675493375,2.8929090573412677,1581.6219907908587,2
29.637339763976534,2.8840504842187635,1641.221618983437,2
25.20240945204242,2.7730919683919453,1620.3575434591137,2
25.442437285638444,2.4982962738971923,1504.4240176752078,2
25.67903819634166,2.8400577186767504,1530.9503836102651,2
25.662107634173402,2.798550674530595,1551.513380539973,2
30.44176844887005,2.2905382027467773,1509.9944266533885,2
30.39446039393462,2.72782383808975,1579.8392411517748,2
26.374145938536262,2.7293698137335745,1487.9749520942516,2
30.010052541405287,2.6371903539677444,1575.552040485344,2
28.97978215525193,2.4168983976126004,1592.8557860497565,2
27.721799582196073,2.4642840517365556,1469.135916773484,2
26.945045667421617,2.9409351926337424,1383.718046543645,2
31.044236015854054,2.4785847129695053,1436.6525262988023,2
31.985562177904455,2.7719361451324374,1423.172294683553,2
28.564647065838955,2.531496954071529,1597.5607402717287,2
24.59323722614441,2.807475517863642,1447.960951126701,2
24.404757850150823,2.2586889318221277,1547.2852169113737,2
26.257255426968243,2.257694221419151,1424.7822897878068,2
26.043253567977466,2.5832620241267894,1585.8665716000705,2
31.998268550762173,2.23445116229921,1505.0744564560434,2
28.3729887391736,2.803716398916645,1456.1473824382256,2
28.340536047728012,2.718600378273015,1560.5260592421628,2
24.18268352010577,2.6205477327660933,1573.0178540783866,2
26.460284681376756,2.604890487733988,1568.3196783814446,2
30.496695736767254,2.7094942715574803,1580.336423066331,2
27.162160193645843,2.6666131995537428,1410.8841034360403,2
29.12179246855289,2.5091951922319935,1557.4720259163373,2
31.501085885772902,2.7496479924845003,1575.146801765242,2
32.65598768193647,2.745817353120771,1509.8773528956103,2
24.960439604316296,2.8852434895857417,1486.4395862385693,2
27.533417349519336,2.2216673473795305,1467.5787405725807,2
25.75396609274666,2.673253954780159,1562.3654041533564,2
26.337111104955433,2.1737940066962964,1449.9268300284216,2
29.78444077716253,2.64125672687447,1541.9352726478783,2
31.490176215334554,2.3710975856781498,1565.2223816410467,2
27.877856103182328,2.426726170834493,1518.1914213101682,2
31.380499888631498,2.4376230797150793,1458.3527667025228,2
26.954450418981867,2.3735784821168164,1542.3433994418995,2
24.55274181819691,2.842780397440879,1409.7299228873792,2
24.175687165096463,2.4342630287017393,1499.8109920605775,2
25.733042849230934,2.8079320473735554,1579.1351631542607,2
28.10694213965368,2.8856883620386036,1496.2065807764948,2
31.143840253772563,2.4628652633135237,1409.3280658376614,2
23.687242582161392,2.2690241191988436,1461.5457355430847,2
26.089701290176016,2.384602020393062,1510.580184713312,2
27.98369934358235,2.8335422052908372,1509.8923986019531,2
25.979712560815344,2.4786633939430813,1552.2025206370297,2
30.917983820658232,2.5227208116991804,1512.4839159441656,2
25.45714484221985,2.3592744778985955,1425.33288977984,2
30.647967414350198,2.7421970668761344,1530.7257612919118,2
26.520218687360448,2.803230779062615,1484.6670390107654,2
23.511400649916872,2.450211518489674,1588.5167012053666,2
31.407389808238428,2.5085688491947447,1561.453256394031,2
24.77749834272382,2.6516441843365772,1532.9001032170077,2
29.91771764045233,2.5405322572100815,1437.861066431562,2
31.552671066022537,2.5738283930807593,1460.442750942456,2
27.170652033894438,2.61062039254529,1574.191670508418,2
29.32057050988567,2.4203747251044776,1468.9292527179919,2
28.213146888771853,2.3828683618193947,1533.7649431013112,2
26.765683127755725,2.84294769779597,1519.5835153840815,2
29.16004017209039,2.5318734474885334,1458.8623543966296,2
27.878240491680877,2.233916240677497,1527.5862772901667,2
27.9300045193614,2.7560642791549124,1426.1838269722089,2
25.489010573345283,2.4040581581254594,1494.884715065425,2
28.819684472897602,2.270092891933979,1529.6865350160265,2
25.325563383836332,2.664828605793139,1440.3723554160763,2
29.94609889901122,2.3344422297252385,1470.5206502483147,2
29.356290578292718,2.209659485702631,1428.3457884349696,2
30.788076871918506,2.860183451131415,1535.4297796620008,2
27.186481387999443,3.012383516730944,1436.945959678252,2
25.316613261198352,2.4389937443722167,1529.3710359892289,2
28.827923766766776,2.3021396761618975,1534.6408156779096,2
31.155427874832327,2.415150188599787,1490.2355571974008,2
29.255322867625807,2.840043178856304,1445.1140407592873,2
27.53588792495145,2.1974956225827396,1447.3062432334232,2
25.652555269449596,2.8223976547979195,1517.8732586583326,2
26.865899046613105,2.855802392815417,1457.9908332912985,2
27.804380895259833,2.7154715071815643,1520.222221294749,2
31.81656821447263,2.3520362657841933,1460.2338612123083,2
31.742490989972993,2.257964508385063,1637.877504324097,2
31.360926256898484,2.7831402819394206,1526.753007219952,2
27.86155771229423,2.5759105235542235,1586.2838193774626,2
30.221152797220718,2.8319518543433495,1501.662241618443,2
30.209951305007632,2.580220618638927,1520.1935607959244,2
30.24353059197705,2.6187916007761514,1502.0286097681208,2
24.33913764161815,2.260332901205358,1507.8466391433878,2
29.53261342660888,2.801931082529722,1531.9470196337536,2
28.27928269169042,2.4386390725149396,1578.5459417833736,2
30.922030001152148,2.250683100349328,1594.2523871293567,2
31.083154264464227,2.43082318330009,1522.8743450343227,2
28.00014434838976,2.419148946147217,1596.7611739393442,2
24.278689551887084,2.6410950501157737,1565.3895318555265,2
23.985994285532083,2.9116458789378403,1503.3221148470323,2
29.185404431428385,2.352012600926339,1518.2862400639483,2
25.725804076246327,2.977994035361969,1447.959565411963,2
25.943344283486248,2.6909669765850643,1459.7571515050863,2
24.40962392422626,2.2533796278954177,1461.884261699108,2
27.48318961945972,2.3241684420454947,1560.7059114793972,2
25.515994351462723,2.7668819195701473,1501.733924317011,2
31.67182901061029,2.5796529899554494,1408.0944516985487,2
27.26225213068194,2.297280339962093,1624.911124774869,2
29.427810720675236,2.50509391596737,1471.148112770987,2
28.20962479913712,2.45523160909464,1437.2545762602801,2
27.703669764075652,2.8800369078089463,1503.7385747291412,2
26.13776130620391,2.822155512959469,1559.503901168005,2
24.304846483157725,2.6603532444463296,1516.178264341229,2
32.273804194268884,2.952864960897998,1568.4697372558715,2
30.366739247563753,2.543886434885686,1557.2355341738494,2
26.77113182064248,2.6768780681818014,1508.6839275286227,2
27.745353087598673,2.3444868227781486,1584.2232306678475,2
30.123133477367194,2.459072677836963,1557.3851001867479,2
30.708346731468044,2.6641558481245617,1540.247006692696,2
28.81052879554163,2.3312670501747776,1455.7839571228333,2
29.19604740342935,2.762815593731302,1506.2895547290507,2
27.278017213356062,2.273875834575685,1593.0260457502868,2
31.730822920896326,2.8614926134407117,1445.365589581475,2
28.903108262140417,2.2382057258503645,1536.6038471297013,2
30.51886777265552,2.9499267536655767,1584.970938663828,2
26.108898684105515,2.5239240375964633,1590.689634317117,2
25.27594621068826,2.933488045553105,1486.1798970023117,2
27.684375433616314,2.3076388764899782,1576.8203216698512,2
28.980917816430846,2.956998193106173,1429.2144702368844,2
30.348362552354445,2.941797668707863,1548.1101883668316,2
27.38417603382657,2.733028431462209,1533.4756580380454,2
24.954783547517863,2.359762576352138,1469.1084109746257,2
28.51548550850199,2.810032983058614,1496.5271329251113,2
29.10101891217282,2.713448755890292,1543.0918806354616,2
27.079651684791568,2.89524128201451,1490.6551103257916,2
29.712315190036417,2.4907586952665794,1546.3304620351337,2
25.130168151389327,2.394405726053749,1478.1421417227152,2
27.29224963277457,2.938406821715483,1588.1418707973853,2
28.38210302726147,2.4264872546763168,1439.576482006433,2
30.880758356400875,2.7318784619215024,1543.4800384666542,2
25.228127212072636,2.5771381650377507,1556.229375046698,2
23.96176418557645,2.35661933344435,1405.8177603474792,2
27.373741591073184,2.9187413037194303,1527.6500755542768,2
25.537165385099133,2.42801099079653,1523.462708145371,2
28.514509921170124,2.3613087809703632,1553.6657313860476,2
24.944176940398076,2.2436542342983157,1456.331336838169,2
23.843249372033267,2.7721820866438063,1437.0234241870617,2
31.65579800141332,2.4189481965597115,1603.2401817588125,2
31.634544428110097,2.831281072080766,1559.2224396431202,2
25.540488992139306,2.844004332447052,1581.8776399880614,2
29.745620433617564,2.2249507283199423,1518.0587499975302,2
29.0916761706629,2.871763936166642,1607.438497318929,2
31.062517645332754,2.4193205227458727,1561.8855015205663,2
24.199918481972766,2.7305917293435185,1593.2113365711155,2
25.123642687859817,2.9769560632112566,1479.267808636258,2
26.025775102992025,2.361937184602012,1581.9467290979815,2
25.58249473145558,2.8436170578081637,1558.9498650973849,2
25.400652161140393,2.3239085965545234,1574.9044768847934,2
24.33222600769084,2.2560340467780073,1403.4221926238984,2
29.940742886590535,2.5398812188173725,1477.1622932709574,2
29.993208653738435,2.7279849811875403,1483.6768900443756,2
24.204445474026947,2.262224658283123,1424.4276919686995,2
30.1989223369639,2.7736603363358645,1510.887659412758,2
28.74997971364766,2.25304058800995,1542.0518925815848,2
26.588800595706893,2.402663294238641,1496.0572816145043,2
23.923745466869036,2.813863710887565,1483.5455931087906,2
30.7792764329111,2.7323811268316343,1533.5294773503035,2
24.66354426779522,2.622026785165453,1508.4891252686346,2
29.306137755862412,2.3027324341631474,1378.1050925629884,2
25.26072407065494,2.3254758285274852,1458.8749771900063,2
24.11330598235017,2.5976011399136802,1539.1838496003377,2
27.16940758072485,2.5475890488567887,1550.427976548868,2
31.67585904783033,2.502983148750794,1508.6627245427,2
30.978685518633103,2.358836063595923,1477.2950834256737,2
26.330246398766313,2.630691806216738,1471.403517464766,2
25.303325905653676,2.560020194883054,1479.2380073601412,2
29.98720443014296,2.883484137988585,1446.800751154913,2
29.090795171591836,2.561644625633974,1543.110303301473,2
24.318414747647026,2.627455819034849,1599.9761570850355,2
30.46400634163743,2.571994414250095,1440.1838520338715,2
28.156588715320474,2.597165096767233,1434.3746798272907,2
28.09944971436802,2.3382170141736696,1593.624793455087,2
25.050939763298704,2.496207733269282,1580.7210449362924,2
28.88138030778896,2.218890536463853,1569.6214792228402,2
28.978230000129535,2.612796321172081,1418.339293769164,2
27.9836841421884,2.444657137686907,1432.5903989529086,2
30.37304082432728,2.4131046725134806,1513.2260552706489,2
25.8252255715173,2.376621070216378,1438.87119378116,2
27.334846221216985,2.9693441365130693,1475.6404121137996,2
31.800230115421872,2.4990195384609355,1475.7344995473493,2
25.35591285273617,2.285619194456907,1540.594237625428,2
29.772784490999324,2.2434481687606147,1443.7260660713878,2
31.150939074979217,2.401931669869422,1503.0686554563274,2
24.464687021761918,2.255983974420956,1471.4633289988762,2
26.600361362987734,2.9543535365452613,1572.4648511047005,2
24.503391970401488,2.5044577604359746,1406.0972240513877,2
24.62639480125435,2.6404124720856936,1470.0635158549605,2
28.730622200181237,2.5072090149530113,1444.2176193991158,2
27.50240489458678,2.415368775145837,1506.5503178973404,2
25.432660473467408,2.8091125281855107,1446.7239542078757,2
28.3736208048368,2.528689259948834,1528.4172913528976,2
24.432272378335302,2.9661414520865415,1535.5546421819618,2
23.63204193855322,2.2920836902045334,1566.6861623357768,2
28.410424139896243,2.402295540429994,1515.0901552123717,2
26.56279039448628,2.9074223595856457,1556.2547858436997,2
29.57470755350742,2.8233280508705834,1484.578653104534,2
27.64187017332214,2.6922947921155016,1498.5116549477802,2
30.558776831592187,2.427276615976813,1601.7121597374155,2
25.503472861059823,2.8147299299001522,1520.486894699193,2
25.936355059822635,2.9668106019296148,1484.399979612796,2
25.22408700503059,2.695525190292456,1486.8628669250704,2
27.01902923482405,2.21060598269564,1513.9875099567105,2
31.44996307892247,2.53332715029346,1460.157657967575,2
24.93859256677688,2.844744227519416,1462.2386865885296,2
27.14408268554812,2.9865351740742225,1401.8362158868554,2
27.12188576442059,2.438344435171138,1407.8213745802616,2
26.661061687221693,2.670612813966839,1563.9211630984073,2
26.003316477545976,2.282081439951682,1372.038188312536,2
26.498044410946438,2.3431974427452826,1527.8646699919693,2
25.262674107662857,2.792830366596738,1497.4997432398238,2
29.519234204933188,2.2306930291611167,1495.6389013287971,2
24.08932633874252,2.606269446401686,1498.983155578313,2
24.441518940983272,2.461893697777638,1499.2105982847584,2
31.807628462312483,2.525955468842966,1506.2528492026206,2
29.03297341214044,2.670536651361831,1506.59632819842,2
29.229998694588993,2.56110337773163,1417.9716881721693,2
26.498916348545066,2.582162912109473,1552.0514865967186,2
27.491179427309678,2.6521853929107175,1474.693083650655,2
32.72034879668333,2.2554814240926944,1481.1377522403625,2
30.3024958930275,2.84830862552295,1602.8459578162872,2
32.23252693269443,2.396688447746684,1445.2319464664374,2
28.159854351444643,2.3684836544586503,1432.1974657361645,2
27.86610707022921,2.5572585640589796,1547.9995446691853,2
29.28404158974052,2.7274360542529292,1545.0059546018572,2
30.966406918149765,2.91218464376187,1540.6041058587753,2
28.850523530924374,2.9570207895819736,1449.2827394581013,2
30.065639837011048,2.6367331220524863,1571.7148789526948,2
27.060923344692522,2.5301310869628537,1605.7520086875525,2
29.767090471527514,2.899067403570821,1424.9746186053112,2
31.359151400918158,2.9274870813930045,1420.966259630209,2
29.920503427639044,2.51972357051337,1541.1093111465946,2
26.116683153461608,2.3608245501514804,1380.4080635005666,2
26.700018343148006,2.950207763058931,1518.7459780728893,2
31.20130487407258,2.5682111371080585,1418.1314850712622,2
24.502942700573865,2.204729229648037,1557.1459080947388,2
25.911085037717573,2.4100418692097083,1424.8230126293772,2
28.29595641123928,2.2751490890793375,1457.924273725568,2
31.02952047090685,2.6554510668336087,1428.177923518005,2
29.73924988430156,2.307628720931059,1498.2887158472577,2
26.4344530066954,2.6755198663822553,1571.9313763557748,2
31.58659344924247,2.5061803835992778,1446.4438144338294,2
29.098990407901912,2.7812499547841636,1423.5722756056955,2
24.544328988318107,2.6718626363042257,1442.2381001948147,2
27.4215619994549,2.309404333734977,1423.6974638979063,2
30.26131768580402,2.636098664599424,1521.2572721588836,2
28.164533701291788,2.282027400142531,1522.4447909044447,2
30.940968513968908,2.908916754715812,1509.6205746858818,2
26.27368191356542,2.318431347199237,1527.5219521458182,2
29.410636660631923,2.6788814234931677,1474.0201153091502,2
29.322813119741387,2.323757285551854,1412.9916385369204,2
31.732593373449042,2.2321893602537313,1429.4893216338405,2
28.092407152972445,2.2632831085423257,1523.6918547897749,2
24.755726294619713,2.3666506243784635,1435.9802580610815,2
25.185919276986187,2.9476830771904403,1537.5550019533152,2
27.5776874497783,2.237596848781262,1472.4819659795596,2
26.09364513383906,2.346055996599522,1444.66951798693,2
30.862035369597006,2.6979785286436346,1460.597421618294,2
28.15202816884618,2.3676075543380644,1553.194522252968,2
24.687848189024365,2.323088230638128,1435.4506114984028,2
26.98511361979373,2.949518372421289,1539.1110466292544,2
30.347899668749065,2.5929899789397277,1532.678076860412,2
26.17438581973217,2.2169994181706385,1436.654569662049,2
26.17193949196177,2.616661874106378,1392.6188268537448,2
29.145707236287468,2.797484436015217,1570.5077077691192,2
28.073477617995454,2.5900981666146254,1531.3248446843495,2
29.871667557770362,2.408942126937249,1490.1254079995356,2
27.21527792184384,2.893941777298672,1604.106533726816,2
26.72655667834402,2.6042401308578498,1388.5469605902667,2
29.0518433024737,2.6111264087093247,1533.013159883314,2
25.398242494000353,2.858332725069418,1581.4281579626092,2
27.254737489644324,2.6655105586748493,1527.670890741268,2
24.724741068452367,2.7483043474841424,1592.466597103203,2
24.975247108034623,2.6513504566112083,1409.0124208318086,2
24.949575803380817,2.483057748380258,1499.387721767367,2
24.857647885079082,2.8595061006313762,1556.2160162584307,2
29.838555527091952,2.650376888230919,1461.7130212796076,2
25.276403494478103,2.55333311086877,1624.4480220557796,2
30.13367282898515,2.6171152078106115,1459.5719788722542,2
29.613241291300522,2.983569076785584,1561.6196879587844,2
24.56966037511261,2.6710562854994686,1565.5993423066882,2
27.637060409552184,2.836340511383057,1397.7983311891498,2
30.758498889941567,2.708686589858367,1492.29752349534,2
27.862796009111058,2.465099962986074,1540.7343645456672,2
24.833775265803304,2.436396594926283,1518.0529272654505,2
27.953010909851304,2.3365573601158465,1548.7688379956362,2
25.918314463629894,2.2283849221317653,1548.8925477006321,2
31.747320604280674,2.702406294115621,1543.7199430731944,2
30.97770678748697,2.649180128067244,1585.1392939791747,2
32.19607086937076,2.200746121861176,1525.0091148766187,2
31.71377511143331,2.502397166037845,1465.5882302146874,2
26.43363185304061,2.410161070980468,1570.807543009518,2
28.312426938835795,2.53513381623384,1453.8900120583953,2
28.1557016610883,2.423355236995305,1545.6932387928655,2
27.03631481247274,2.3171970867110407,1578.3817177831631,2
23.75281835718399,2.3146549390597975,1446.440199920801,2
30.526527339426888,2.6519516682295805,1612.015502359294,2
30.05780552033349,2.276641733349327,1557.4056264358271,2
24.33397292195798,2.8412729583681386,1517.5613335409662,2
28.1456148134242,2.956563221267778,1558.4802285885287,2
31.247296829382982,2.8760243923904403,1460.8281716539507,2
26.154191636139497,2.9047902249099904,1477.608135539545,2
30.78659031534587,2.822422200346622,1428.9572303859377,2
27.767477628017815,2.754368267667846,1529.291829977473,2
28.520948176258546,2.213040760608856,1499.1042967159674,2
31.261696896450253,2.6177269787184745,1522.0615497363483,2
27.627298405592683,2.80772160375385,1609.9592184384735,2
25.85495773816908,2.9687566396865352,1438.0901179613259,2
29.455947730609207,2.64875868299857,1467.7588082406787,2
27.355004761320096,2.5121731692100124,1514.6721047361777,2
30.679835671963634,2.9769681855351227,1590.4713443568714,2
29.71418923474676,2.5702288530396924,1597.5547598209753,2
23.948719975466307,2.5420019744215665,1504.760419394722,2
32.55920597078184,2.6530940041627815,1603.4783625350522,2
31.205770915777848,2.35104513580685,1585.3033625563323,2
28.363787250346665,2.4918468911346676,1371.2630326579356,2
25.3804388646681,2.568336965958393,1512.7336315839648,2
25.611009175469984,2.778101447894788,1582.1507783003583,2
29.015865649697133,2.6052050453784217,1556.437851521512,2
31.136231088486163,2.2888804078798457,1416.0617805157462,2
30.362763791458775,2.847442756858428,1412.4896597533852,2
31.34646902431927,2.7428812204021495,1546.584759453587,2
29.950131905840873,2.6266640365558986,1523.5997738278488,2
25.769699375852525,2.392256458059375,1504.9395465749965,2
23.033971139260238,2.1795897225047387,1433.0115270026372,2
31.602392179157942,2.848928378939417,1584.8073110468194,2
31.754615342298262,2.7108258223145416,1582.9073930047707,2
32.09405411837889,2.523392566236685,1535.1595533206155,2
31.947615359901185,2.4265420086812197,1409.036549806231,2
32.69788150982326,2.2725142971419916,1478.284945755438,2
32.01518348171752,2.3498212752379275,1546.8993634763128,2
29.983125030904937,2.6139564041830012,1391.8068235179271,2
27.817904830341018,2.450143319187702,1530.9070664547346,2
27.150839881133813,2.729433285930897,1545.8782830939797,2
32.795373179189816,2.741419845820949,1493.9449722421266,2
31.75173775262776,2.6880269665171546,1428.1372426157682,2
31.310782554695983,2.680996833695901,1414.6950851096096,2
23.77576291394622,2.590426121529666,1453.8226444011289,2
27.31813822243156,2.1882743199201213,1595.2758844922912,2
26.800650642736695,2.9119536877826575,1472.0977274291884,2
32.535799675311466,2.914861442442085,1544.9194029145456,2
27.54621432410873,2.453364933455021,1525.8620874168737,2
28.550572141738655,2.2527889354684407,1439.303473863902,2
27.83581157880209,2.432345948200495,1559.2654311946724,2
27.414549888942627,2.7967131129568594,1612.088189835777,2
24.759582271635292,2.529927368030502,1476.9682029522326,2
31.439192591577516,2.6425622030169884,1550.615126119498,2
25.165553262036426,2.6222395797230242,1434.7695327897302,2
29.43225427107346,2.8031096053237166,1587.671146931559,2
28.059852622019154,2.951479433588877,1416.4607135198853,2
28.46986171604806,2.457511254885289,1474.1834230088593,2
25.362788143259277,2.2300784778323535,1441.6796585639122,2
25.388296255325173,2.4969379498912567,1551.333992023683,2
27.56297791482699,2.6532677401092526,1561.6209145822004,2
27.549137886409586,2.9566063557288906,1506.082605210138,2
30.267755968469856,2.192519898183977,1488.145985220591,2
29.570679851386238,2.8799782367581743,1417.9496133473945,2
28.882340220519957,2.364141811415553,1524.3434554795965,2
24.508498320079575,2.3092032338841517,1561.2902620874306,2
32.052663357504706,2.210343482790587,1547.4268879130288,2
28.82198564792923,2.383807774810151,1466.2987335356515,2
27.88580434966135,2.334738351923656,1404.865069682026,2
29.426362992008954,2.8127134631631105,1488.926397063744,2
30.06702738195748,2.296060732358664,1613.6058055617395,2
26.42716958429671,2.5798350044917897,1429.0848346944422,2
23.720086843618297,2.6342049249596435,1561.6663703795311,2
27.770709782254436,2.2206009518055474,1448.7042642032973,2
29.23196251633385,2.8639926538166445,1569.987094046966,2
25.395040670894698,2.714904534610877,1561.5474827857486,2
24.487070388774757,2.974458809725511,1478.9760987865034,2
27.854011912131043,2.591617168443997,1448.9430325826943,2
27.23184768556292,2.855111844670035,1449.6578897384613,2
26.54131574425047,2.387605457158051,1487.3801236975014,2
25.04402091139393,2.5628465645242784,1447.126881362963,2
26.122376455571917,2.539365760411659,1546.9462036537755,2
27.048934583898586,2.572077118544273,1572.3905720809653,2
28.539405212221695,2.54279940270529,1580.9639114690808,2
28.26097297595587,2.809758706763791,1401.3414977297107,2
30.123909840467025,2.788647621379921,1451.8230823584502,2
25.68839415251221,2.5824298882971632,1504.9624729408938,2
28.85928171796541,2.189280353622332,1392.36905362495,2
27.864285427624907,2.410547966249877,1487.0564639403544,2
28.450516941035545,2.3644390448351853,1454.747827208522,2
26.842632587483486,2.630994380533452,1467.392872171457,2
31.281572428269676,2.29133357361665,1517.1304106933728,2
26.321399094324757,2.2111600428941482,1512.0384772185575,2
29.79588132195448,2.5220694959325347,1581.8048654490906,2
28.717927319858713,2.718763702735378,1558.2781303328077,2
27.525230656434914,2.6091402426866575,1481.486962292017,2
29.73903444827752,2.708850356163706,1467.3877238035789,2
31.375945557566457,2.6422158212892253,1394.3114965509085,2
24.83774419840929,2.630057769463588,1490.085263864358,2
26.45002927571494,2.5824565898524794,1531.088042226456,2
29.7681303349723,2.3361969956448108,1434.7334681286834,2
30.907747761607332,2.7987824965221213,1470.6096400719405,2
29.316069996133624,2.897705806071679,1449.3508958417635,2
32.807484705377355,2.7847377319057793,1432.4683506476608,2
27.031248512970162,2.699295997032908,1531.313310709893,2
27.586482303730058,2.2921552400802203,1571.8318503292705,2
32.42080622263453,2.8373445822772085,1578.616111340835,2
30.759739061132013,2.658116671824155,1453.1739761562526,2
29.80194928729325,2.758335024676135,1522.0262162481201,2
31.03136269792721,2.780336128080591,1397.4994827188707,2
30.009115992716666,2.8269165836064163,1480.5746625093825,2
30.10755470439018,2.5987021420882064,1443.01558457778,2
27.85991759617538,2.3821863729532344,1562.6371364387712,2
26.992534423584736,2.375183172830845,1455.7222651179488,2
27.505303381576628,2.3536730409281796,1449.821812883534,2
25.018181926650353,2.3200452542757053,1549.145809878722,2
26.473474092683897,2.7361380464523326,1392.8764046367528,2
28.7053827664336,2.9785441891230446,1476.1687611176912,2
25.59912145276187,2.844860274460287,1491.6189911460012,2
29.05604597298856,2.709188507275544,1536.5588239941264,2
30.321805865387354,2.8779220298898704,1399.773303459232,2
29.04136654360404,2.9372855069431125,1388.2575859040635,2
31.039981349588185,2.826367146201262,1513.7616527196017,2
28.78055640100755,2.3107958453599404,1396.5950197564691,2
31.6939050430083,2.4159595946352654,1558.1490510567976,2
25.99282353258785,2.547314212026098,1376.6540048332054,2
29.92098593822538,2.9798829884500155,1553.2139626648116,2
28.435988131998155,2.8541010077319475,1498.5475738520813,2
24.438436459045683,2.567550911666105,1560.9633268914986,2
28.637051036465966,2.606192816476894,1495.2613122893276,2
26.582360509727376,2.408504824563315,1488.6715471430018,2
29.12706319580691,2.949411985645306,1529.4135143127462,2
25.241855640998985,2.9280705534134426,1555.0893498568616,2
26.969305957329798,2.9597523692539043,1590.12679097619,2
31.397509245445733,2.6156971328873877,1421.7065955255116,2
26.298861690781017,2.67557631257264,1466.3749290497226,2
24.19053677199042,2.9113326675370215,1603.2287041295601,2
31.573802737607107,2.897798346296042,1404.4297803663524,2
29.685829954509646,2.464818772715047,1452.6590525645743,2
25.53534098696404,2.297195630731185,1541.5111104747743,2
26.10257369440231,2.501883481537115,1525.6242767404751,2
23.47153879281526,2.5180886973836087,1551.3180175329655,2
31.067249815988745,2.5173591038695826,1562.6460595901856,2
29.344836222574834,2.5617520905604616,1561.2902130409068,2
30.749012164579252,2.2515130901258535,1470.5899960708418,2
28.750689988305357,2.5898371442949086,1489.4747745691213,2
31.165484674010163,2.2961582721407803,1580.76635558548,2
24.83400684718787,2.9070828428560134,1579.3348872269914,2
27.81019763936109,2.2085656374685056,1550.206285318575,2
29.56566643053783,2.7820595475088963,1435.0106084801405,2
29.87312346878697,2.603508309457403,1465.1236292540034,2
25.81777059205758,2.6872290332686215,1552.810265921865,2
28.091785089182306,2.8470437349323423,1562.8105521973794,2
27.29241793744687,2.4882827024750824,1521.2277952020256,2
32.224740568738255,2.820537514297769,1498.8120955052011,2
24.660455754574166,2.3088257187062577,1495.907078163717,2
25.307597760440803,2.2076252492464516,1609.2631063066747,2
24.17173628194995,2.772585377673369,1468.9309756888229,2
26.35076312736246,2.672924750001682,1499.421793560122,2
27.629486086031267,2.4770406447020927,1512.204070655798,2
30.344177619057003,2.837180200527318,1507.4068838895616,2
26.871473450116838,2.487455816527825,1563.5189292936163,2
30.346113794287238,2.361199557454763,1501.797774497628,2
28.52770009940143,2.9189992646751284,1475.542265382378,2
29.53394043551497,2.9945836061055036,1434.2964159486332,2
29.495904848465546,2.3316126954607057,1529.543848327862,2
26.517226458566164,2.2571043472093475,1372.5292562812044,2
26.587953385876144,2.6686384234848477,1512.3045261779225,2
29.39232136450405,2.3420122940445665,1476.109947758889,2
31.76015286479205,2.4437769885290495,1514.402586277032,2
27.283185851478436,2.754814556745781,1469.0884973272475,2
26.5955175400944,2.6399234584551854,1477.0763235666393,2
24.628326217051782,2.739773281180755,1483.3681568192183,2
31.154333870685207,2.737057249165448,1469.3217360951428,2
27.828176140397506,2.2250049471993205,1533.006549185313,2
26.3791710018532,2.954895242819873,1516.990786561114,2
29.78683246579171,2.582427440001742,1421.29218267762,2
28.860423118032635,2.1736905408572946,1557.0376297996931,2
24.07175682921449,2.7359299713969345,1552.5703736129785,2
25.83611147898764,2.5005186518455838,1387.7539898779874,2
25.120533990798155,2.8160058658301286,1391.3223053127242,2
26.483143486513445,2.758503589842554,1505.102766732822,2
27.627427517568464,2.657202382334981,1536.036619941446,2
28.90837045530772,2.710829922044995,1466.423404026873,2
28.2825936646959,2.409899872574546,1493.3868731587656,2
28.61011777403642,2.96145134808263,1566.662489712019,2
32.16624399362135,2.2968529886336633,1590.8668062504414,2
27.293086513040652,2.799092169469295,1407.576817022149,2
24.203651493648472,2.7323126719273523,1405.548116051331,2
26.599748828483992,2.25409551332171,1412.2365190720284,2
27.763176419218972,2.5142743932148717,1490.180944802998,2
25.062140419181794,2.9378048386651177,1407.6548739076813,2
26.697000939373492,2.818522036377422,1430.1344546388586,2
29.609853115723126,2.3369325579948685,1425.6184583339261,2
29.15088016511248,2.8319987135881415,1396.6485310426224,2
30.29980140650724,2.493764891300739,1585.7084315121356,2
26.34998058087465,2.6793025325426485,1529.5788707726508,2
24.851123278940786,2.92014160007664,1461.3054359600344,2
24.90271975784582,2.6221019604808475,1523.713819593948,2
32.11271401852419,2.9432465119267515,1452.1161343815124,2
24.001347487301384,2.345700867547967,1569.9126664671212,2
26.997880200943765,2.3489923539328763,1438.8416785417157,2
25.592686096511798,2.2361427972825005,1435.4757854854074,2
25.99047906491543,2.270166574614737,1523.385892559907,2
28.355987001305618,2.934769130658051,1427.8255204415057,2
27.506110480351754,2.8507964374832526,1449.040725853138,2
29.831251475414106,2.9022684259796874,1414.3148988142796,2
28.959379091974796,2.8262574993280327,1445.4488448680765,2
28.538816031416783,2.8914351884007545,1556.3166583718985,2
29.43697659810239,2.2830915103127194,1498.9293520606236,2
29.971416140016977,2.919220870687109,1419.7722875177392,2
26.155503726956994,2.870041022830892,1388.0408046527023,2
24.557307348106217,2.8875543079785935,1446.5974951581427,2
28.032392945647924,2.40205896548184,1485.5956675417717,2
30.474993866023645,2.5687970092735575,1483.4503193275086,2
25.380815087508537,2.8490044338886866,1570.548361518424,2
30.482115918977147,2.7162745234016716,1569.389739585316,2
29.154708566952802,2.825642476407446,1441.5161756804962,2
31.852146550592902,2.931359466028889,1565.901636921141,2
25.07499114947582,2.537918937895446,1494.6334137596828,2
26.740338752070635,2.908880274195318,1541.059374575005,2
24.488264677489134,2.7926453803124893,1444.8165275048254,2
24.980301362291407,2.7315848395345506,1460.3952324892448,2
26.226185813442953,2.2379047589746266,1498.1312837025907,2
25.400379868987542,2.244961154560881,1534.1609228727057,2
29.59012586651805,2.7201494885477633,1490.1421014062305,2
26.26171202373901,2.441720615276905,1570.9077239897392,2
27.360122367026648,2.6126440812509433,1515.2251252722028,2
26.93774372750528,2.4039543223589,1468.3994835227263,2
30.586613500521523,2.8309109644400987,1581.0194511966495,2
24.2654026399433,2.774178719396582,1463.5338339651569,2
26.99960238497214,2.647887597291204,1538.7247895406188,2
24.120003248144634,2.4203359838333918,1439.232623943821,2
30.881114576456135,2.618211152952635,1542.1679995899956,2
27.492324761339553,2.586507684846261,1399.918513285982,2
25.471037996852765,2.5585518612759777,1492.9813999813648,2
26.477995188026664,2.584968742373075,1441.0721619052479,2
28.609990228963166,2.738993097579566,1501.9256275763128,2
24.190637054384798,2.6622746393890226,1449.7243417771426,2
23.818591122335878,2.6027502166078,1429.0456840845836,2
26.32591734923512,2.47783261559937,1524.4233318733022,2
28.827592550209182,2.3911614928108724,1540.19765129516,2
28.801850208073063,2.877338375568985,1450.953796686503,2
30.706816823462038,2.7032345237682147,1583.3642318425132,2
30.72153151749405,2.47748127839563,1521.0525175050866,2
24.695602957394147,2.9603176700303795,1546.538680718935,2
25.372733675852718,2.3505363099372665,1503.4230372341053,2
25.049562768509425,2.830469090696039,1606.920565005701,2
25.069661154745674,2.8482748159622253,1471.1489302917025,2
30.92661600166219,2.6954281842802432,1391.5841702188254,2
23.303030234876953,2.7834487307353846,1498.6637860135052,2
25.037809937962876,2.5187061223128255,1580.7176538313847,2
29.813992691107522,2.212385675998655,1449.4326576390042,2
32.693066744067906,2.829642662857422,1395.3048353660151,2
26.989472335431877,2.6260393420521,1568.4762169735836,2
29.393414581016653,2.477058439149593,1435.8858524059922,2
26.595031179783987,2.276933229023572,1433.915741853722,2
26.183173537151834,2.540617984734214,1497.1057093727213,2
24.897648895475996,2.4967509684164324,1584.5786316589465,2
31.76026576649611,2.329012699538049,1444.3679716802396,2
29.480463401765636,2.457988223333629,1425.1742401945567,2
26.01027114070951,2.3235662496301344,1428.5701303062986,2
29.956131911080327,2.7382366865756302,1562.1140537985098,2
31.61858286552417,2.2916789378347415,1570.9838295009054,2
27.65328857743521,2.981908255781592,1571.9151443297249,2
30.90169227000385,2.4229785241729886,1419.1966746754542,2
25.678145989163003,2.74078325507402,1519.6082002228393,2
29.457654261291825,2.8959742197231506,1591.6146655082916,2
25.028861145057824,2.6329807814109047,1430.9380680286229,2
25.077910936999505,2.3470744538985095,1592.74196712427,2
26.362641342637293,2.56065930492683,1531.7094063197487,2
29.800883865363968,3.0016356431363533,1529.1381640206112,2
31.516956960679035,2.722248847144771,1504.1213295835469,2
29.790411267925652,2.30662516417557,1609.2911700817656,2
27.41376773657,2.403153781743447,1521.9168859032106,2
24.189011472292577,2.639034247811652,1503.2689417250506,2
26.317331242233966,2.882241232529223,1417.551116242612,2
29.148452073672782,2.4677493757622018,1637.462106248482,2
29.779945723306245,2.929599821413718,1505.3228003532417,2
28.526514549369136,2.8854997517943777,1536.8724828856477,2
31.360043093448397,2.2971381336394847,1601.904473039636,2
30.292919116388997,2.4930995347769933,1500.2101966099824,2
28.86960063810025,2.5164738219641882,1401.2898430943724,2
31.611337655439403,2.841936007737468,1534.8555935578831,2
26.619497904520316,2.79835598583961,1526.052443646411,2
24.591214424227292,2.990944250316292,1465.5256269020974,2
30.757598006845477,2.2407468394619525,1435.5543078588803,2
30.27778090148879,2.52806560587568,1509.4701968405784,2
31.791527554452852,2.3415430348619592,1400.265571940446,2
30.488593888065388,2.6000349062231884,1466.077858135533,2
28.593658969705718,2.5292924191485566,1555.893047695747,2
27.153182622337724,2.237178535698028,1533.8281222822538,2
30.046918960166586,2.5169467051468923,1484.4858237259598,2
28.590177954269105,2.340840351003141,1420.3861241957557,2
27.927052684325492,2.460708167122344,1566.4621762664467,2
25.42365256588861,2.295565856514839,1632.2579499925694,2
24.86186847675542,2.400704182201445,1568.5924212644013,2
31.718077048475106,2.986762977222804,1447.3253860533332,2
30.132565511509853,2.9640406607994714,1494.4502623050753,2
25.00668595009649,2.274359939582545,1512.0193361917818,2
28.274193065698178,2.80302569171318,1484.0400739937402,2
29.401666277551268,2.9785982580440193,1375.8134310553792,2
30.069573131330554,2.5367658205951,1592.8419420570094,2
26.3912626734153,2.956137229833915,1422.0724221572273,2
27.23486568116129,2.814095243856589,1563.0940417521688,2
24.79632105781442,2.725930657616353,1423.5932002766056,2
24.64979766656607,2.802716600453569,1542.0243433558494,2
28.18453002200656,2.667899903056896,1473.705912405719,2
24.390236777644965,2.793379699984723,1404.4471738678137,2
28.302378354499137,2.6231626799990266,1577.8860149345217,2
26.82068795393703,2.815311197790263,1373.321735845122,2
25.823544895492017,2.3397576628622514,1415.518421459686,2
29.933553323980835,2.819149255431277,1519.6264990118716,2
23.918530469059025,2.951306989574269,1562.5443389913846,2
27.1479204101557,2.4509741649664805,1553.8159975293415,2
25.242428407324308,2.679838074013267,1448.6029701437762,2
28.788369756263155,2.6417795788915877,1470.6200020326435,2
26.53620280582497,2.40102832842607,1591.235757863508,2
25.15757563304297,2.8095139666999076,1372.998133912048,2
28.72518347363053,2.6113657105614907,1473.3832398364464,2
23.71865719573107,2.347456998238022,1495.1325832802845,2
29.23744222374939,2.8064398820351957,1525.8340673943583,2
24.041626247963087,2.51572992969118,1553.2708851271236,2
26.575444405183497,2.534482951288426,1598.914025491016,2
30.597907432423526,2.8434978717447925,1497.8617554609293,2
28.75304077922978,2.882044030853763,1397.9743974364253,2
25.54469330758785,2.5776256154421047,1434.655536590004,2
29.044466003675915,2.4443914207279116,1513.269548075429,2
28.7484025924048,2.692767376040075,1567.1670905313233,2
29.783647297488994,2.5135027440456525,1470.7582037838688,2
24.875065252657492,2.2476278120767117,1500.2505311600084,2
25.100527942867917,2.8376999596371206,1522.1537843947256,2
25.706560502182633,2.7503314674452266,1402.5883954442618,2
30.807139606075154,2.3274235338129463,1569.0869633207815,2
25.697671961481884,2.375713272736315,1603.599274539699,2
23.63670691258824,2.1791517893053927,1523.1867597968421,2
30.000936904606235,2.774303141896054,1424.9825142469217,2
28.634736417829426,2.790447983920583,1567.7545807844817,2
27.95545133111909,2.475523774254162,1508.1691867313111,2
30.248848081895947,2.683665448475224,1413.1827425361162,2
27.055293897792577,2.898013292388957,1563.2941211305954,2
26.210256963377304,2.781513083667006,1542.5769076568004,2
31.344752020838808,2.8521488405984603,1465.1354056659716,2
27.433981139751904,2.633847811164817,1369.574604817675,2
30.133309908488574,2.305363325675173,1547.3937376960248,2
25.136268881992542,2.375086870934332,1488.165281465696,2
27.184514905813266,2.659233504242154,1570.3457999551172,2
26.239181187525567,2.206101894541824,1562.466894852695,2
28.373002473755708,2.5134123891050657,1523.4418284609333,2
28.686585772912316,2.7408897619409074,1409.3767613979917,2
25.65595997683598,2.912331269409958,1433.1752031656727,2
25.295173539238405,2.279671589125849,1545.7828689661735,2
30.429947815312797,2.592632217678298,1404.3825501117383,2
29.352735566044473,2.4867182531847827,1434.415378606569,2
24.90718601347166,2.522031790588532,1462.8733456802404,2
30.686936779088402,2.545869833500953,1449.3340507939256,2
31.552874602748773,2.357356184884111,1540.00979002225,2
27.187062725781786,2.615389724116492,1596.2154314636127,2
29.546052858230812,2.249979805652885,1568.1895527781935,2
25.39206644004425,2.623638209750136,1542.0735324817902,2
31.515597765867742,2.602268487786309,1472.158014881377,2
31.23147001127685,2.3826994433610538,1528.964781293259,2
23.90950289173549,2.3615953110725876,1467.4438208866354,2
26.94761070678429,2.23780161253934,1542.3534259000207,2
26.54893727525003,2.6620166632610496,1519.8301361931933,2
30.544279988857454,2.446639524999105,1486.1816147530812,2
28.542993760817268,2.848325328395109,1488.4477448824264,2
24.91424119449609,2.1878380038521783,1447.3652005096658,2
29.424983948504714,2.315831376323179,1402.9985301644983,2
29.966468171841598,2.8859031565264703,1475.785987945175,2
24.524505350100885,2.5222192563431878,1452.2717157113093,2
26.89043761082432,2.514460027632495,1602.935176323565,2
32.34839027629075,2.8505410216487506,1417.577688412321,2
25.572654919035763,2.9062108626913004,1496.635742750364,2
25.0547001564701,2.5562961787297485,1492.631803234191,2
30.862166583454783,2.904115495439019,1525.9052272435083,2
28.408484327972836,2.8945832945664542,1618.784045768262,2
27.73805263069698,2.26686101943453,1419.930529825544,2
29.013675844258103,2.6135673026113113,1565.6870421682665,2
25.213549562468216,2.7418500882342856,1562.8456276830602,2
24.87287343212837,2.477427684983903,1572.982595567022,2
27.168120419347,2.311161690533595,1451.8028015036211,2
28.29257971373272,2.5688570812277742,1552.966370360801,2
30.16555747364694,2.730648246123575,1517.898501259803,2
28.260572670558783,2.9613529183958636,1475.8710016988312,2
25.859901937631882,2.5160731427109857,1512.7755269934557,2
25.208146799304373,2.7387325880828315,1517.218063921212,2
23.85022602131101,2.588687974927979,1387.0381769310732,2
26.099152955141985,2.848420431034886,1502.932814359224,2
31.362939272898878,2.1924981710731815,1461.0884613725239,2
30.83706234154951,2.8544550058897507,1574.5103611749428,2
26.207393030933858,2.5256745587266973,1485.3986476245034,2
31.04096181855749,2.4726362597599207,1538.794819431663,2
25.12284403157337,2.6665387819151176,1388.1166274524992,2
31.29310108129611,2.7424583728055762,1568.705480775839,2
25.67652455831295,2.540136729636943,1491.9839008270724,2
27.017961382366355,2.222162795880803,1514.178094553698,2
28.281575169529013,2.5562527060598064,1417.845072669778,2
26.7149074731043,2.8773447757966646,1451.856286921092,2
32.317228492057886,2.2401986788448527,1574.0285618970336,2
28.103018683920507,2.5622848471186126,1547.6105865303732,2
32.189984068589915,2.6683499779489455,1506.147818850787,2
29.526150470978145,2.3170567679865792,1443.6129397597877,2
24.40098565909062,2.294246085903504,1453.1514983077002,2
25.8382604080236,2.769179278049091,1432.8330467431942,2
30.896543734679582,2.471635114120778,1402.4187708431307,2
28.576590316910305,2.6678815239805727,1558.9250905760302,2
25.236361505269752,2.782027607751964,1426.6668678196324,2
25.704838975400392,2.331784088012657,1403.2451005761482,2
27.008472642214628,2.9466286485955746,1535.7880521150807,2
25.406206992412155,2.7663205196663014,1566.988856940992,2
26.984999208800257,2.395918522978664,1513.764762581715,2
26.19300663352154,2.7496339960919247,1597.258794141686,2
27.23232350182522,2.3776279467953962,1526.3485420857182,2
30.217294461813907,2.5494889717782208,1560.5478380171396,2
29.6558369577524,2.285633588130584,1418.1806056840146,2
25.455773114278625,2.5516370715734613,1564.5752053972842,2
29.16201656293645,2.9384553536263778,1556.1429693070281,2
25.648569969522583,2.967163727952495,1469.4081594300974,2
25.202129651163485,2.4438045796547683,1505.6585111956347,2
31.731613152477383,2.500830115640251,1376.4919623535177,2
25.132183384255008,2.7893022718255804,1588.2685007671914,2
26.292224581001896,2.7993346774189005,1446.0622513352646,2
28.44189793881749,2.6406020192942847,1438.2833163191613,2
25.968421514569574,2.449590169879902,1457.5131095084926,2
31.826869895446475,2.5300747389049434,1507.9518191897068,2
23.91436790039091,2.300770016897095,1501.3942707686929,2
24.07629184841662,2.7053558050092446,1413.4572518845507,2
29.108148986733678,2.8528496366812663,1550.4982529510544,2
30.44803494322994,2.3033546356956083,1421.2668124720117,2
30.67707518234209,2.804967470630592,1593.461602145302,2
25.671985116210312,2.844647664437388,1407.4978288532764,2
28.457231503524184,2.905925825283366,1458.828680982884,2
26.77982889327781,2.628052161434529,1527.3072360560461,2
29.485795089685432,2.4987712817666203,1426.2669295929188,2
28.71211640757396,2.884625070750518,1511.7180424506937,2
29.783789031679127,2.843637088410908,1427.7417043099595,2
28.360772831056302,2.4711762203759124,1514.221226035746,2
27.742908664328944,2.5981724210343424,1630.48863089461,2
29.939316741481296,2.2822532686664947,1460.5739742653357,2
26.09062242197779,2.5662071457740483,1617.2290906953294,2
23.981616365561404,2.9243310759545027,1453.725577325513,2
31.453069621088137,2.441533078011378,1507.9778740797626,2
25.27096683659878,2.440205470695803,1545.272519320126,2
24.970898205662085,2.5171505591406595,1490.4029165240606,2
24.14528042701117,2.5479987986659025,1481.803631521729,2
26.646743168511605,2.225009152975813,1626.2214861970522,2
32.15078367802462,2.300423769003506,1565.4191086915714,2
25.389908460239944,2.6348467619102807,1602.0288990194483,2
27.381076252028183,2.8267006818423654,1564.1039587084033,2
30.744290979466207,2.6681584184556275,1444.763870288193,2
31.280028856665258,2.5389208200487006,1390.381360029932,2
27.139505937762074,2.972409153880319,1407.952325875377,2
26.333532636198015,2.8934503951516146,1471.9530827999076,2
26.67823164560012,2.9008118184813574,1498.0443843388764,2
28.387826613288716,2.2785335715544273,1597.7884392737585,2
27.825288409809538,2.4010643549140473,1536.8806033467993,2
29.88282283449033,2.3586552176699214,1457.79842900053,2
24.387887316285298,2.5357522329090227,1492.8576548922813,2
28.943194738070485,2.5042954931402064,1610.614427775599,2
28.249186304333783,2.826527188255675,1594.9234414156333,2
27.408379274692873,2.5638002402476494,1503.616149418225,2
27.935363287784924,2.4651250585295696,1450.808278040574,2
25.549670382665077,2.388189176719557,1511.9586348297141,2
29.996174602315893,2.603896789886829,1607.122599108513,2
31.632919145159377,2.3861610603292056,1524.5385600537454,2
30.98935964676053,2.291318964404047,1574.7224411961158,2
26.69742204262892,2.959682514075868,1473.7318773847928,2
33.17629333328524,2.617910420106738,1424.470753502675,2
30.782650311373217,2.615283593490833,1460.025754892169,2
30.52662611935072,2.8384751927712704,1595.0042502797828,2
28.079063730089302,2.66788963377859,1415.218075511315,2
27.74858853486078,2.902264258152876,1462.198115691965,2
27.702931692492278,2.957905866713206,1520.5467846780093,2
25.193554227906304,2.379226981196916,1458.572272635001,2
27.30512733410216,2.67631550247408,1569.3856701226005,2
28.97233095727289,2.5467730367251122,1551.565319920879,2
25.288025547395772,2.809117205686514,1498.2215067585312,2
27.417726376615036,2.7221687311316125,1429.1859141770253,2
30.715026955947412,2.8835789939512395,1396.5197777104402,2
27.235255386310886,2.5740028846548144,1531.255631925373,2
31.509859137050263,2.5614499885348043,1542.3830588232086,2
28.549308719538306,2.929882495372406,1464.1664344619867,2
31.081610806369117,2.900847836066826,1607.0413999924654,2
27.014689207649983,2.3336109148826125,1417.3917481794015,2
29.251256501106894,2.484356821887056,1467.4576426379908,2
26.387629566631205,2.556917406027296,1534.691089522481,2
27.344665714109144,2.2384171171286478,1447.0776841579661,2
26.14311558661493,2.5507248576619856,1440.698290198187,2
29.905107071085745,2.386538669134644,1497.7840672846064,2
29.46678958265284,2.718614842621891,1553.6361779978631,2
27.353936914622107,2.2274581756255722,1473.3076845283604,2
30.45671239714311,2.22235119423529,1580.5242108025552,2
28.202758679676396,2.9320484784164518,1541.2639904836456,2
25.97240926232127,2.66274008553872,1492.4688925017037,2
23.787412096669872,2.4126809255142607,1433.5505029164037,2
24.87872489219499,2.2368001706831455,1565.6799635787452,2
25.594528414068183,2.2477525509257426,1562.2894719668202,2
25.538017365713813,2.6212891058049457,1521.180538929143,2
26.73315504868575,2.582704407897163,1537.6469303342162,2
27.347251795730298,2.57554781787021,1422.5583300638073,2
31.013954444771795,2.6654446847691458,1512.2286352662381,2
30.067341097933944,2.7887586038336387,1559.7253516694354,2
25.503272577084918,2.584829095486978,1399.8754093282023,2
31.376738822145228,2.4534894511483025,1495.0299734288233,2
28.684789392178835,2.3610227124996777,1477.0532354827808,2
26.984979551467898,2.4414730061997076,1421.4035631879992,2
28.350567275240373,2.696223080300799,1576.2232993706843,2
26.80306438131022,2.7954120137883782,1528.5860512806987,2
27.106877861665982,2.612004599441491,1459.765842293826,2
24.57433399746166,2.850842604340729,1546.7247426540446,2
31.332151487258546,2.5132201941767187,1428.4268390628731,2
25.12786804037511,2.5410071315731546,1463.9829491984667,2
30.312665910866336,2.95370403226302,1602.4300546743289,2
26.61343919252684,2.2052486207801496,1575.9513154640763,2
24.371411495243276,2.8197000528524807,1473.0841644523227,2
24.776762109174523,2.5382235383586096,1415.1007796093668,2
29.760443658113246,2.531084780148601,1545.1302544437492,2
23.8793636964903,2.409493810194563,1584.422817608667,2
26.087198977935845,2.7491489278857846,1554.2462769477354,2
28.208331552865936,2.638240100936955,1487.9943069977955,2
25.650658872781936,2.732273189603192,1476.6752560131495,2
31.265780212533624,2.5587385807599072,1571.9150841067526,2
30.879752831863595,2.8699531533714433,1473.9953234911663,2
33.30687036924048,2.656953371736789,1432.2278561677203,2
27.121274356031105,2.19246460592151,1560.2048947197823,2
29.512425670092984,2.2740226813859183,1523.2514183675312,2
27.99443113795014,2.656215438746308,1534.0440582972726,2
31.700306241451475,2.880489478020709,1420.3630788231785,2
24.257117778870064,2.384724034548623,1480.2283099510157,2
27.07926468371134,2.799420196524023,1571.3984600325107,2
25.228319737640128,2.870249040243695,1532.5114807590192,2
31.951252560882264,2.460380843878027,1414.7889339505678,2
24.22268313239348,2.9869277589429006,1566.6340388054584,2
31.294018489488934,2.4297042994399045,1579.0043307446635,2
32.58243208277723,2.466755878646725,1492.5957043074627,2
27.28838969425271,2.521453491345863,1544.0433996737322,2
29.67070404235208,2.3997794975565627,1529.7504652221553,2
27.64777831008627,2.2767382724528873,1579.7994743832517,2
27.872711456268647,2.323598867785249,1565.0382077250795,2
31.272648206903064,2.2629739369775184,1448.2684616272134,2
28.33004379242797,2.60083387765946,1560.321784300201,2
23.609759803970615,2.2271531510156484,1519.3632926955754,2
30.20278729185075,2.3813755059952406,1519.8153952922219,2
26.303169914446073,2.841878166217266,1549.6876084847256,2
29.725296562957606,2.7849996883342953,1513.6815707072506,2
26.9897051195437,2.445391636147648,1463.3774885034343,2
26.346213701243993,2.8258011071903466,1475.89166026986,2
27.322158579880966,2.4409979717393253,1495.1346290700142,2
26.855750882673718,2.807678335463945,1438.2028346652328,2
28.310651901811543,2.5709764767241996,1481.6828871751422,2
25.56278424869641,2.545892131552737,1533.8542576828029,2
26.164609531935064,2.6657502585571735,1519.2251003495621,2
27.35095435058257,2.9556196098436507,1537.8269679107786,2
27.461716782244586,2.8913859130335036,1572.5327067763872,2
28.657136940634388,2.8031733625613398,1532.6276391202418,2
27.69560617006569,2.3576612015571756,1566.1354024693414,2
30.03834471986012,2.225096532090918,1417.1058969572052,2
31.6209667285295,2.5908145282892074,1550.9709556046012,2
27.09923246267643,2.2844226289093927,1548.6310129439064,2
31.33333428217263,2.8575560117894163,1377.9672819039442,2
26.52259785218683,2.707587866362049,1427.5984488487893,2
29.17574235407166,2.928470623784336,1489.04496091768,2
32.23199531353537,2.7265185432865766,1523.9768593918789,2
28.033152330553904,2.6391468514054597,1589.3853826359032,2
24.67375305858237,2.604857289610513,1556.0310854173852,2
27.356193815167046,2.4921638697413853,1481.147038235561,2
29.22141534593839,2.6155749878379386,1430.2176588001848,2
30.737085620331914,2.658915123275136,1571.7477198171207,2
31.937829167575874,2.8613959410487473,1588.3912926329776,2
24.35331072350363,2.2440941201215203,1466.4786324369916,2
26.828800929412782,2.354359973589347,1412.256974542782,2
28.916459640758976,2.3620403424510537,1522.0967231369243,2
28.5392257190701,2.3371090679563378,1387.6614752062753,2
27.790648491284557,2.508333280878642,1408.1955058589713,2
27.973038325088407,2.3878194681097953,1583.691162324985,2
27.292021928873496,2.5372204980587028,1486.799045149335,2
23.838814707645,2.3953519622554307,1511.680147736439,2
29.80119317138354,2.547479553822788,1444.7221641356332,2
24.448184978943512,2.564739476987544,1477.9072418937699,2
30.136759182711927,2.694223686873832,1472.7588951445612,2
28.973216828163295,2.63849943196933,1476.100105096885,2
28.311419930045208,2.4280139997342576,1524.0148675384835,2
28.72640308008212,2.96215563958862,1499.3124911060668,2
30.378730421676217,2.4679710257472767,1485.2809303119755,2
25.1733193588355,2.497697602951896,1520.1008195826105,2
31.986365220160625,2.8225419990141027,1395.7587258298602,2
28.970846103079957,2.960447821146454,1423.261137742064,2
24.744031262869978,2.784630742688385,1457.62513099435,2
26.016642729998186,2.6487153827818117,1419.291118981375,2
25.486977867877933,2.635021151079859,1508.3085232243707,2
27.95474369847293,2.6017334158548326,1443.9177696297245,2
26.5707816069081,2.608930159405522,1383.9865116159585,2
30.922872021026375,2.438766988119509,1530.334850445069,2
29.51525736873523,2.7944066211473264,1473.1589022448406,2
31.08121331445387,2.476688789632964,1584.7279119998022,2
29.96566870629405,2.7354134979514746,1456.7607777982435,2
26.298082005052738,2.6041401195541827,1505.4932218427987,2
26.919323294833475,2.8949900996696214,1592.6910075935598,2
29.222097989850884,2.561135559577787,1502.432979742455,2
25.516911425583682,2.4833949656039667,1498.6727892071294,2
25.155537499332606,2.4769082096557242,1483.2736437579001,2
31.366016611426524,2.635091050286189,1414.8344681692743,2
25.78249898229871,2.618127957658021,1576.785730397446,2
29.319002227728593,2.3327129523421997,1586.3047622398367,2
25.77690503199879,2.6821633979657786,1414.574420299188,2
30.46940531290618,2.674847391003264,1408.6608037623578,2
24.849048435057,2.4268187047250818,1462.3421487799496,2
30.909784707177803,2.6733153445402467,1547.9639057504423,2
24.382278048982023,2.295176887243717,1544.908664542804,2
30.086140604866888,2.367830283541991,1565.4201965615991,2
29.94951720383811,2.571772069702279,1569.2881791615837,2
24.92109356675921,2.294350317418166,1531.9905177331589,2
29.09158548986813,2.430955579004117,1581.877621349994,2
26.489580477707865,2.5621734492236943,1602.3054720169391,2
26.385002446735253,2.8073019347176107,1444.3734481606482,2
31.289556406275608,2.3476003891566872,1425.5084928227695,2
27.818335045278637,2.307926827819574,1500.6610933553184,2
27.690805053054138,2.3364305544082726,1404.0465663356201,2
27.66652023917554,2.459394152961009,1389.5109741985964,2
29.453776223267248,2.8657100094767842,1535.7114721209239,2
27.715436453424616,2.27284671493768,1442.014448022222,2
23.9891148200711,2.4775823395919745,1592.6622332045574,2
30.282053871453353,2.6431865425518954,1432.2380971462483,2
28.959558180873803,2.4581320054248126,1545.6127323462122,2
27.14876569305349,2.5533076852936873,1417.1593085920363,2
25.552089336706917,2.287638081379873,1493.1430298581477,2
30.237677020246544,2.7984234450949854,1495.5953178935408,2
29.372196468245658,2.3257669004935697,1421.5718857476932,2
26.1921317049762,2.6157062281217804,1571.6682373586236,2
25.542173215887136,2.561379746893473,1477.2904565811655,2
26.878522062813843,2.745489784112105,1494.831823584556,2
31.167905296312394,2.196314253227108,1565.991226073463,2
27.21902504395507,2.571432305824231,1555.9514616953297,2
24.941998554676214,2.967923937267542,1437.114007573171,2
29.63170315202867,2.643900225408629,1498.4986427112754,2
30.826660932937315,2.6935149153632114,1526.4922551192738,2
26.521222057501184,2.279436467853212,1477.5915006799542,2
29.679560102283723,2.578074844206895,1550.2490026084322,2
25.400508147941448,2.220252619601816,1497.751967872567,2
24.968040277838266,2.5246779648432893,1577.6776951723741,2
32.2577508992227,2.5198557927215193,1533.457491394624,2
30.064202145599612,2.789369689896049,1377.1104538078996,2
30.127199885385764,2.839085077310361,1607.449040641353,2
31.643269911451725,2.5155328927973737,1534.3237795191374,2
26.044169001009603,2.3122591923657514,1395.6372100717524,2
26.77562131989204,2.717116531719398,1552.8613701987504,2
29.61377823267172,2.9436883616103393,1536.5943655025787,2
29.55493228309413,2.247437634138637,1511.917773420747,2
28.735525430260857,2.946689764189566,1421.4401656715893,2
24.61766817409616,2.410247261117976,1508.148091070185,2
25.602717532274127,2.2937994308250143,1516.84519389357,2
26.553935935959068,2.8376105120591713,1551.0104834313756,2
29.404896669275555,2.2358557527306435,1541.115059442023,2
27.565663563702877,2.8789777314942784,1401.9601244078056,2
30.59290807889756,2.42518482240928,1406.406288539479,2
26.770207836907254,2.6347558422993202,1514.8880962295323,2
25.139299016366067,2.505909911215219,1519.0568483439904,2
27.53328936565252,2.347051899214039,1566.9030431336332,2
29.08227929126908,2.8065302650681296,1527.0354774970006,2
27.436511268957094,2.5090175764258618,1529.8433751315595,2
27.189614905418033,2.318542592951101,1447.1497034886909,2
25.413580064839575,2.5505843252574993,1555.425922836909,2
32.45953715116517,2.7103401972437156,1574.8849871353455,2
27.59238903194787,2.472884278060455,1525.8032177647297,2
24.53967935336688,2.2488099626574263,1400.1442108741078,2
27.49576722811742,2.6417212002321593,1447.4395260851595,2
28.95924074483137,2.3415062826704207,1461.4564077296527,2
24.701652421619432,2.813645029716421,1487.3182840400964,2
30.548424911752836,2.76648633973129,1513.2558412924143,2
27.145312541738342,2.552952645586857,1442.3270823886053,2
24.794537948481654,2.574297932529128,1415.4410529421682,2
30.464576100789515,2.6757454331274326,1447.2204839263898,2
24.891343903586364,2.636946108465654,1397.6658571282,2
26.318388865433676,2.920865422626182,1551.709928649229,2
26.040078850502724,2.7702838957365357,1577.125973146082,2
29.655744914217873,2.5793553871022468,1494.0461892998937,2
25.19074296635028,2.4271662003964822,1477.187784405343,2
27.797875541718994,2.7589143333038675,1420.604593596461,2
31.534121083788367,2.2908281410089475,1520.605392652874,2
25.060894956558982,2.6670705649708677,1534.9817436923254,2
26.563714235099347,2.3146312352693705,1410.7024065157284,2
29.897015341541206,2.9575616858180696,1534.0536278087013,2
26.319571056760697,2.9146463744272046,1564.268261090295,2
24.834906832295445,2.7774796696544803,1402.9393389948327,2
28.41116861436173,2.498487361643341,1604.7812254140235,2
22.98747324081629,2.862355714257251,1539.3099017937643,2
31.050113869372684,2.722047780263559,1474.992435648414,2
29.349970002640845,2.3874495688723503,1481.4155140233684,2
29.627273187387566,2.2392711013821236,1465.1174789518716,2
27.548929057982054,2.518438948601861,1377.966474574305,2
31.534187808825504,2.3347769754766796,1421.7837906791474,2
27.67286228165996,2.4978556873310405,1441.3968461647546,2
25.605368254533076,2.51800609186454,1567.6757011300804,2
29.02664372346519,2.2139453308620523,1560.0730465548763,2
26.76731506482431,2.9266862505326845,1540.3980861009254,2
30.636136853046885,2.3958277779984423,1570.6634065881744,2
31.688089851325785,2.6347945787782407,1605.406563462789,2
30.44958161433857,2.2960535521050494,1438.6426085686671,2
25.207947330077964,2.896351440423351,1415.9256894489265,2
26.77691175816444,2.4853441057467953,1403.9814212543893,2
29.673429375293836,2.9184510278261855,1481.9278617330585,2
27.767775170611834,2.4946290143575602,1594.1238052317708,2
24.210361357640775,2.9241307094536055,1521.8957036898082,2
27.42322074077154,2.652876717976663,1504.824166770835,2
25.10794634107158,2.843982411969055,1550.717915800595,2
30.767927025889353,2.7270754139278206,1433.961749277001,2
24.691547185986416,2.3176835923647325,1419.9066652000495,2
31.405083945828387,2.734777199210333,1507.8224659380628,2
27.97427978787673,2.337622939853545,1548.5259490980004,2
24.6450445590911,2.573879992632401,1561.0341775677034,2
26.44154927888975,2.7015550873947145,1495.7289152880253,2
26.373776175945753,2.4260070147446577,1439.9572852237968,2
25.727228665054795,2.488055349033806,1601.57335650784,2
24.587705469709075,2.5001370546252475,1643.4651257644568,2
25.499519067239476,2.2928163126595864,1387.8601271414273,2
24.938002846983274,2.255139256684563,1429.355684588923,2
30.728795473134994,2.898231746570823,1461.0343813978504,2
30.474095414491575,2.1818991642187173,1442.7022454238872,2
31.303194570431334,2.573356091850068,1451.1204624492418,2
24.508852035824262,2.279783978868348,1449.086061094635,2
27.763197782076595,2.8190353013338476,1563.5037657218402,2
29.77166495139737,2.659737556068106,1532.1952249415885,2
27.71583629037569,2.6810773752761787,1590.9097481165047,2
28.4725785636345,2.21237113983712,1497.1207333111836,2
24.33997380293517,2.699240420869848,1465.1647277191487,2
24.51937668843037,2.8364467383035743,1567.155416037642,2
30.853035745642508,2.74377151492859,1544.8869359347689,2
26.091210017572966,2.5708497474323115,1571.2351693758785,2
28.35064893685913,2.8210506592826676,1590.263590370424,2
25.286550400142282,2.9454897596798735,1480.8532039872096,2
25.910508465743018,2.3646816696828474,1526.427767398411,2
30.120633897782803,2.607658297760706,1432.3726242767978,2
30.408671854119586,2.669631999299721,1490.8529639009873,2
30.23315021144516,2.2179271182465032,1465.685512558275,2
25.405142011160677,2.5996875660603744,1516.7754152169068,2
24.724223351760777,2.540157961025787,1521.1933851628971,2
30.010064028566205,2.784306744127584,1416.6972998142744,2
32.612252058092565,2.203556182711366,1533.5502387542538,2
28.0041687201895,2.7190394213451397,1502.3970103334157,2
30.11151688977739,2.5358819354978435,1502.6407548887362,2
31.10908302401446,2.8159533797631378,1603.73836800565,2
30.532181410384112,2.6429801009678795,1569.3832317532988,2
26.305381479160317,2.354978820035699,1574.1408652075645,2
26.321803478824194,2.24578961938254,1455.2097275768037,2
29.757820005564266,2.901316263671298,1406.5041405163386,2
26.925537328451156,2.7047284238805593,1580.169153755732,2
29.114158682917626,2.9425619434535193,1468.4274863921391,2
26.145330791839427,2.900686155184016,1553.8658710290617,2
31.12189332996125,2.819247074704937,1491.8302721772566,2
30.00641082343123,2.9141812649586183,1554.6663270636539,2
24.564846138340087,2.22171976337923,1553.89588176735,2
30.28411777976633,2.7620813101452937,1468.6302345112995,2
25.585873814883154,2.319153625929758,1569.3111335203378,2
30.020994881319798,2.915976562483451,1487.7323487275592,2
26.27209886627979,2.865596058761362,1440.6083949308868,2
24.29331996594069,2.616247836047246,1449.489487687367,2
30.605396451425037,2.6558001523343364,1447.8091846807954,2
31.288175834755442,2.6190525134062175,1487.3013544595606,2
30.898377155067095,2.744705266269183,1600.6219225869622,2
26.566705443485215,2.754191322684385,1351.4602254703032,2
24.35186898103771,2.661416719569016,1506.0030181091984,2
25.085325814683465,2.7782398698871043,1458.8379446130932,2
29.280411787274467,2.932638657138086,1432.7598934966281,2
26.148646587398712,2.7692397116402465,1435.3281003966274,2
31.21272015786565,2.4553019418946893,1490.3084144245884,2
24.467981995500704,2.3237046391295624,1457.6065373674112,2
29.65034477203574,2.788496904664431,1590.1080336730306,2
26.34792239898895,2.925287675356208,1490.4079992965865,2
27.17632653787717,2.817745627111674,1516.44732808798,2
29.832826303906476,2.8914513249076985,1521.1782764578595,2
27.28814462884834,2.563302350956456,1483.3716482176276,2
27.55342484169789,2.2544394017105476,1571.9457769522726,2
27.587291807897106,2.692026044954527,1454.559111956173,2
23.96588156901811,2.5115239077327933,1497.2301772899777,2
30.95255594616723,2.7099733319359998,1545.5395653072796,2
23.55349235926799,2.633771965257552,1518.010067746748,2
29.09786420194517,2.2364383421726806,1507.529302190394,2
28.104111872838367,2.4730946763739015,1468.9810377804781,2
25.98343289281394,2.7581564165725587,1552.895755959439,2
30.146157295670672,2.657815877573745,1545.4539676253055,2
23.86125646853624,2.544726666435814,1468.45907944473,2
24.259345294236116,2.9603644991477838,1534.1834472683493,2
29.691281835865034,2.3277693090984264,1562.2644899036034,2
26.613401508473167,2.4772891494071474,1444.1261543276817,2
29.935573032093483,2.906641905367664,1521.8197686796084,2
30.243799805458966,2.5879491233103042,1525.6812437543633,2
30.677072185022443,2.3414489645165433,1622.7787520079257,2
29.348676974850147,2.515918029232853,1461.25428186226,2
26.59682451932038,2.801404984963638,1422.337440949129,2
26.453032186840005,2.738290637481691,1486.0505436837168,2
31.287771237456905,2.210075457888409,1558.4212248221456,2
27.68183351535109,2.657200124792439,1463.1030498623566,2
30.885821778206957,2.9483396838236278,1437.0465108165638,2
28.172728841456678,2.3046957185269457,1405.723737132298,2
24.899735699588515,2.5576643967975983,1425.6738776031764,2
30.113629573959805,2.240892093333322,1427.0848543333786,2
32.220369179915856,2.8809317490263737,1567.9486693192848,2
30.272103867063585,2.801265728066,1535.8114264935152,2
31.83166646364854,2.54227867433591,1472.4735748545654,2
28.885410569278573,2.422685344923608,1563.3290927292628,2
25.44169756718509,2.9467776689364165,1449.9821645338573,2
32.263618970280945,2.3495493023552885,1435.8122075452488,2
23.921752661692793,2.8084609289807765,1439.2877811556248,2
30.577238606287366,2.278052155267298,1444.9329399214273,2
26.037345586085838,2.8881689458548516,1562.1413049113453,2
30.567953209213574,2.965211669298916,1562.0758046178344,2
25.63198029336507,2.2949073131188427,1592.7613094801775,2
24.83274853669921,2.848395805614273,1589.4706915681406,2
29.912943796261093,2.7107160688546554,1422.300812621331,2
24.96187891095064,2.287529482592617,1494.3134062205986,2
29.75933175346727,2.929187030401332,1559.6495127053663,2
26.813479028548695,2.332017485085369,1578.5893658839439,2
29.824400183383602,2.672318362558064,1573.2891035345683,2
27.569758771608182,2.7329872817528607,1515.301364961908,2
32.79562894249795,2.438551127445275,1600.3001722803963,2
29.044245806194017,2.514931936095561,1518.7308285648603,2
31.072447037339856,2.3513635959304366,1462.244362802524,2
28.322470169503895,2.7981032699659885,1499.9050074444772,2
30.305863164912886,2.310190222919315,1542.7077769325492,2
27.85819242696732,2.2281373458883924,1482.94039784103,2
29.5997010692324,2.8393469331116155,1436.0317662321756,2
31.120928495059584,2.4571365081041927,1439.8079893887982,2
31.32313977209253,2.6366014616238616,1450.1687957589768,2
28.064217470229305,2.8306691855686674,1441.617085890456,2
26.312808830052298,2.624991834394194,1403.0929151334444,2
29.720542247025612,2.80633860246061,1509.6658640917146,2
30.636608798200974,2.8557083686148212,1548.767676445426,2
25.406676193120877,2.219051565655445,1545.979927002698,2
27.53406784834947,2.3723629037929608,1498.739564857406,2
28.69647914362886,2.963327869661403,1560.5901180335754,2
23.96670770440562,2.6591610818700344,1501.8515549514111,2
31.371223945963987,2.3102518376179244,1497.4767580561283,2
26.627505920203316,2.69327691085547,1418.40161873607,2
28.061358320436803,2.39097322183628,1571.5466684857895,2
27.299333779528975,2.665897820172631,1421.4291519119186,2
29.56277710405987,2.575828745062289,1563.62700586412,2
29.603011742119282,2.756285712900169,1443.9807078017136,2
29.73925113771191,2.8513856974305845,1393.984544294865,2
29.49311223211631,2.8644589672674883,1563.7280765212422,2
25.808242559264244,2.8673057357020033,1598.1980105074545,2
28.413428744049007,2.7022933169438894,1440.3278255542841,2
30.649551640493556,2.363151594386747,1398.1065767502312,2
27.805455796922452,2.4722046612640742,1411.4594915047444,2
24.90561319009824,2.296204968379352,1410.4176702743869,2
29.553686471500242,2.3085602612053187,1470.9843975177641,2
27.960395464084968,2.4552909930826736,1579.0726949832854,2
31.274573206253955,2.5256492283687906,1509.7580237423683,2
25.69324959039915,2.708354712329343,1465.4886765994436,2
29.83315560112059,2.3305384055960174,1481.8531324938622,2
30.401838249309563,2.648602388306162,1435.4421082232072,2
27.954277380509307,2.79988250653125,1439.929007789201,2
26.63579806584595,2.970383737149721,1516.7582211826787,2
30.115840172583535,2.507000077148409,1592.8734649808182,2
28.07860139649803,2.310192707195456,1398.4150977036895,2
27.55827170341112,2.230151726049806,1561.4947779405245,2
29.618566683446886,2.8211374019511055,1501.7424798920176,2
27.973114936038378,2.3810748785452795,1577.4385794510408,2
28.548145071790923,2.2661504609404775,1562.1155415785788,2
27.326784134876213,2.826629313290516,1536.0581243569054,2
29.79843685637961,2.204037179847126,1398.9726062333139,2
30.499613389940514,2.9072967354822716,1407.3509893597707,2
25.959378176205433,2.3265475221263783,1514.4890240343561,2
25.94837997023584,2.233541554292708,1441.6457202330494,2
29.34554263632887,2.775344915106828,1590.4204801276433,2
25.220085587013347,2.2039899744687386,1586.0876210534684,2
27.990085610664615,2.1939908762976277,1570.6280596286422,2
29.966014387608787,2.3163898764434396,1447.463439264982,2
28.134525252670446,2.52666443225023,1516.2439323317014,2
27.380753181240408,2.9648481050616398,1513.4372356908036,2
25.687422820705198,2.447817340007781,1544.180581938219,2
29.859023396304575,2.2833565066010792,1443.4243384686129,2
28.606755402438203,2.3102126618063177,1567.454365090599,2
28.355290046042015,2.844684533978721,1478.95355175263,2
26.35184570323685,2.50219244838219,1427.044226836423,2
31.351151999544133,2.89693636602116,1602.5947211601303,2
30.122461123085078,2.7741289688292956,1537.7426621087377,2
28.858196385473367,2.8462567712296005,1481.3367379461758,2
30.955742189483672,2.8962650274802058,1552.8374262057537,2
23.82394508086221,2.481926730126099,1573.2900181182497,2
31.479405495616998,2.4307100863807953,1396.4800369949705,2
30.846014214819977,2.3795790720377243,1499.7382512495535,2
28.572030698578494,2.8667333077871393,1410.2030393892683,2
24.645749489128292,2.918617840550734,1594.6236556141826,2
23.453826005576598,2.546440721191278,1452.7806338011999,2
28.192472655048316,2.4975841058433947,1450.7187712734028,2
32.46295854949292,2.920640258136528,1436.612440534082,2
28.096561682636235,2.9891687436201093,1416.751911710651,2
31.38882251618449,2.253409453037588,1484.392501107546,2
25.973367057473837,2.198031920367398,1562.3046327732186,2
28.686709562681774,2.845507227428777,1437.4282213198069,2
27.831096301245005,2.205254148651514,1507.121362319354,2
31.146880885462,2.9434852908213225,1609.7515834234048,2
24.60124968645171,2.9270166510649074,1404.604576954657,2
31.000166927529182,2.5334448011724016,1487.939323857545,2
26.610515050314657,2.9195954914530664,1489.389090343857,2
30.272478940961456,2.8368287306098248,1428.135758128936,2
31.669439226583545,2.2801083398244337,1496.0571266491759,2
23.57178241406411,2.2221419380476415,1422.4821121501857,2
29.822348283620236,2.3941290615786444,1488.7198647039477,2
28.317045531875404,2.8603972445660797,1438.716938407895,2
31.64751111084073,2.9074675057546044,1505.6197521597667,2
29.38306179595559,2.39866206125157,1458.5431945976275,2
28.25271258937302,2.6009851959585077,1434.2496289843555,2
30.955865051969184,2.6627368501343245,1437.806618535835,2
25.65681529098215,2.411733908599371,1520.2406584278203,2
25.948172213420953,2.349646773974127,1598.0788992955147,2
24.039515786579074,2.6032237862772423,1413.7738438133658,2
26.488247644144764,2.957818807302307,1547.017873855495,2
30.120573738155237,2.508631074542399,1586.7612470124757,2
29.868653401708144,2.414211155457599,1533.848782222382,2
27.607726621857008,2.6673585911569457,1450.752983797675,2
29.151806923351064,2.7570327543086086,1480.9369909491036,2
26.87896130449738,2.8483064333909804,1557.2870224372218,2
26.57354911576488,2.8877107219235922,1512.7101460565918,2
30.317378465724158,2.451985145315897,1519.2631971370395,2
30.773866084144867,2.9351650162089156,1396.8099485988098,2
27.810612092186446,2.6852255660449407,1499.70078056012,2
25.700915643440943,2.427964600038793,1404.3651031809181,2
27.057674896602347,2.639619914652489,1511.089110363169,2
25.828663819775674,2.617471166529971,1560.4414066704353,2
27.058440469688737,2.9604446731950333,1443.2062186825099,2
31.588198723162392,2.416789789577637,1448.205996528903,2
25.91150137285265,2.847792868165091,1585.5110441767795,2
30.593094528187986,2.423796196706296,1393.4623455351762,2
27.103157873527216,2.3154598088701523,1474.3224383432591,2
26.380528057745817,2.419688715317882,1434.81876255863,2
26.03609460033923,2.234207916546561,1479.6420877157466,2
28.95469397779794,2.541033740375189,1633.9870308313355,2
31.068794473894684,2.5295448033622625,1564.1033891191294,2
30.525313885144296,2.723363260579415,1501.011880225489,2
27.857354718314397,2.635030235661069,1421.4174363477582,2
24.157254017858897,2.2908423860454046,1537.2349026533605,2
24.2989221922292,2.8635128426293943,1608.0013759127673,2
29.871710636412438,2.30236406106577,1428.5992676955846,2
28.13958885036672,2.5038939955445305,1418.7083970404701,2
27.59220468908525,2.636247413970052,1568.3717756908443,2
29.198881700787627,2.936393115531042,1544.6411286127634,2
24.97322334131709,2.787719845742167,1549.0065834680051,2
24.784548404661347,2.953440437209731,1497.0534141125918,2
29.56949449798829,2.8128734476756967,1553.4935228391919,2
26.581302792777272,2.8409907800587266,1542.6186922726586,2
25.151288923639036,2.2341582907088684,1485.2135118037136,2
31.22839564633355,2.467526027511698,1535.9135992204654,2
27.40392027341472,2.460702179647636,1537.4183634099397,2
27.225693785647216,2.9205254236545195,1516.2956388268133,2
29.838690751592953,2.8809616910531335,1430.2707701296663,2
25.52380674328653,2.444412563763926,1395.3016547118839,2
30.524547564025376,2.401302530911647,1460.8283619564033,2
30.093225334284543,2.2649155651457638,1454.126119636427,2
25.397330776028046,2.220551072643208,1510.2249827760888,2
26.499319405251313,2.765570616304461,1617.0464489540002,2
27.562141363206205,2.713805797731628,1480.7178927008235,2
27.87167285870885,2.560191917916493,1468.120649271524,2
25.283511888418673,2.554122795887651,1452.6362799558624,2
26.626071188219733,2.369051744583945,1543.9377923210805,2
26.251605089646322,2.5666743777364176,1436.9167139896795,2
25.920517246484902,2.381678855017444,1551.156577479216,2
26.82553192363926,2.56180309941487,1588.7387079739408,2
30.742284101314677,2.8426481925756133,1535.2024488816508,2
28.401325281769296,2.8448379363500362,1511.338065667942,2
28.879507624334973,2.2944725347117223,1473.1751684475846,2
30.651309987349535,2.45435846872435,1548.4781593365908,2
25.517371582096242,2.950223187904391,1471.3650362664048,2
29.55142205561204,2.87565450035955,1560.4017655963094,2
26.021166148947817,2.494314096096412,1585.6786409870472,2
25.86876984953239,2.305648933983861,1565.0503124769361,2
29.67574566618698,2.949734054241458,1525.094256668765,2
24.729987112164835,2.9315690667183287,1582.1579285412263,2
24.880536700037847,2.7287893784427553,1558.7634606478205,2
26.835933248361954,2.569767720629718,1411.3293925050175,2
23.763434629575862,2.651663825653511,1568.001908974016,2
30.68789335323567,2.489894193323199,1583.9931044631599,2
25.83780272383136,2.4631878108824057,1485.9068792514709,2
26.25211744625213,2.595747050663084,1396.4155348155286,2
29.425416028713684,2.8478313667824904,1437.9250817838397,2
27.38536447158149,2.867221621832676,1451.0606769985523,2
26.0979048275707,2.309754648279809,1514.0127919158917,2
30.678716054350183,2.8580725040209902,1522.9913793896358,2
29.372972945194466,2.463092134030158,1583.5999983499314,2
27.634182058635286,2.5016671027390025,1420.912940875146,2
25.574637014250076,2.7621044856350414,1422.2219246640443,2
26.47094851641339,2.400549019010303,1438.2208259842141,2
24.692868113304115,2.4317961293011368,1456.625587959506,2
30.776875053944533,2.3743479422986495,1535.5554608058253,2
25.204637846516672,2.550518674715589,1478.3100239042665,2
24.74448629728403,2.2825565131987897,1560.2666480049324,2
30.30378806470128,2.4612183925024587,1602.9303644787753,2
25.376253379715877,2.3254515079649556,1551.0649651112842,2
31.432236704733374,2.638593329339774,1577.9582884078109,2
30.56438516805502,2.715601336333236,1557.1936746321533,2
28.51865648948105,2.359260879011743,1622.35764026498,2
28.250687379640315,2.6830667982273826,1402.5440155850256,2
32.31282064814648,2.4746223664018214,1453.6489496511638,2
29.24505105094378,2.193560596445245,1583.6820789605804,2
29.61812462301295,2.459893457758581,1542.4371533059787,2
24.645538297606564,2.7986788469859665,1466.9447443696945,2
31.25297091762664,2.3779612498454057,1599.6560910184135,2
30.203807154492175,2.6158845296923037,1505.1109210629445,2
30.06538520747884,2.7835468936126304,1504.9444276730471,2
27.78064968844186,2.378567400780614,1573.5591005793763,2
26.353324298846815,2.2977224253609934,1464.230300786318,2
30.833403333625213,2.4963578280316767,1490.6271225357266,2
28.750609307124968,2.7742469608655185,1502.2129424789648,2
32.211196162530406,2.675749595689671,1475.673240862944,2
29.93239837578607,2.7048000306006785,1523.8283957485255,2
26.744032029524245,2.585675337337087,1510.8251577277902,2
26.56885242705037,2.867124104439682,1623.9301623605886,2
31.426543522564543,2.6428544856315246,1517.0932848375921,2
29.208739473088695,2.830864713616256,1516.012586421707,2
31.259967692821327,2.649727456137618,1560.0760909983105,2
29.182988045056494,2.3424854905702213,1589.5067014860542,2
25.054644404780245,2.796645991382472,1419.4041855016715,2
25.501059933606065,2.937064379525106,1423.1777904452556,2
30.120351498379975,2.730310586968676,1478.4407640430745,2
25.744809407915497,2.283781218385706,1524.7039818834921,2
31.634454706397527,2.347110552211248,1470.4847496999753,2
28.389154633736723,2.6685513616711902,1465.8378308824995,2
22.545780110482454,2.1701810100995753,1420.6322379025573,2
25.780888677160032,2.475196564672606,1624.648418859173,2
31.496248222501357,2.8769876768007765,1534.688340021896,2
27.02010165144625,2.485682345961756,1437.299601361499,2
26.734071604459672,2.259441559249077,1484.9553096314628,2
24.5570188222002,2.341716844814428,1572.0348558185697,2
24.36042861172976,2.662051949258704,1547.4905993271045,2
29.335672591501677,2.4128574288990463,1532.9333919359358,2
26.12212724703765,2.289874567091252,1507.7827772652965,2
24.9598272559265,2.7653483489440367,1534.2749890394678,2
26.333775828590717,2.777278840625857,1488.4150548611808,2
25.841698540012985,2.2675879546232363,1507.0808722049983,2
28.684066002978806,2.8913562146297562,1475.8269991138948,2
24.805747605672646,2.5672052050145706,1366.376242357994,2
27.644213640536172,2.797578558121714,1524.9465366750233,2
26.684207855956906,2.5961532783939454,1553.6588518474198,2
25.55447808280295,2.2011485915590865,1398.1492925031507,2
31.637387354285117,2.356652181438897,1600.721030736443,2
26.85008064190064,2.361669469050985,1519.25743688709,2
26.47733575036121,2.437425787031099,1505.3882035596241,2
26.39331289382085,2.9479811127015,1489.2468102192138,2
28.48556488174406,2.7623966147063177,1445.8272226107479,2
29.42472376042297,2.490382249436221,1514.3805706825992,2
29.715589372042537,2.212324664210497,1509.855163623345,2
29.03161790464168,2.940969297874325,1439.2775503648165,2
29.417837441416317,2.9024858044562523,1432.744481077759,2
24.965372137180132,2.8504320417863247,1447.3913092923126,2
31.17035850889696,2.6678182536470705,1478.022183821998,2
26.42699317374362,2.2360392267770535,1528.1105912396415,2
29.47924892543768,2.5569834303631658,1552.1073779301605,2
29.9870724366174,2.5418396116440887,1496.9996892081135,2
25.997142066861425,2.9555906485691756,1539.4967642214845,2
29.084866485271487,2.2175024253757876,1528.213363396298,2
29.59325949673281,2.6775748764527787,1602.4099017571439,2
30.013225189261856,2.860025427387947,1449.4904376693858,2
31.527125036080495,2.653612854058671,1487.722872151808,2
24.368328258360197,2.556300185844372,1510.9054171193923,2
31.38126112781948,2.8817564723817672,1483.31641885304,2
25.088195629148032,2.3426025849973127,1403.5886610439527,2
31.53597551277114,2.5378214708577564,1543.066237996773,2
24.539325004414977,2.665391196777917,1446.7831275272017,2
28.32290390860182,2.799004472856387,1471.9940277490462,2
27.999212377959644,2.329357569345831,1516.6303491685467,2
30.367233609808604,2.693087552321377,1429.80840747089,2
30.358510573077353,2.3778949875788493,1481.362679826948,2
29.746207309769577,2.4377596524227285,1473.7554521588079,2
28.09643696533302,2.400106398795676,1554.644981156462,2
24.890776392633125,2.760222272748614,1486.6983948851903,2
32.124744199532394,2.567453094124283,1468.360205734474,2
24.453976819677703,2.5168490427510637,1415.1200981785396,2
25.479532203274236,2.451606218870883,1428.7149462538007,2
25.845005405890134,2.90614671817961,1633.4733858754753,2
25.397192916396712,2.329221646311523,1577.65100344511,2
24.723179829011382,2.4182704509892683,1463.2489024971946,2
31.207853035057433,2.7253029122052603,1466.1279361670372,2
27.89795479850082,2.399890511545973,1540.131342793175,2
28.379331521191922,2.437673568512407,1550.5943001163273,2
28.69514183506232,2.4489642870656816,1459.6895666011153,2
24.59199091360639,2.3050528355724964,1587.9678793390133,2
25.77339776151135,2.482764024784405,1422.198871687272,2
27.21484747694104,2.423517400187011,1528.0027309362501,2
27.542194097659273,2.8073537091592913,1524.0047144542386,2
23.918407497676306,2.6188679989094337,1541.0791580691584,2
25.0366237725622,2.430239094695259,1604.0708026118737,2
26.111534707560477,2.4569910246481284,1487.153466682652,2
24.905182273955965,2.764541388125544,1474.1906301479155,2
30.63656802382396,2.357310317361453,1486.63579557114,2
25.84677071507297,2.251279569312834,1570.420939016028,2
27.118447751538543,2.526807478062975,1583.1657911178347,2
28.91016649550692,2.5456791732880317,1535.7986723477152,2
32.06447492459441,2.331944390636354,1546.291737743232,2
23.84874354924894,2.472979771939567,1472.1871724849868,2
25.023019571762354,2.6431620315482665,1459.933468030283,2
25.8253557771881,2.2353309253295133,1569.10992945875,2
31.487155311826,2.314460425857238,1625.3152392813345,2
31.664435126887547,2.7101941794366016,1445.0424879125953,2
30.845274562516845,2.4028580662338506,1562.0864774909621,2
27.287450506445694,2.463138583959296,1481.7199467214043,2
28.21505082098329,2.4066130075573517,1439.364690854231,2
25.575907254710582,2.509892408868501,1551.1445839606038,2
27.245382105032686,2.8813328059165553,1572.7407126311039,2
29.49215635557602,2.850638782367552,1521.8194310683716,2
26.675852831378368,2.4688928662587126,1519.0259527019948,2
28.403740688626222,2.320340734558063,1465.7745058292662,2
27.676415509974145,2.7067051928994337,1503.7121868359527,2
28.09282410314961,2.7519694607614222,1430.2382944510641,2
26.586511493423686,2.725122248153689,1435.542155817058,2
31.269370893295367,2.463951572783433,1520.9950029636195,2
27.301092280189263,2.7636156889816546,1523.4230245338076,2
28.97852075772003,2.321203891935784,1470.3668772115743,2
24.19909740322163,2.571048025789269,1583.1331900192986,2
27.334450789941204,2.7260194516292664,1462.000998688711,2
25.111391217441096,2.2036332172298017,1550.6540325162891,2
32.429696940358994,2.6608226141904714,1455.1415565553575,2
25.381524781111363,2.3819814099727195,1465.710308179332,2
30.432401794180503,2.7558484456141104,1466.208417918046,2
30.462788974594858,2.5470787100086345,1458.3929756283574,2
25.993414814901403,2.928838508431434,1436.5659947879699,2
26.508565428376105,2.8592834645953644,1486.2674016604906,2
24.26552546870378,2.589237014911921,1475.1919682558703,2
27.37685914251251,2.7684370149233697,1585.7678052369524,2
25.070538740361147,2.3141837853129266,1566.524373639726,2
31.15403712026199,2.9434560012139763,1516.6616193221716,2
26.7488735125717,2.5407067291531087,1420.4141319148575,2
28.9625660834841,2.284294743431216,1407.956324469735,2
26.719844784113747,2.738318987777918,1455.199940390949,2
31.53706820619476,2.891032891715174,1473.3889501401281,2
25.23324825971352,2.53565541319107,1457.232701216415,2
25.08267355768865,2.5307338989632817,1473.747464069584,2
28.48829822176541,2.3557166609776554,1446.5274879004298,2
26.379705263795028,2.644724224335112,1575.0630031520845,2
31.694896859535387,2.2661722789877476,1403.9092310723854,2
32.05845539094384,2.344117158923794,1546.3144612661551,2
26.23698254464059,2.581111856045914,1477.7480209483049,2
26.67588547814634,2.6859785948587804,1554.672433521549,2
28.720499140823744,2.241898844681754,1428.9215285515222,2
25.835846821711513,2.5037346088295607,1577.4483697223513,2
27.315209024043842,2.8842525092787064,1462.8791428516504,2
27.211013682900106,2.4384850224884453,1532.9253794655729,2
26.59036768966678,2.85086131230855,1475.5156908778908,2
24.424175087199746,2.8849650930034128,1417.822157100923,2
24.659026408478656,2.6876377430012863,1564.3837874058956,2
28.602482423742334,2.8338362976041034,1430.190728750978,2
27.19501675408409,2.8016763252366754,1408.4784809762216,2
24.675214047536233,2.310039216957135,1555.5461485153571,2
31.56285024802006,2.79119907996373,1438.4744474231004,2
24.898028664578646,2.935282403672371,1613.314484381103,2
25.958409514105693,2.31936116114604,1516.8351095383557,2
25.58350457592463,2.3428145963216607,1444.326202284544,2
25.383761535842826,2.2410182756281305,1397.6936662273629,2
28.427783892879038,2.3733700106620343,1499.028074932803,2
32.24627560925106,2.601028421338792,1555.8833028127497,2
28.766220220839642,2.9141267399513113,1436.0386355238145,2
29.534438161506575,2.2374415990960226,1532.638518269205,2
30.417766716269487,2.7268312907572887,1452.2390336507387,2
29.005778867084345,2.21186671671333,1426.8722575577553,2
24.672766728271704,2.8794647670620517,1560.5648784505925,2
31.412072458673734,2.791488980879196,1504.768629521663,2
29.306772473484475,2.7784971653092403,1455.8022233602646,2
28.617253690266327,2.8054807727802147,1507.1508990256723,2
26.630868300189046,2.234574805390046,1430.6925402546824,2
24.202347246537478,2.588268948952667,1521.6273143297637,2
26.164672575794437,2.884142951471037,1411.5694399490471,2
30.386188431755222,2.6547824159690574,1417.6264551933916,2
31.284440159979642,2.4895699285482302,1445.6431310640971,2
29.05694612056923,2.738082107568793,1458.4613925891558,2
28.307976945254506,2.711789368092381,1491.502046399158,2
30.601631893486594,2.5874795864859457,1528.5774007692653,2
24.787927605698716,2.446202694825911,1544.6171074322272,2
28.96182154031595,2.438254638250854,1455.1887544304402,2
25.348364900953392,2.4304133771183074,1515.8469489379752,2
25.642983568965104,2.889379067564727,1433.04418269344,2
26.045764585534748,2.2926933071896105,1562.1526072596066,2
25.02766208871586,2.2869717893757877,1573.3236175150837,2
27.75111548956681,2.847570507720015,1597.2909326291049,2
27.968979963374927,2.62308060678753,1489.3560340919355,2
31.60570546280215,2.783315653886693,1403.6181976142307,2
24.88553654828006,2.795310628005537,1435.1789146937322,2
25.777754692200162,2.4782818008914576,1517.1435949860456,2
26.25852699977747,2.419065424669937,1514.5044569476656,2
27.39145919290722,2.342902152158583,1400.537438045649,2
27.725560997523537,2.7027635502721337,1398.907574012898,2
26.002201639502353,2.513459911754069,1468.187775640924,2
28.003548160372013,2.680976592068388,1476.1468711099421,2
29.784519451771867,2.3364587250038484,1534.1384843962078,2
29.72430943679704,2.7529712363431496,1420.9354244156664,2
23.370352592589064,2.7821926845361884,1451.3424423245613,2
27.772884443946626,2.77770069736157,1451.783053892359,2
25.900037450303596,2.519147353769938,1438.0561985879299,2
31.83487991988832,2.221184379300871,1545.2239534275013,2
29.52546997143365,2.462699377250926,1549.7180262666975,2
31.532616869786793,2.9526633453269993,1566.3198289133277,2
30.764648757763165,2.5946184432520027,1420.7264897757623,2
26.811665030648133,2.472711655823211,1407.3313281824453,2
26.44188657108018,2.35732210236672,1430.1164983826359,2
25.70281960621241,2.196837602576344,1415.0616872067994,2
29.861846052599965,2.720536837309967,1523.2157119656583,2
27.22781652101865,2.7474706588713698,1541.6433152745276,2
29.223775984590546,2.731040755971107,1414.6644448195025,2
25.26540555642237,2.704570885685247,1376.6527250563324,2
25.477554667209386,2.4804047062587826,1528.6254218830065,2
30.500715939628737,2.467347667372186,1443.62819207814,2
28.54073528667773,2.2305906986612194,1447.3117287364423,2
31.1757509279838,2.918347943328837,1585.9282248470238,2
28.361250384925587,2.537769918862908,1479.63867847465,2
26.310105529339804,2.4576980307561045,1465.9382308422782,2
30.945984426965204,2.7734418949849755,1544.633947771816,2
29.061565157998782,2.678101881207105,1530.7884464781228,2
28.559944531671132,2.6255187144103935,1474.7391213508056,2
29.1888541117036,2.456883968913234,1476.914246310163,2
26.230388504804736,2.7528892304775914,1437.4611461411619,2
30.59526964751726,2.9391091879414075,1557.6451779781091,2
24.284657676277135,2.499351923792118,1487.8307890262483,2
29.63100086983919,2.712361055882919,1497.8417272340835,2
30.30265000450214,2.7911152291952357,1478.333615086458,2
28.887490221102322,2.2074645005296247,1469.8185240662413,2
24.24175245355096,2.2125506539923663,1505.5091912312714,2
25.125992020421577,2.93209942728236,1566.561707639374,2
28.86534014002966,2.6565481000901214,1570.0705384719408,2
30.57153857680367,2.5362489612852563,1447.1848781671738,2
27.70264027134773,2.3731487552462034,1540.0644203483673,2
24.37624776747373,2.6935731991958005,1498.4132347505108,2
29.78833479559682,2.421438015509033,1541.4533159229386,2
23.964456554596424,2.407811723996466,1578.0018049760474,2
28.663439367179095,2.7447333281602693,1398.4158139829844,2
28.92022936423457,2.6171372045276415,1578.6276500124213,2
29.87126534311511,2.602178657690203,1507.866363215291,2
25.04880352960065,2.918190832595961,1579.534369498646,2
24.864456023309064,2.4119220965684502,1516.5185644869446,2
24.504811665493822,2.2082416145479415,1427.9481291131847,2
26.637306826058047,2.8145914800647898,1579.5301233826726,2
31.355141338833686,2.874816637629455,1484.5132761245688,2
26.110141072304287,2.5610861014531143,1536.7002574130072,2
27.224132314802233,2.6431484191560584,1560.1777623287064,2
27.648855131326407,2.2722143048243066,1416.0702168820947,2
25.882159793844036,2.279078882961494,1600.1976584305999,2
29.164420311095416,2.678928590048099,1538.7012110402445,2
31.311819866017625,2.701627152121784,1452.7224838095792,2
29.824385446615228,2.6473281877395656,1443.981792172627,2
29.55755488261565,2.7739766255579714,1503.656453560096,2
29.679871117463104,2.3993127717725287,1470.0883145592009,2
24.484016921617187,2.706799029865447,1545.8418778186438,2
32.18944610912925,2.877595350139011,1569.3033129848982,2
25.619624090710314,2.6537851310479574,1587.1032270823869,2
26.521525004087366,2.7231416935084343,1535.3643376341854,2
29.8733948517676,2.621737727330239,1419.6422593276704,2
27.141700853469303,2.2227900032056622,1493.1919891605262,2
26.392688540327217,2.4344584413382897,1428.581920274868,2
30.429023425076824,2.281842166468464,1542.3541058174726,2
30.945983451136843,2.61958243581271,1515.8516472989995,2
30.58701041705416,2.595160355123389,1532.213285155084,2
31.866644450990346,2.9681305070267587,1465.9051326654644,2
27.993298243586267,2.7839562180977313,1420.1995939905096,2
28.15147775900636,2.5663257333075573,1506.587683516878,2
28.404873640788402,2.7464939057703806,1422.3409422649095,2
27.309008617739796,2.6787405529414055,1472.9129312247621,2
23.943855186905097,2.791172437501684,1443.6643315783697,2
32.40878657579385,2.4427863710464037,1540.1224370544999,2
31.17914584670891,2.411858625941999,1538.4114340726526,2
24.829790508219617,2.6067845664135323,1580.355402822447,2
24.898523291250523,2.788474156475508,1500.456809834177,2
27.531596273898174,2.452657100604541,1482.85342112234,2
24.550288079801618,2.522519319978011,1562.6923352579154,2
29.67001128052286,2.9776990884899304,1592.9332761811509,2
29.092489208154966,2.3372177205255475,1497.2159341684476,2
30.673279175815058,2.8870909949080756,1439.0486365448849,2
29.4768490288268,2.62169616587768,1470.9393826310773,2
28.270893022455187,2.4776944067415503,1450.9930010365792,2
27.982557123467505,2.6234872548590644,1554.6752517261107,2
25.36636535332252,2.3116610500772596,1417.351545905176,2
24.42590047628105,2.264433321224147,1426.565577653759,2
28.719831686497162,2.9556193754606275,1455.6754055169044,2
27.671280599372317,2.505620030891854,1558.085190361184,2
29.393678084619584,2.435693711127308,1605.1094726380634,2
31.278930856099947,2.7769175965634205,1486.4585450962998,2
29.1232406200467,2.332952390123267,1548.1374195022324,2
29.802986037567628,2.360605132430323,1579.4212914942975,2
29.164667284287223,2.868675794330182,1463.3759683916571,2
30.866658011822867,2.2928722339494043,1523.2430730135159,2
25.55859881248967,2.6333051341048495,1499.0464868760173,2
25.885764718007135,2.2144987553283277,1591.0212133730288,2
29.10252047303043,2.5162472800582414,1402.9623919121755,2
24.11124317465337,2.9182735649359097,1510.041336541283,2
30.803373643142443,2.587937401600639,1535.4988603058678,2
24.87790880107647,2.7746443844509074,1431.0877576156822,2
26.239379699482438,2.422014051978452,1543.900324798869,2
29.14754041954411,2.605326343926457,1540.0524926103103,2
27.903206212100088,2.3285036729657156,1506.155039633428,2
27.861664164091163,2.9020461788354095,1444.145656744108,2
27.324691923311832,2.230766054493373,1441.5082028782335,2
25.495612646502515,2.840777698012594,1444.7279253397357,2
30.74989896997853,2.395487198100384,1577.3192305199834,2
29.034671105517077,2.566873059840014,1611.5175218126517,2
25.96683667375264,2.94402084895278,1409.4475000947664,2
28.62138099654087,2.7944108708617543,1467.5360465798415,2
26.47343838793218,2.2389009139410705,1546.285921454788,2
29.534343753404677,2.9573259467781896,1569.9495365282185,2
25.513636473216042,2.196547325768274,1464.8510025527535,2
29.792157996061626,2.7685451607270966,1557.6496197250924,2
24.501912070315004,2.539074254551039,1412.984433774757,2
28.503265729377006,2.3245958283977193,1557.7231285121125,2
24.03945840875436,2.4631901677511445,1417.4883229999853,2
26.79961696021317,2.633049814366163,1470.437313818661,2
24.37900896395067,2.485904611228666,1566.4979525658123,2
30.70571383313616,2.8309344454724106,1516.3709775122759,2
24.541349175298294,2.239835145207919,1554.0067805216338,2
28.87216315429965,2.4885333134201506,1407.5986822117225,2
25.193164271848953,2.531709748894902,1507.1250493696261,2
31.23578186727811,2.7125251387295064,1522.7716091324392,2
27.09003082329799,2.740625667008939,1399.3889448991308,2
28.16260527072389,2.3237922458079914,1556.1611698067295,2
31.381305839709526,2.905209235384652,1402.130786389792,2
28.693331246753086,2.8999706084862495,1553.5917848020229,2
24.51058786657201,2.8196437751020937,1491.079898095285,2
24.240780811380244,2.396876196462835,1433.2900744108706,2
29.42850723075252,2.3817907661746185,1535.1855580771976,2
31.69821088113068,2.7731836798256593,1472.9987461601495,2
25.71894134967201,2.942816840945085,1511.6350848079712,2
25.317509512167966,2.904523467966492,1569.9076982155607,2
26.112034726330563,2.683310773986646,1545.11969348136,2
30.078347616596652,2.779713967868367,1390.839018702329,2
24.971833113822594,2.6469723145262734,1507.602002990674,2
25.20114181630302,2.4437491025259086,1399.8902713366053,2
31.577791032536418,2.732549317945939,1469.9317819279704,2
28.540633401818944,2.916957564395074,1507.7975475068627,2
26.179817603689347,2.6524929140186946,1451.1148465267079,2
25.33275495543173,2.9337614114011665,1570.0417731711943,2
29.937266313282546,2.612245341661242,1448.9698778520417,2
29.284039557940204,2.5952158844964304,1427.5751488772491,2
24.375929931471163,2.301013977910966,1444.869466858608,2
31.19186519610616,2.8405368326047884,1440.0474337893684,2
28.04622179832162,2.3400332273082953,1558.992449385737,2
30.23866091606689,2.745890895564084,1487.0029341214527,2
24.516385101221836,2.216906493607268,1461.5371518219727,2
31.213001755558,2.5021445405121625,1582.2355918044432,2
25.354762403914645,2.7579124387456746,1499.731922146138,2
27.322660770318464,2.311601929435256,1567.5763831361787,2
26.634125211984472,2.6422207886734816,1572.6467324559676,2
26.128919952405578,2.3611343290071045,1502.8377251023644,2
31.670005604964718,2.491843847218345,1500.1057384767032,2
25.747958133308657,2.81715640148427,1573.1833353918198,2
25.86603239770838,2.827393330672311,1476.1168578251763,2
27.00490883121301,2.7514766342948853,1424.7126839064615,2
28.799662047577986,2.65901647988059,1527.4962830336212,2
29.273182279239904,2.481736943957189,1536.6633791202541,2
28.947863885825626,2.2555399953316537,1556.4196368207415,2
26.504696203238773,2.452580303080306,1456.4698654359067,2
30.844259182058224,2.6021426545527655,1558.4411153198976,2
29.10993509581094,2.9423680636348264,1467.757062741768,2
30.25990286343447,2.3142854635257515,1393.8664957759913,2
27.818614940324583,2.6972978138157817,1583.9744079053385,2
26.78856878894877,2.580407901995658,1445.3907565381487,2
23.72941620464622,2.283915285726971,1525.7070932093818,2
31.205100270389927,2.2754129697684093,1449.19094785903,2
25.8101226118664,2.87580563453982,1517.1119671770405,2
27.66984559143688,2.619833528798796,1524.209145799131,2
28.58028462356329,2.3875689581820083,1567.5372084975402,2
26.740827030341052,2.795572755635881,1469.4015803442855,2
31.82916151774868,2.36423347335411,1552.1289320822918,2
26.670213636129713,2.593908669133385,1486.9782573220593,2
28.13899922929827,2.2829046524730665,1540.6276922540605,2
25.228835940256904,2.437866468232819,1385.0329147820678,2
30.34688305459595,2.527941295641568,1432.08137648531,2
27.061101782260273,2.827944504950124,1487.7252144113465,2
28.611349383773412,2.585237316905463,1458.9741090934378,2
25.94842233951291,2.5466127131135052,1505.809954139016,2
30.280339463019896,2.68125478856322,1577.5472720192008,2
32.00432682906868,2.550797429207883,1453.9577769745335,2
31.570113874581697,2.9647674419996464,1508.6072718432038,2
28.80165787984084,2.9344474442603743,1623.1327204936592,2
30.683373991170733,2.9584883536573345,1567.5426402483365,2
28.90297685281986,2.652096974488889,1537.295449558449,2
25.672972428212443,2.4529347106357924,1497.5619477612508,2
29.781423540287893,2.411255682134671,1608.885720400354,2
30.761735273525733,2.22444096464419,1405.567407327513,2
27.169415690454688,2.518124427565739,1623.205826501387,2
30.963141251205638,2.6403895381057523,1511.5690060508966,2
26.956559521331307,2.497833225245965,1635.011006487488,2
28.08091685342371,2.64664374835439,1493.406831454997,2
27.84483370935647,2.787402526096544,1522.4542162161347,2
30.568679047889823,2.5542544474868456,1454.5032680685538,2
32.24253448501192,2.6405796274630537,1483.2027651569642,2
31.312946524750608,2.2808915739349955,1442.4522873199505,2
25.474916912526954,2.7057995245235102,1538.044352775997,2
29.51199799753874,2.2789073288360395,1549.7262732460622,2
24.05662448207325,2.4162896313083593,1523.9374611585577,2
24.316121112644733,2.272905491409113,1553.9630441903491,2
27.00512666930111,2.9713193307058203,1457.6880383690304,2
28.63616013065907,2.3915833363265935,1503.4863895097333,2
26.109376036580667,2.406802607928375,1426.3835488838893,2
30.61050539351332,2.5951274450852773,1536.4647656280856,2
25.559564676540905,2.4742495280788495,1457.830950496616,2
30.99824393959946,2.8552851066438736,1546.2523452142232,2
27.40853803097806,2.5217735633538836,1463.624572319042,2
31.168128484668433,2.721883763877894,1623.1765621672382,2
25.29504960680435,2.515706762300462,1482.7549330350648,2
24.198565142720277,2.3291933847369055,1610.2888774735923,2
27.343987608721918,2.3102238842606817,1576.6044105662324,2
31.699344622091918,2.398581731822919,1476.8247734128367,2
27.326541408884673,2.547777229275937,1534.7605912955298,2
29.870282532245973,3.311684060138788,4305.6197778915,3
24.986626889550692,3.406802449822812,3757.156137793734,3
26.192949304796386,3.374546530696323,3849.884247674751,3
25.254894558599794,3.241149521209124,3409.769224746715,3
29.121517571883505,3.1730665505620728,3268.45421600107,3
30.124513542882035,3.2224812113345402,4090.4236514189042,3
27.631691530227183,3.348120179410139,3783.8870830657893,3
26.102966641439277,3.329216704398777,3146.257079355555,3
29.99030937036801,3.2985006415832703,4333.864825918061,3
27.22082237741181,3.3482616286125952,4255.290054990544,3
25.600488622427704,3.2484994975084183,3629.572778300382,3
24.075246531618298,3.3444479000238028,3508.814131719125,3
31.126768281373288,3.2655456949702057,4002.777860987724,3
25.794974274826725,3.367836995908226,3085.04317392381,3
29.181374470205032,3.386665137740683,4338.334278589601,3
28.689926118355935,3.3540368978753605,3965.7912837781946,3
24.320939723923534,3.2443797486780386,3176.8891738838283,3
26.702478609282657,3.1966542808890677,3235.3664558430987,3
31.15219965794529,3.2648415954627645,3671.8868133461397,3
25.785027643837015,3.3005211494065976,4080.347778343829,3
27.423822488108247,3.2057221351070275,3736.1103308483875,3
25.324916169618437,3.34875710022213,4066.5197370486294,3
27.117108929327294,3.3805072123725672,3292.9951840188032,3
26.267260373420637,3.3849900767291565,3503.8621374475365,3
30.455830825655962,3.2597412959790257,3767.186254339018,3
31.90087445475224,3.309705765765574,4346.436528848,3
28.879238460317254,3.36013488626535,3500.223517972161,3
31.126232337424277,3.3255480215044906,3914.9750239056707,3
24.763175133812407,3.227411539772832,3371.430046215968,3
32.65574045605968,3.3941592269288297,3619.776440428549,3
24.16128997653321,3.2723712523305513,4312.659028882797,3
25.99430962189416,3.296972805769695,3782.993703082842,3
28.62105422179955,3.3099559151599807,3473.923164678254,3
31.923547957102528,3.3438209817178577,4035.2657094743968,3
28.767690253086467,3.4043825604134903,3209.427492139873,3
25.897374965783143,3.2645686584762577,4385.755588614387,3
27.35292780325117,3.345191214569794,3263.032513367715,3
25.316905082512438,3.2301271312247377,3795.2712871481226,3
30.96812618519981,3.2665225784122818,3564.410743805501,3
23.47832026369365,3.3978595359707406,4133.9021835141775,3
30.399586486577068,3.204091798314219,4313.901982849228,3
26.413713710275022,3.3733062546962604,3031.6107486982946,3
28.34234517987415,3.263904063772432,3424.6654730390233,3
29.721868692664707,3.3530327037486596,3954.878925981302,3
30.659645262491633,3.340373918505693,3228.58138806943,3
29.551870913271046,3.307058950199722,4354.526287850784,3
30.064726916601103,3.29904914156896,3997.4918277536503,3
30.889445250522574,3.244019388382723,3848.0721909769504,3
27.93478695026306,3.2838888521047926,3577.0022493452825,3
30.544680951650438,3.3681517566205827,4048.93423491164,3
30.460393031901717,3.2026126457178448,3536.6318068798932,3
27.1652927779745,3.3555960350835723,3708.6520974842088,3
26.13909710495615,3.297351650739696,3553.9680676385656,3
26.17911674018762,3.2152154029498985,4432.018249887259,3
31.314137619851866,3.2402990650085455,3558.1342160655404,3
28.43044970716978,3.382063231546774,4363.093337022053,3
29.69214872131041,3.385802154673088,3449.5257069652725,3
27.861650604497395,3.2556219079701623,3761.107846469063,3
28.696620059067325,3.364960012392517,3877.806171054008,3
26.437666399364286,3.257754894799918,4041.9182318372323,3
26.35660603023358,3.2511032528652137,4213.120765671648,3
27.489767180930915,3.362378019219806,3976.581970578371,3
27.429795245326964,3.3650619829978385,3799.0494565552635,3
25.596572922623068,3.3076555298328603,3988.0205341776914,3
32.55021923100806,3.329628790213728,4054.7263298109474,3
26.29889392817101,3.352836759493273,4457.075166087792,3
28.171154809469687,3.321674356521327,3825.543386063477,3
27.004177988867113,3.412583491869408,3455.5648428662785,3
30.857145273588678,3.311259107190951,3839.7646022331514,3
29.683536415785227,3.2014024576422107,3842.568071102819,3
24.544596607523793,3.321370961665385,3283.206599915084,3
26.273101080032134,3.2561545654953585,3538.2239889784178,3
28.491465203122292,3.33033085996042,3076.5973342464113,3
31.279324510260253,3.2185033415782742,3791.548792295124,3
31.639171808062233,3.3136351453741786,3778.5018253783137,3
32.076961402013744,3.2406883197821648,4394.350317262435,3
27.21144863262475,3.3637962241598403,3280.7667726273917,3
25.78896870037955,3.3013969218790744,3922.4810388614173,3
25.769382487024824,3.2894572232930335,4335.842974388154,3
28.76896678420758,3.3212732370100553,4036.075024529274,3
31.485857229574684,3.324783651023481,3204.897248631367,3
24.270041316962516,3.3262934123775216,3024.41363505294,3
28.096588059971477,3.2553440271318617,3724.47272874154,3
27.788310769178818,3.4484378171256505,3614.9442247026786,3
27.94768213666922,3.322031232570845,3473.5949878904567,3
27.892193451800356,3.3452745212907407,3676.4274632229626,3
30.410314008217032,3.3218826137655117,4117.222579250451,3
29.63775011132493,3.259973135417943,4490.27345777749,3
30.475558396386237,3.267781459552141,4501.464755844948,3
28.62989355124064,3.327995815661305,4341.425432149282,3
24.066217290222735,3.364500578639991,4171.525610754325,3
29.90202236711456,3.2229082903523505,3766.6001626795855,3
27.51983975873983,3.353521074396315,4409.438758667596,3
31.081159264689575,3.249596003826719,3631.160881211495,3
28.11763461999622,3.2424216751453843,4438.658856027611,3
31.278957669097785,3.181500574968699,3470.094790864597,3
27.8685130929128,3.4014340900917395,3370.787830870469,3
31.671369619791296,3.349925229450528,3101.1913601014116,3
25.340996935768707,3.294146708470467,4317.478472270796,3
26.265082226579825,3.3901204875587405,3248.6709890912075,3
30.857407601146566,3.3650328963852436,3332.522455223449,3
27.45873604874151,3.345049520457089,3636.3141831371245,3
30.54693462716862,3.340904801405557,3882.3331914526198,3
24.69436291489481,3.242556154564379,3773.272490699024,3
28.224970373205934,3.387643558542477,4062.1923473483635,3
25.456303325550163,3.3507447716505565,3284.697578792041,3
24.548525001784,3.188589003686012,3412.2765602433724,3
28.329575519865838,3.2287538121519215,4240.655976289433,3
25.888566496243314,3.3699428987256987,4228.421337081673,3
30.02139733272645,3.411236071104059,3850.325101096217,3
26.81480720683711,3.3488373470357438,3480.311928347075,3
27.4993568428027,3.3151753282386496,3305.204528826797,3
30.949101194565152,3.3384409181612034,3550.6661392240358,3
24.00662728146855,3.2947405716233717,4145.672591358386,3
25.245476184866337,3.3944021019314246,4228.494768140022,3
27.496611133843235,3.249215077968213,4398.503258786418,3
28.566348484480944,3.275811180054467,4438.485489336393,3
26.824479132704198,3.3241956530081374,3520.1926000893395,3
29.939147437238617,3.2045838896960026,3110.0539406629528,3
24.141736485638827,3.2891051869515096,4408.998524352741,3
27.226677520376544,3.3919228208690093,3516.4715920842127,3
26.36725546782361,3.223141379989077,3030.5941789482963,3
29.571944999541767,3.2694487716303753,3899.882793805269,3
25.697740549082585,3.2861334194629634,4159.913931680656,3
25.208196572731996,3.2883549783976833,3989.4573172464734,3
30.395082136758578,3.2764395614520905,4140.21183990856,3
32.177788181219015,3.3487252473696887,4274.02991897619,3
24.311504284554044,3.2157824761781035,4406.76116238359,3
27.467029248184975,3.2414781338265652,4324.545171753112,3
25.724063710524955,3.3215407499108744,3061.1300373289073,3
26.701069219009923,3.3562907093602927,3071.780080516215,3
24.49178162566479,3.2188872772364667,3926.8234762830375,3
27.25416083974907,3.1857726537163,3851.043779011916,3
27.93396071893097,3.262043418394411,4498.516575473318,3
25.318120637125656,3.305941500021676,3801.429289835004,3
30.254028792599634,3.2628210219025453,4010.510479798625,3
25.284494387861862,3.3223785612270493,3836.8349311463317,3
26.468888418219606,3.3721452345776908,3395.104481723695,3
27.889452903888778,3.3239960216641444,3769.571227526125,3
26.362856301985662,3.2973773262646584,3578.6216903951913,3
30.892953154926232,3.2863807068162254,4366.813919618748,3
28.83435335370799,3.339642957204958,4327.870273537103,3
30.896807958848918,3.199396526232236,4204.093665019807,3
29.94722714932434,3.2720865392436456,3593.025485850851,3
26.38598393631376,3.3583756767773325,3874.9868673927654,3
29.512485983990445,3.392132728104146,3230.4039537935664,3
26.4819436459185,3.3739823604017367,3132.6272911877313,3
30.8119799470904,3.391682342617831,3575.383979852372,3
29.68847541023569,3.287427252662577,3846.1398637085504,3
29.898249274455527,3.2935738528751584,4372.43137191304,3
29.744109821249346,3.244385404286038,3741.817954069567,3
31.008654483534297,3.293423719486995,4452.147530555419,3
27.3758301589942,3.2424354416486256,3952.467910710161,3
24.406859592631832,3.263431443956277,3876.0896027471763,3
31.4589757094929,3.36477991569156,4170.716818899709,3
30.89550078158336,3.2497970664751437,3296.3096561326192,3
31.111909801971873,3.315469110192285,4489.817472869749,3
25.90884703803406,3.227050251679599,4436.434824157794,3
28.82760500862587,3.2718706693642523,3585.969312301283,3
26.68412351831965,3.2130113952346515,3751.287153027628,3
30.34402713128788,3.397172654933945,4396.381895995191,3
29.250503029067964,3.289898008990099,4262.542109641039,3
31.069421171736273,3.3352731522372694,3495.301137210915,3
29.688667606409325,3.2580593230282138,4161.134086643214,3
25.257952274907375,3.3025703805214746,4267.655548809438,3
24.415492619880993,3.2426064420094827,3336.861476074341,3
27.975694196410537,3.225287533529198,3237.892637314967,3
24.770767645933194,3.4304122726520663,3726.9208948644664,3
25.827023606625552,3.304184833348164,4278.392316853044,3
25.257101185597516,3.2154846448147683,3736.3186758039346,3
31.382776447296386,3.316103080920149,3863.552301621669,3
28.449181849366774,3.35753120312684,3773.303925592139,3
31.155325084923632,3.3078442422637173,3207.836929564782,3
27.588170561905358,3.354640682371216,3789.0376535284345,3
29.27138973701086,3.2715847493451147,3389.2753976825898,3
27.430587873826482,3.3665158433557942,3954.0765138680504,3
29.70411459862678,3.2750969509652816,3089.970821489242,3
28.467594451060144,3.3720954450172136,3850.8145803299426,3
26.700071088623186,3.287408455278331,3691.569841390146,3
28.236936239437956,3.257070901123584,3871.8101322931047,3
24.330096778654802,3.2256346370184015,3609.7560460864574,3
25.792085280185805,3.2711575965984725,3042.0777245414156,3
29.115658499819187,3.2375031509570653,3527.70484985405,3
26.416557841848064,3.3374939549477642,3681.1397367271775,3
23.94822196337929,3.4121680823140363,3521.3738704826806,3
28.919369261758764,3.1772911562905337,4297.998909609504,3
31.28271104235157,3.2908040138407744,3904.5034479322367,3
29.746242910062946,3.4214945214795613,4222.685323523315,3
25.88643968349868,3.34738855753903,3367.655337874835,3
27.13384950252519,3.358825539811157,4383.458071302982,3
29.871096571368085,3.2304167734277733,3131.770364646594,3
25.927942451792482,3.305759556764582,4151.415135388235,3
27.314464507711325,3.2174749577111696,3929.5495364465974,3
31.60168441469042,3.329814676563965,3018.2249541556043,3
29.745131858108184,3.350232181947585,3851.6252563619614,3
26.78894145504745,3.337027839839786,3586.2197727663647,3
28.552710824519494,3.389090124232534,3288.9504133580217,3
30.395531217790573,3.4018180457329046,4433.503196701548,3
30.960863523137125,3.2721058063928368,3942.4566061691016,3
26.348410798485254,3.2187993214119506,3446.6406038476775,3
32.22361843550624,3.2892561246782313,3372.0746050592693,3
27.342688570397705,3.3016255260537437,3604.5804806635047,3
29.220075369656502,3.377656017657141,3541.9926421486593,3
26.023404288230175,3.1855834610516536,3122.9437941864085,3
30.144092537073888,3.2168734198386706,4342.199245286976,3
31.96302110616388,3.1718447536100127,3501.1166714811516,3
23.651392012022864,3.3805827042605006,4137.487605481014,3
26.94179784704206,3.217247036478835,3397.477269002434,3
28.73982586842202,3.279299704319501,3965.8939449383083,3
31.479010921494943,3.2704254035448366,3961.3513674970154,3
24.769180542277148,3.245233278386908,4080.3292733951653,3
27.10494134408212,3.1916911750278874,3318.783342690429,3
26.51846838994114,3.315264296880776,3539.825566441287,3
23.339333140211195,3.3525769420261855,3434.7749639911876,3
26.247034236821673,3.332113546598723,3461.776207226752,3
26.586708312121687,3.2764721438264783,3555.4256335168543,3
31.06280823380458,3.299054360338774,3326.4968727266996,3
26.50695899051508,3.2065206930314574,3042.1157894018884,3
25.421548115725106,3.4113284628964284,3605.3340769959755,3
28.35044742949516,3.3216067863703636,3851.0083759598456,3
31.099691871151855,3.3415138542333804,3695.7052452298067,3
29.934292855379542,3.1900498124902317,3951.528322002525,3
30.07172118061963,3.262295429658661,3657.0910095699496,3
28.014391391308585,3.372536299353993,3732.783574636673,3
27.191931992063925,3.3212135966224663,3779.737386830449,3
32.231313463366746,3.3196830464381026,3757.7271669731253,3
31.872241048163538,3.265209964900126,3906.286611734545,3
31.30819621040009,3.2255893610440975,4244.464882371945,3
27.317624651886177,3.251696483753472,4223.332416723618,3
28.859833953953114,3.382770394507948,4005.6012826415913,3
25.449138875488313,3.266168729187729,4383.448973994327,3
24.459919704921717,3.2566618340227724,3153.492946499098,3
25.981278285192722,3.211572154857847,4008.782791237792,3
23.97953708905161,3.2844418619323417,3439.3490562682464,3
27.63167781193518,3.2972964477798588,4264.262079163896,3
31.178679768664423,3.332226400594725,3593.3954956236034,3
25.63051858942672,3.367339008340147,4375.099620255908,3
26.402090616131915,3.2186915883718425,3504.501681633523,3
27.22865297534404,3.273187267609166,3767.487204981941,3
27.29737561353825,3.402474050442394,3643.7773570476643,3
24.97778681505682,3.3644093930559875,3836.2403304604527,3
24.32201993142384,3.3869072836447955,4550.20087156059,3
27.484847152519524,3.3103487896873616,4431.93314134213,3
24.411291722513145,3.2835912324335994,3119.155743135036,3
30.50017041523386,3.3185965235195147,4003.0064400065085,3
28.39348051169804,3.3425177458477027,4050.3415353929627,3
28.592600452558273,3.2819920869310426,3544.381645923602,3
28.183263503342914,3.366329298903104,4408.39683433861,3
30.29928526344969,3.2856189207047635,3355.2773117442266,3
25.783077359608704,3.163932431712374,3902.9160750668425,3
24.17471705338823,3.1905343899371013,4269.176238891397,3
24.143259353080197,3.231923221686563,4019.3766749652764,3
29.99117321281998,3.3749349527463472,3682.7813103287017,3
25.79143207644017,3.3288008448504622,3777.4282763787273,3
25.584427084387496,3.373442994797427,3317.0749457713114,3
25.460380334953538,3.1930964618493896,3440.665218847386,3
27.371232356805226,3.392929383737511,4333.625589313099,3
28.7381065721222,3.2625617754636305,3481.9245639852443,3
24.565977778915023,3.2842901722554485,4012.2017264610477,3
25.640786380045114,3.2596544991755847,3913.0692275550405,3
26.561360566305627,3.382595968070346,4024.6086438886705,3
28.008879077573344,3.2704405529804195,3020.017488663633,3
31.959235408654575,3.343469519510413,3154.580536191321,3
25.179138528734214,3.2253213863244574,3557.2503287184977,3
26.29661072923611,3.2120102967204667,3188.923363177188,3
24.733905417819226,3.2400495864733307,3660.7165843668945,3
25.982104933557437,3.4200181050863168,3272.2157359142675,3
31.058757029503962,3.292765454011219,4132.99851157149,3
30.13399624592843,3.213880091394262,3620.0935811726345,3
24.56926180583375,3.315674241314251,3283.135970454711,3
24.30631113752269,3.281171839265695,3943.023050308769,3
26.495456853991676,3.2176837214486658,4012.3231219375343,3
25.04622558961221,3.3509611726434843,3041.24647422478,3
31.12893175510587,3.269196344814332,3470.1847423769455,3
26.487114818525622,3.281644986142255,3732.2572317376976,3
31.93074428614649,3.252064091596889,3303.336096108609,3
29.702321742666655,3.30652278391471,3175.673633877003,3
28.789529308785266,3.3729554746874317,3592.044843901853,3
24.071745253930388,3.2644862038538776,3119.216008666414,3
28.21273391756391,3.349806497842344,4369.779733024321,3
30.7728101472654,3.3520497806421683,3222.046151524019,3
29.23920760454678,3.3558175986147467,4363.9252021843295,3
28.29039613103178,3.3766210955846145,4268.83396275368,3
25.893346698288365,3.2640284128157733,4115.443718330112,3
30.270850674724198,3.281866628207248,3591.9695589205703,3
32.56884391165089,3.251024357676878,4399.283039359821,3
30.225180899787702,3.2185521233051118,4321.273573513147,3
31.30450912477077,3.29465639778667,3845.3982552613174,3
25.752924886062203,3.2004202922010934,3165.181121185563,3
24.760733079285373,3.2025745343189698,3194.5343785272325,3
24.866803946901836,3.2337168251454185,3399.6691156951006,3
28.991511514841076,3.2916318761498298,3119.1652476492927,3
28.689585650769885,3.2765128511840294,4225.728552438843,3
30.50264582887245,3.3833041961291555,4386.169387612639,3
26.334728601172866,3.225581653120666,4361.601529573068,3
25.31695782131371,3.3749643610051048,3329.966324554091,3
31.880274360729725,3.328369615033167,4297.656292637482,3
26.3291968932283,3.273971463588268,3732.4794948582926,3
24.512723402006905,3.2123723475120363,4283.8078907353365,3
24.41120094930765,3.215353105606568,4394.865783357359,3
27.74313745343206,3.412842709205691,3907.578140846945,3
26.474214253943586,3.361220628854964,3663.045676760843,3
27.987732870275757,3.270384246449056,3568.1946689864894,3
25.887556447701385,3.375791144724328,3069.4267906990226,3
30.89359703297307,3.2752741414028423,4064.6708899798123,3
25.688176930638456,3.3332688365221,3926.1846571634037,3
28.38647506395515,3.351999777619115,3049.9602743723617,3
27.63110535900875,3.300956597369037,4087.4096948757415,3
24.439842626697583,3.314773153113946,4195.863548952883,3
29.536090295997234,3.355335052636041,3980.2999179216526,3
26.86070089157723,3.250122789473706,3394.1413027862754,3
27.01514355670833,3.3085566617380713,3069.448094984246,3
26.921895025369736,3.396786680147111,3594.8766878406423,3
30.418749005940548,3.2136448900463526,4456.058707597759,3
23.912756562415296,3.4001912126107476,3188.2106269300175,3
28.9150449665291,3.331183142964651,3559.218252390334,3
29.638820572639414,3.4241204172829685,3103.545588288249,3
26.288499607263407,3.325888095268969,3615.3191180301956,3
25.964322080300672,3.365384047427979,3890.0282575403025,3
25.04149179781149,3.281495829230626,3396.352021450611,3
30.775704688126634,3.349527719027744,4335.845486885655,3
28.80657801230749,3.299483669941067,3778.8162552210792,3
28.059834988888475,3.395184438593519,3193.598294174967,3
28.160568799235218,3.3428002515287476,4368.465976226353,3
25.005752619083466,3.2685519736300823,3169.2303246352094,3
29.54683356895062,3.3479149317029915,3844.5873503641337,3
27.037108937958884,3.2371023211124466,4047.778851871033,3
30.65255383189148,3.304408126677035,4095.819019787264,3
29.174394257167712,3.290197699668529,3811.942856401834,3
30.411218405088004,3.228588656144279,3425.022922584263,3
30.987256666979718,3.251802354969641,3579.636428447921,3
26.341001594925004,3.406315741056377,4010.271971671185,3
32.163646676026815,3.3378370773932415,3427.9609351878853,3
28.046840147061744,3.2623876887305485,4248.229043968046,3
28.27183921179153,3.4117838030652594,3938.511590841363,3
28.993055147348812,3.289144052100026,3359.1431712908416,3
31.504341649623598,3.352773858895642,3147.618352804397,3
31.314618244373296,3.219368828795552,4002.9197787333765,3
27.593613826606852,3.2856720051434625,4126.628547011455,3
32.00595951056638,3.356643049261353,4168.5238938803395,3
25.77581624924989,3.263662405175028,4139.33831477104,3
29.92831999037215,3.294403976555367,3464.533680554036,3
24.170797944439563,3.34740004959197,4164.8645004129685,3
27.634797612441062,3.3768772446639863,4451.435462701811,3
28.383104833772077,3.354402274467708,3231.217350977702,3
28.985220634458663,3.2005303711449997,3987.6406764460235,3
30.762235376209674,3.2508549286321475,3199.484998705161,3
25.978567179430176,3.3511359185902863,3786.7429982757067,3
28.85649256983335,3.237396108915904,3973.718876687342,3
24.624389424147793,3.2587358817232626,3361.3949058057137,3
26.084024085989228,3.2384523740067683,4309.800021248911,3
23.310019623012955,3.2462575532198734,3421.4926858345943,3
27.992205397534185,3.257984402323922,3320.5405106438902,3
23.465734457492385,3.302674243495069,3292.0364531340892,3
31.85867619466448,3.187055409581751,4359.098547462309,3
28.45963752872977,3.2145628116341634,3546.2929230576483,3
27.593763121067504,3.415331163519603,3710.6525945264234,3
24.74903653174116,3.191422964306969,4190.2314098879715,3
31.022712884446616,3.1990517091740056,4351.575808410514,3
28.46255199390407,3.37323502001037,3987.377773052608,3
32.03872507171818,3.3444764592276313,3490.384498052083,3
30.778359141491713,3.2232835351421456,3135.997962876342,3
31.07705476678874,3.204228038379357,4431.964129939402,3
30.987789737472358,3.3292077830665643,4309.746998678388,3
31.495643178354662,3.310552385482909,3125.1706566840908,3
32.15197898407995,3.216514844576307,3457.7738711372795,3
25.58073721575245,3.3028439358694133,4248.082370170137,3
28.28317196718372,3.3364525811069763,3517.484662106864,3
31.95234821450346,3.314893690900334,4036.901399047757,3
29.89283811792926,3.178775221965866,3537.7870825695313,3
29.277241187346384,3.366702295502044,3537.6496016837727,3
28.249334399057627,3.365326920881253,4164.705476038594,3
30.211901014696856,3.4028240885371672,3399.900092891894,3
28.18401300945763,3.3536657714560705,4151.531418992818,3
26.281495850865905,3.2826986559565166,4413.403335704338,3
30.973888903079583,3.3737309318901074,4361.6562451348655,3
30.494768194119185,3.264992795817277,3840.1164768666135,3
26.891857619762295,3.402171330536909,4053.9987907346504,3
25.46753420161679,3.3960811175202075,4278.291627388633,3
24.989353851010243,3.339806128640766,3087.7812643428238,3
30.229171712290807,3.390433210801983,3579.2476975237505,3
26.393809958188793,3.2039228563375644,4112.4244639105,3
28.61508265708561,3.3272835943619192,4208.530545670207,3
26.4576737358829,3.1779451499746365,4477.583357187348,3
30.71176794972767,3.2817201907273024,3281.1533191142053,3
29.44383299248549,3.3406409933441648,4139.760678442937,3
25.1323171542315,3.3867980843336603,4193.531448594038,3
29.253212838237538,3.288305854154192,3531.4896397167,3
26.878593247766243,3.20103339012575,4297.101237393872,3
27.46600940721086,3.220973175731114,4431.709730380397,3
29.890747264018902,3.24103091918245,3291.2732618968444,3
30.597156526040056,3.3557939188883408,3316.374142330487,3
27.439062657301918,3.209493905974729,3507.8198430097236,3
26.15457257956845,3.320741398122676,3417.1505991477998,3
28.4287549652934,3.396309832112129,3395.8486921110625,3
31.07390825359983,3.2179773415079516,3156.341674143867,3
27.38582802993409,3.210639352840523,4368.186793686072,3
30.570306536435325,3.231219608283792,3861.923486625283,3
29.27202911882622,3.297518373760317,3469.0041578937376,3
26.093621665698475,3.3711547560735355,3908.3728563064847,3
30.21391620463334,3.3617234003880876,4312.911582305319,3
25.967046524546536,3.3444503490136483,4211.00376831895,3
31.28407123031832,3.324526450237227,3690.194450921238,3
30.95744676217964,3.2767206824701467,3343.2411622480963,3
26.697077155668932,3.2441641261192653,3222.907173146265,3
28.48716668702642,3.2967025170926685,3660.305604037441,3
29.04196352121688,3.262991367873281,3082.08270719445,3
24.679181017363163,3.3421024603375273,3212.809746777833,3
24.537050787766194,3.290756197326245,4356.811221402314,3
27.450018540684503,3.392369326660434,3540.1756347018963,3
31.000006938482034,3.2560591878682263,4157.763147358746,3
26.56382439483317,3.2055519955485834,3521.453232317753,3
31.66410983248398,3.4019108361841366,4436.458286632716,3
31.855113619297253,3.244366473057822,4454.18363963028,3
29.562230257337642,3.2882689583248728,4412.415299818774,3
28.86141222219633,3.379671295817857,3500.2589146257947,3
27.49026621866333,3.321092687083442,3760.8368652872377,3
26.297271360005233,3.2202707208048147,4032.1188207030254,3
31.876660295267897,3.3076281410414303,3357.6290198996226,3
31.230315346269798,3.306393822716653,4455.525465116333,3
30.7504551073958,3.327380159474633,3236.5271121544865,3
30.06018361328883,3.2756040760369167,3824.45718970742,3
28.941975599684177,3.3871764084382967,3887.186344316244,3
28.543786172134613,3.2896308416759874,3702.461570362421,3
30.70188358397645,3.328712767514184,4181.814319502076,3
27.939266565145957,3.3633885086248645,4154.226387151303,3
26.94272909731065,3.3317142417010746,3105.7705679878804,3
26.97808695328235,3.271740488566201,4320.004832772847,3
24.732505030054263,3.3614307234918854,3633.588017514169,3
31.30205688985665,3.3042673003348364,3497.633289238122,3
30.905512767964655,3.2730769965715667,3333.4083022927293,3
28.04796249288399,3.216560024888218,3963.81879876826,3
29.567037631125242,3.2422842652580615,3124.364592706383,3
24.91077366312826,3.237858266513543,4185.510344033576,3
31.917845532914317,3.2986966131478193,4080.9025993378873,3
25.343797184632034,3.259375626808745,3919.9311878839185,3
25.241712641634496,3.311844870166535,3301.2666303965,3
32.30299162547164,3.3519045322986565,3849.618816068699,3
26.275873688137878,3.387660177772395,3939.1515651742175,3
31.33120165878168,3.3749526661263913,4352.600375653723,3
28.221566851125665,3.2877580806907787,3698.914845702867,3
31.95577488434669,3.3714257760826127,3891.746696311712,3
30.976494064719066,3.3466412478093552,4303.876056547227,3
27.789542724491447,3.262860515814374,3478.3616933575568,3
24.30862438276572,3.208292930042451,4217.566082615048,3
30.385691174050024,3.407016241786203,3856.4600092061514,3
27.031107195849287,3.4096648091595636,3516.0496467802736,3
30.706624514234797,3.334524513137426,3457.109367428505,3
29.36215748058261,3.1954676979016896,4371.339135913004,3
29.95255963686161,3.3955254420233785,3761.6202512881864,3
24.356919978461292,3.2389916854355274,3790.4637736826294,3
30.337642481689667,3.2803214386596022,3945.8720233720337,3
26.212219913947322,3.3514744373660452,4215.586691775677,3
25.33102984878375,3.3441229816519087,3214.816662248486,3
29.52497352719391,3.2110553140771674,3102.8890081315303,3
24.48023336525986,3.218896233400653,3891.551905898339,3
29.710406259989107,3.3085087654806573,4469.629358372834,3
28.92091381190823,3.2703686312576394,3575.9471568436948,3
27.201576742582503,3.382391358843129,3998.1873584230734,3
27.5452580685002,3.380461143477174,4445.349185757433,3
25.136975090353964,3.221099602753398,4023.484234280125,3
24.894512563250338,3.42455393624968,3555.044725204965,3
31.777898787623016,3.171516586987603,4500.033710075005,3
25.68505819575776,3.2144731559081294,4264.079509969155,3
25.197816363563874,3.3920703967335286,4313.873265117049,3
25.549513581489716,3.3566943796222133,4458.496002108813,3
30.82147994219227,3.4467429346216103,4014.3079243550956,3
27.22257883691335,3.2358107976234614,4067.6678663832877,3
25.761410289050797,3.3276627134336447,4263.930700334634,3
31.347914432602646,3.380929031933753,3129.589625677086,3
24.137193095796295,3.3642896637602897,4428.453539174608,3
24.9015825022954,3.1888010044598287,4375.915529375341,3
31.835425892221263,3.352526507579804,3595.91001644752,3
30.87450273544509,3.3706975756870583,3424.9971269094267,3
32.19465299212386,3.3087787904798667,3591.702863303431,3
26.99215389061738,3.2697193874140833,3541.831355398758,3
25.701943199973105,3.3996986978690544,4123.866858816116,3
26.664682127437004,3.1828289482313394,4109.858001575151,3
31.079371414395123,3.3382599371658093,3309.8480952083255,3
31.04587208229311,3.223451904101296,3129.130241506742,3
24.07397755332325,3.3383054968147565,4206.930402448314,3
28.015028257730005,3.3068361631795544,4291.134993170201,3
26.50275490302257,3.2489415760206866,4410.731438812945,3
27.105532042038643,3.229981751803811,3630.737086895711,3
29.159633156398353,3.3546415787666186,4286.004526935447,3
29.999479111623945,3.3829834725908148,4341.045839070072,3
29.05153220895952,3.4044241095804013,3105.57775314338,3
24.200092320546133,3.2845183799635715,4367.299933692429,3
29.870782126454785,3.222487324266906,4014.6398715724144,3
26.675434908309978,3.29954778174788,4073.1991394705688,3
30.11789495918865,3.2624654592548614,4142.963126713785,3
25.051500722636977,3.2000938191988273,4210.031827826003,3
31.285482528764483,3.3125739857346295,4151.06356612917,3
27.554595253061457,3.240689869995479,3409.5976955971637,3
26.384181324801112,3.297418708715469,3827.4570533533447,3
27.397023482691484,3.35784022260638,3973.3278937002624,3
28.676835232789138,3.255625038483883,3938.2326972502433,3
25.004228849536787,3.2809254791994813,3731.63642516625,3
28.40519677406832,3.205640849387013,3654.4048655719544,3
31.91184518480074,3.3332345888091686,3189.8808508046463,3
28.477307572776844,3.3356560012526533,4227.63283841246,3
30.117553545157083,3.42291734048517,3856.3924005734466,3
25.645176347785238,3.356274582540524,4210.74649446254,3
28.52341116541965,3.210166525690766,3561.1132099139095,3
24.39453051947733,3.248751012789663,3973.0768761673758,3
24.7197338309046,3.3498148281501066,4351.8221290582205,3
29.655664414632206,3.2437725974594267,3589.0852348283643,3
32.06382597602983,3.258440863135245,4266.2378122565015,3
31.655492308654633,3.348362756265722,3555.6831076939225,3
28.090519236270644,3.3077611131421243,4354.087231125902,3
25.966284711575017,3.3142665288273796,3596.833125882638,3
25.890511665978586,3.356128076272793,3837.5934180048457,3
30.353125954383902,3.3813146152694586,4335.758885768585,3
28.151674084001744,3.263570878715104,3223.369602156145,3
22.482978406086353,3.271922899311595,3854.686267927871,3
29.61712102439792,3.3940526116577594,3852.9972393180497,3
25.933069970825123,3.2391260793446484,4026.8351104246494,3
29.277501896378045,3.3854906686875768,3942.476824628795,3
27.89880498160155,3.395392440493406,3397.9455326443463,3
29.432882930950672,3.200105181331505,4289.016782444149,3
25.328012480650774,3.2543233452234506,3129.066299289944,3
27.547205939009288,3.3216749304046025,4498.775497095157,3
24.58236047085652,3.3781815816953946,4153.694809382604,3
25.821276486599146,3.3044431258123903,3519.538937846542,3
30.024883136684476,3.326769750566507,3275.61194702606,3
30.233490712228953,3.2894177887187075,3554.3021691060258,3
29.344256212864504,3.40982139987497,3591.2561708067565,3
25.367559069114407,3.2715356893615786,3196.8841548562136,3
29.331381607007597,3.3860392309881155,3592.652817381057,3
29.46030959720086,3.379243062432525,3974.402225922832,3
30.771904622941808,3.3687119973508124,3213.4806015086747,3
28.53633403763264,3.215758929664054,3446.941021293149,3
27.603335738738984,3.354347198336026,4219.009436744403,3
25.2950724306485,3.3756126333805287,3839.859433089699,3
27.77270463632816,3.32695746784567,4280.994057847715,3
31.196280229090597,3.3401228368632125,3604.2307945038,3
26.999679202927478,3.2437851624830496,3191.828964527127,3
29.275765854087727,3.244263722528561,3146.1265042082537,3
30.196859165649148,3.324037981126593,4355.026099584322,3
32.1337318749669,3.284762078656976,4068.2707334217416,3
30.31412490743415,3.260482813271865,4491.4453799231915,3
24.75177107847773,3.2022780826635184,3850.4692615311055,3
26.56385716821101,3.3361314693340245,4159.2553530637715,3
28.035299505767146,3.3155503357958915,3373.2894942559387,3
25.19762499650937,3.188330309593508,3282.039846362736,3
29.645725164865674,3.2219749917628167,4042.6053417750963,3
26.64656267516946,3.325083422169059,4136.906999836746,3
25.992711784787353,3.3860944126387347,4365.79558174935,3
26.510509496006243,3.212869250571671,3788.42698088899,3
30.23667133465255,3.3281484845837705,4464.859558726339,3
25.90995224545478,3.3870012802348866,3766.6566654793014,3
23.827829872457222,3.233477077818718,4286.059004309192,3
28.706810984057558,3.4212630446182044,3813.02239705473,3
24.383321271120334,3.3588938316803505,3647.993284498393,3
30.059975965304094,3.35301030165555,3971.184511267101,3
32.22957692537176,3.253879866145577,4003.982122149072,3
31.74708818733015,3.2351689722145167,3091.4872729570607,3
30.793237053437995,3.2064795101335553,4365.771433735097,3
29.586127942328307,3.2155078284886174,3292.690659431659,3
28.365013498142638,3.2338104925255236,3733.5421934947376,3
25.347249042010645,3.3213329863793004,4191.757556636678,3
24.640382805170105,3.267552605814025,3861.2473679925943,3
32.027833556381516,3.3451564152892623,3416.199798127853,3
30.511887991263787,3.3763221895278965,4347.046380344432,3
27.813170727166245,3.3482709043626597,3830.420953077575,3
24.210230737059582,3.250495903507591,3150.653583279392,3
27.249310905588498,3.301288972963883,4064.6256526977495,3
27.012522616183503,3.359981049763057,3378.0884627640016,3
27.328751936008903,3.3615697032310843,3339.951921904357,3
31.023776820287605,3.212588849648956,3235.190510683851,3
28.563626711542966,3.288283434544764,3499.8776576702944,3
31.44146193299898,3.19027537159327,3983.6154915036354,3
26.67073116269004,3.2083920843994793,4444.7471665644225,3
28.020172181245087,3.320288979727825,4469.779708954511,3
25.025798449202853,3.4310846038728386,3244.8338495266225,3
28.621894353621467,3.2857237240706922,3101.140087895843,3
30.41736998509226,3.329017723582649,4089.0881684735687,3
27.144704670447567,3.301756431920721,3637.732340716501,3
27.743635480332596,3.341071445052482,4307.946980950555,3
25.982720538628723,3.2331933112708495,3880.775078695954,3
28.61865125394778,3.316980261030116,3122.8623580234375,3
25.616176428015418,3.273114559711536,3131.5557981965494,3
25.157626444708047,3.2966641915445343,3654.4286183745053,3
26.091102462194858,3.2545531218132124,3281.270112871591,3
29.356446848685163,3.33705793824145,3218.514244393949,3
27.643697473574004,3.319618393479037,4344.35605593001,3
26.28028072905518,3.265963538920562,3426.3283966156387,3
31.94546699680882,3.323167202008573,4242.235330994839,3
27.716487309394715,3.3292722715376377,3105.207977123397,3
27.73355306283234,3.269560810281139,3580.8913944936776,3
26.570151889654497,3.240923263420358,4226.052778259019,3
27.46443598520261,3.283127284860532,3997.2474071081183,3
32.07623892786041,3.394741218568219,3386.9270817630913,3
27.154167060404024,3.325214875352625,4251.201646337679,3
29.575547453507085,3.2220593209869155,4249.149718789053,3
29.083383326768026,3.3338090510393665,3755.8712358262464,3
30.672918058132066,3.2204062426062334,4200.882168887771,3
30.16828636909875,3.30085913638028,4344.896383481906,3
29.853794243089446,3.313832724160796,3640.999449193337,3
29.14790084655881,3.219884312161258,4034.3998803341515,3
28.349001183880553,3.2335672026154647,4468.006498713266,3
29.0328503850496,3.237748782294994,4080.583164096109,3
29.250654836038038,3.394744857366841,3103.4337654745173,3
30.801509046405744,3.2396347889089085,4497.490264065274,3
30.17925290317073,3.338730189076913,3283.1037841021252,3
26.502656061844608,3.3024701914102224,4356.440800644375,3
31.871880622968217,3.2452563336018807,3393.408664317457,3
32.86264460134157,3.354906952913986,4287.336296613072,3
30.392643718337883,3.2341281037663006,4408.327037647934,3
31.52878672639743,3.211154993801012,4447.683598586036,3
29.090190845164308,3.2464705844852677,3372.2955815128266,3
27.212965559211863,3.2569908662187634,4382.754455103633,3
26.610477045181653,3.323756422073359,3455.2318530169796,3
29.201721852110246,3.2703641609141676,3435.473649367666,3
30.721768706615794,3.3335227357628727,3785.4459235276677,3
27.57792169475521,3.3841443045432538,4009.1645863998606,3
28.85293746511885,3.3329412290740765,3452.868827998752,3
26.854659968993786,3.230941145501943,3225.0509345123596,3
28.250645850797294,3.3403573023361415,3743.8999715865953,3
27.891654096790774,3.1974066312070195,3575.65065154008,3
28.160435398111144,3.2695332071002317,4272.38290124093,3
32.6183738004331,3.2906807177785558,3260.7599711144676,3
26.178073124112842,3.3618643659217624,3499.955877868201,3
27.459501958705214,3.3277367077308524,3113.2152284893364,3
28.091876996252665,3.268815456722115,3504.6220421187195,3
26.28030946130894,3.2363874380275104,3734.2778053064317,3
25.143225613607893,3.3091628288000527,3122.812601157488,3
25.199253436028112,3.3307066199753206,3215.4140766264,3
30.496319794635326,3.3128835736989592,3375.089669937153,3
30.901306896104842,3.3190135973756196,3935.807642256307,3
29.218134458144473,3.407736148895071,3617.903615308989,3
29.600885603358158,3.3649569320348127,4502.560964221012,3
24.844272359263105,3.3891275922527013,3734.9285924569763,3
29.004154165907803,3.3596626972977996,4319.976225590233,3
27.914081411392043,3.27127737811935,3496.3407336121645,3
30.208162152049805,3.257794252030461,3893.2196208426135,3
27.113795796894856,3.2299956118147466,4311.915178487703,3
27.485591754613015,3.401469354195714,4355.768450423494,3
29.490793832514907,3.3701644782381663,3108.1761800683207,3
29.033880134913876,3.199277240867797,4414.1855099171025,3
30.360947218040973,3.412528994134886,4451.219208284782,3
25.82283894673449,3.3306779117968537,3871.0897330821335,3
29.085889381441497,3.345482167403409,4287.249755189632,3
30.362705338689185,3.364305309603727,3588.05857352403,3
30.711155785662342,3.3819533592295885,4174.934129695368,3
29.146676861937085,3.3614532478949184,4197.279492021162,3
31.210954663140782,3.2183921460055367,3040.798154400939,3
29.747974216784666,3.3845459590746723,4227.88000406616,3
24.271692697983333,3.3631282307112484,4321.353957318746,3
28.273543570837823,3.314018790841342,4321.854770111668,3
31.6369204404089,3.266336966772639,4057.9733519669844,3
30.402322359126508,3.33176664639764,3360.6672635639443,3
25.04798122069884,3.2494229553443295,4182.093871560034,3
27.11760198946605,3.2494167158819742,3171.286021302855,3
29.82022911173743,3.2742464744979443,4168.447980757427,3
32.0321056113298,3.3165286995848544,4430.241930209779,3
29.71725964774954,3.3348682717325118,3902.9670781423474,3
29.7471667799972,3.301515038434044,3986.7186473885627,3
31.034403217657236,3.358322421809148,3692.2235964503966,3
31.435852961602517,3.260803972176459,3149.5697108117815,3
29.860776326174218,3.2379262074388144,3781.269012849269,3
26.286396467606565,3.325895896387682,3619.5512339017628,3
28.606428665115835,3.328351455956569,4152.823026372371,3
24.28052093574232,3.262292869896023,3444.674619027017,3
31.160538997551825,3.2872933172471437,3559.0945985172,3
29.264252776430816,3.3395485957216113,4420.984953498983,3
25.12105357124698,3.230006577101521,3984.6615142058035,3
27.013872787112057,3.265353326258895,3032.1619299301437,3
26.339027920455866,3.1975883504458635,4181.568593760093,3
29.385012707171583,3.3472943663567687,4253.819253539246,3
31.887659508541653,3.258414005895839,4284.607992050964,3
25.562017802184634,3.3748116965926953,3479.5948126588,3
28.066055309850206,3.295758083684831,3991.3147885387275,3
31.54042905999135,3.284694304387939,3564.8876479793694,3
30.457658471284226,3.2777965908319224,3245.6643935200577,3
26.19913561537226,3.1746365313670757,3235.9368310816676,3
28.813077516724647,3.341885596788399,3623.4090899661546,3
26.52341945743572,3.2016573677937035,4404.792432201291,3
27.87500898005253,3.3145435750562777,4273.095118428705,3
23.693014863872463,3.3025243487736127,3755.5574915222164,3
27.23422801209784,3.31217860487718,3792.987856869524,3
27.678735501526607,3.2802698866602724,3525.6032512305833,3
27.91464235175529,3.245245656796085,3828.5779000089906,3
27.695244173520205,3.286361949402266,4409.101584261594,3
29.700065130889428,3.2695765571642097,3224.4092268535046,3
27.288090803272716,3.246600512292124,4014.6200889146403,3
27.463962886743385,3.3707932032316994,4468.078957052793,3
26.173930735052394,3.3373182488045208,3461.697768629754,3
29.870705915288408,3.3691491354022887,3961.1609482363738,3
29.936033190964338,3.2355038963118,4238.72907211181,3
31.4611721152346,3.2807803071422508,3402.5061379387425,3
31.65594378736392,3.208044906387733,3157.339293071186,3
26.962849491878004,3.337301775487455,3114.446598774864,3
26.600733855467432,3.298948759977157,3181.4601097143686,3
23.705973803897166,3.190518241275767,4114.182352735293,3
24.767209915108424,3.422499573044363,3994.0648043951182,3
25.942909591909086,3.367284333822594,3843.1959787279625,3
28.98748858485796,3.2862815919309964,4239.972489439458,3
31.080446300282716,3.248886475982253,3164.7280470531286,3
27.593939721353742,3.28408806814307,3259.206986515579,3
23.900517110598088,3.3759872834897973,3726.7530909360703,3
25.933176697707168,3.258579287761711,4501.512281368768,3
27.60703369121353,3.3126216355115004,3952.6772437521167,3
25.879917855362596,3.2440377268327123,3191.875353239509,3
30.419877237174173,3.210804893163275,3560.574350742889,3
28.132929067641662,3.3222907157879353,3804.6940974918307,3
29.640965565487924,3.2829319773759744,4284.014283605849,3
29.22370851510142,3.2309614177413475,3022.610627861897,3
26.045726397074482,3.2608147297054564,3983.2827884208546,3
29.798211144275978,3.2005919396036457,3567.152095038165,3
27.347770500581333,3.201594595142251,3940.618669686671,3
26.81520555582962,3.3557550085179897,3182.1463002888127,3
24.632462226346654,3.338601157252297,3604.4749947680284,3
31.72149537852621,3.222057429288524,3924.3434536208383,3
27.464930394979493,3.386311980248558,3328.135987086875,3
28.951955895828164,3.277824527316347,3687.9173366203236,3
25.12888932334415,3.4110916305465606,3399.718829925062,3
29.198031747736927,3.340636703257418,3735.008961551028,3
31.660550464793555,3.2465805502899134,3090.512690829647,3
26.13443068876855,3.337044630959628,4159.505140931378,3
31.259764350233837,3.3527315194956806,3320.9890517726944,3
27.66915312016399,3.2045108755354117,4108.539186212595,3
29.134979359626836,3.3765406116092875,4136.985042514359,3
26.18460464819512,3.302130133083597,3727.224184140132,3
24.25189283464687,3.2517842606188863,3245.360277064015,3
28.139918946879707,3.391574056715171,4495.064068508754,3
25.448043969701732,3.2276006648345987,3267.5526517603266,3
26.380164994256116,3.208468091714164,4431.57638076975,3
27.6227749577693,3.244892099610417,3591.292299040077,3
27.592639971279286,3.2263235343792513,3667.417799178442,3
24.505602625893903,3.202954958848845,4185.402495854278,3
28.643601012119486,3.3528443929313223,3174.4032323136817,3
29.576553744026004,3.2213891160592434,3983.4176738148885,3
27.57859728245992,3.2442404143950068,3956.7399914476077,3
30.220864413231133,3.2838072177877318,3295.930607793565,3
28.225946067111497,3.3714386392710645,3378.13779701228,3
25.402613831039314,3.2377375005836906,4459.157931844426,3
24.679229845486628,3.2206726010408837,4029.5893313839456,3
30.030178419015716,3.3398923676807053,4201.891742044296,3
27.190566449527818,3.3646701095401785,3298.7250143922984,3
25.05183345932736,3.2291320792514586,3887.5724587614336,3
28.355404384193914,3.345623835925922,4209.093330140464,3
27.050666513170107,3.2507299215363146,3116.299412976855,3
31.06139255530852,3.2391364527044804,3079.8980402833736,3
23.907415168655216,3.237899395382703,3268.4527997084847,3
28.589597176870278,3.3901219887633456,4303.66762098268,3
27.100655010031325,3.2050783153302382,3182.204736906182,3
25.78911459833177,3.4261184407031404,4079.168404939576,3
28.043821592366662,3.202461960499246,3980.912993049294,3
27.026260415131997,3.3675220403188,3701.0774782161957,3
24.805529082598454,3.3726071942632965,4033.338506736216,3
30.750025608206737,3.243001772954151,4405.339804649598,3
30.959375102440106,3.209649298727315,3494.434810884327,3
32.724194327889805,3.3327614710317013,3750.4082159666677,3
30.337278557242968,3.2756242810136547,3273.5747459758936,3
30.973341511786643,3.2687377318834185,3693.3596454693,3
29.99815164563448,3.2415259091438573,3219.178207195723,3
23.65740477956569,3.2175122025861262,4051.9808223668024,3
27.942894040169993,3.318652500526925,4162.986971718218,3
26.08897843059678,3.3242406647811467,3195.7825408974686,3
30.65020279230924,3.1970536797489357,3333.5497759389777,3
26.171340871905834,3.2766979806070076,3850.4937979798133,3
27.674585132514558,3.213194798085945,3069.06603239627,3
25.630742401493762,3.2729816630308006,3363.4331567970253,3
24.90917991605389,3.2880007567922913,3185.0063966655057,3
30.09452961232858,3.3205723592221075,4255.995696653284,3
24.44346570307686,3.3776478530400422,3436.4504047799483,3
23.404201000578073,3.2876529140877393,3257.562174851984,3
29.37349071127901,3.261907383369477,4006.580713593815,3
26.025422634896312,3.343829208738967,4408.880762465957,3
27.00120014371305,3.2322405755593864,3641.2412022042677,3
30.722858878157023,3.3261805668168263,3613.2254797722376,3
30.968776661386695,3.254628543708001,3169.934196778393,3
24.93988943196986,3.3100075225516163,3291.854955839578,3
31.242407060653868,3.361905142991549,3315.288133872558,3
27.23586716024678,3.3186815299042025,3677.2266497756623,3
25.63897491341132,3.3529013747686887,3361.0123659241535,3
26.078101484092937,3.1891017391222745,3512.8398863044995,3
24.52765833547108,3.3256457348624293,3189.3954129077947,3
26.649892016604568,3.3017615928228667,4018.4551998573265,3
31.69546689970799,3.3846198741562223,3436.5005794980816,3
26.7939393362615,3.362210448233283,4094.045393884959,3
29.09502312170661,3.328139290884615,3140.3988118252773,3
25.6560301424726,3.184791658975991,3627.3350487957664,3
29.048255216556008,3.3234646136824058,3669.1166035046535,3
23.574893869022862,3.419944514028964,3219.804603053703,3
24.69241921830253,3.336084401530612,3716.5952139136875,3
27.34987735181795,3.216253178067939,3233.350019987504,3
31.355288852454652,3.381964764162913,4065.2965017844194,3
28.896953713734472,3.3689114780950984,3958.9543695000434,3
26.44782652332737,3.1820889275983033,4282.176473564359,3
25.878501172601453,3.3524403642591447,3570.5614762977484,3
26.227842840715233,3.2194710385395555,4188.1796637219895,3
31.007953637314987,3.3833226087087946,4418.95905907074,3
27.60028628312407,3.302558620622529,3605.0918383338862,3
31.398101909971853,3.382746019043574,4119.760239445523,3
32.15151669416013,3.30134750187639,4394.972013565028,3
27.596178303499027,3.1986908604728947,4408.477650994814,3
31.1352794257931,3.250103008394978,3109.360233200061,3
24.506962336255757,3.3581363479063997,3662.014713167587,3
24.179239146342997,3.299294253814075,3309.633305419621,3
29.083862199271547,3.2254184924615905,4133.297589679351,3
25.436075701031278,3.2128520612363127,3854.2437413990447,3
25.319238191543242,3.2354424866750873,4449.497392722144,3
27.74529878219121,3.3201359933020114,3866.8997554193284,3
30.884833869362062,3.3677182842046998,4371.532170143751,3
29.480993466374844,3.3756101645862455,3318.9053988379715,3
24.791237601098114,3.3777599104055174,4174.41112778043,3
25.837658820012095,3.2837500389259073,4390.070549359292,3
25.19779334673198,3.3858842014964425,3849.969171444257,3
29.79709504605356,3.3244310089625175,4575.450212036655,3
28.51450149590803,3.257270190374859,3733.2063592768272,3
31.356429536864116,3.317395831180882,3194.8576976771687,3
26.82105076600625,3.297832576829424,4318.8498811812415,3
24.51429995449335,3.2188197099689084,4344.174170099481,3
25.452324979245144,3.371343699582538,3182.1638932016463,3
28.796311365336894,3.3271965422082594,3327.5298984168844,3
29.77768857427074,3.2549253159037335,3080.5326974745535,3
24.72683614826584,3.3425621233527756,3370.49936784813,3
29.88445914589541,3.3184284406563793,3732.295877627984,3
29.57606526683375,3.2156483110366865,4339.028931408213,3
24.858629584858374,3.3081473939482673,3919.31933425289,3
31.123963191015182,3.2996682519612857,4332.256920667884,3
24.12282688736874,3.2686487479514077,3756.972116913653,3
28.16514412525175,3.2345637784623307,3217.957252031889,3
27.480102309506997,3.3100476870090145,3923.479287314619,3
26.942634938303524,3.3336498982681686,3449.5070771158635,3
27.63446550345441,3.20320620845028,4021.6596451797764,3
29.404561019561466,3.177862607022517,3710.4501009965193,3
25.95144888764168,3.3586688334081254,3501.1937366071134,3
27.621003699249528,3.36008077580679,3233.3340484278747,3
25.19774824319308,3.359861989727942,3653.1304393399782,3
29.772843824514965,3.3180136917515712,3741.2878671816406,3
30.333934201365203,3.2915900060713126,4129.061859136211,3
24.68915888031927,3.2431844688736238,3183.6654125753917,3
29.60051367148068,3.3431222919284607,4200.2901935902655,3
23.889605347396945,3.2327058611267185,4513.8561981353605,3
26.51928732759571,3.3077584414377523,4285.6952020144445,3
27.30395498714591,3.2413409804257434,4425.799714037125,3
31.433025866920723,3.414391413472598,3160.473295371879,3
28.353369757951935,3.3467722171832612,3673.969416940915,3
29.251108598702693,3.3717934187511234,3436.6151363019603,3
26.292085853396916,3.2917181411663816,3683.802342860727,3
24.68613256297134,3.284865208380846,3053.7479806684464,3
31.181458196676296,3.2718298997398945,3935.9351177503613,3
31.64384414837651,3.2404468383932246,3823.6449524411564,3
26.22435054343581,3.329159387802648,3110.325727782428,3
31.566023096990175,3.2067015599040682,3834.1839814793266,3
25.23613959263019,3.3750297085360543,4156.391690423487,3
26.656042088397744,3.3495477909507385,3032.9056860115024,3
30.26616634175135,3.263431194005602,3178.6085789162994,3
30.14753711460011,3.2091055970779276,4081.255137000317,3
25.007249716454105,3.213071517956227,4124.01803374124,3
30.055402569317796,3.283660929439821,3907.900108340708,3
29.14459716412642,3.235932322012692,4057.2554476820897,3
28.19106777107972,3.2822302935266507,4020.785707613494,3
31.072710288436305,3.3013062401802635,3765.14586175462,3
24.144147602793563,3.222302592664682,4340.428545012179,3
24.124733179048626,3.2568195013260834,3075.8800224590145,3
28.014633681978523,3.253837006054882,3976.5560292473237,3
26.638892314051553,3.319941548568527,3357.4204364725288,3
31.580248733925092,3.24541516385173,3695.8865501545984,3
27.4322079857579,3.304150713124439,3869.740704029536,3
25.510510382935898,3.367080920639605,3318.7368547324195,3
30.970524558184415,3.2937472245607937,4340.210417385225,3
29.644885485879467,3.2400363289365885,4463.304123396018,3
28.31634982611462,3.2165370935016795,3925.536046244949,3
25.015226961903924,3.2468005697227595,4336.833197883492,3
25.466458168418395,3.4028480583678347,4303.479277709944,3
28.126397590414022,3.2759616175825097,3578.898596657028,3
29.389811358179266,3.414556461015957,3672.478940864948,3
27.367496494616574,3.364661472061108,3112.183917605384,3
29.228692128863646,3.3360273142099275,3475.4936657397425,3
24.044527942201277,3.290369605707875,3752.0115837397216,3
27.392947178563674,3.35240467163123,4440.057442789681,3
30.30666412512414,3.4006551391714828,3684.422228704275,3
25.59746816057001,3.246977519564944,3710.551129790504,3
29.404989528914037,3.25611450278095,3553.516805513757,3
31.610457958746032,3.3653786150653877,3770.6291531903053,3
32.17705581406882,3.243541743770547,3947.6805600733796,3
24.467598280165493,3.2845583846988844,3045.550280633056,3
24.96824408221539,3.26981611191598,3763.9739674601374,3
28.509732766518415,3.31504230737633,3175.763467294406,3
29.773875253553676,3.2379819845162787,3305.251419764385,3
30.678670465744034,3.401248631111129,4101.600342261361,3
28.196359701792897,3.410745153578372,3848.871821515791,3
25.713187408412953,3.392040028328407,3041.765706741156,3
30.900706882744245,3.196974867132357,3734.216240854654,3
29.292614965427866,3.2535825139046137,3183.0756349340727,3
27.42540491746666,3.2984781765727598,3587.159306429258,3
26.62885761227766,3.2934936343008294,3583.0901523774332,3
24.845442182357274,3.1689482773076887,4365.988627208569,3
25.19918134545331,3.2289229222159266,3099.8126631780838,3
29.085087108020517,3.410662378712883,3471.168111341914,3
30.47162611716839,3.331207297966623,4440.0684456539975,3
24.411946654853164,3.249574827074379,4487.144672659364,3
29.958325093552396,3.2521280517581177,3469.341421349323,3
24.467778628825716,3.2718569733980023,4117.18186051622,3
30.495889624962185,3.425824700379935,3521.5573427471572,3
27.95026969046799,3.2398631334586785,4179.148588843079,3
25.720706918616024,3.35830300936828,3821.574560740332,3
27.52261961560599,3.264280369887854,3066.232915127732,3
29.836689468664936,3.312983831330103,3809.1177727476975,3
29.1692935779318,3.2611953362931594,4458.636962338651,3
25.23806763699623,3.2488248387116,4256.7451051643575,3
28.211985399384734,3.371885950431816,3238.3671298277904,3
30.703741821552228,3.3662681932597347,4063.58040394603,3
30.456041694655653,3.2381115215767453,4332.9717200407595,3
28.400706470362017,3.3221266844505237,4339.003433013437,3
30.681596747589605,3.3237953199774077,4426.024601448011,3
32.06280212210073,3.2663394161401103,4342.675988299747,3
25.210911458645363,3.35950574708264,3497.4509084660976,3
27.442353041756608,3.2960929613336423,3748.5504740866377,3
24.71447053195919,3.372069484371587,3422.993299950285,3
27.484035857022235,3.337183025926551,3788.1332207521764,3
24.137072398392082,3.299166829513111,3475.5282603731443,3
28.58018671504838,3.317137046201775,4080.0864139387704,3
26.74088940095404,3.3157704830700685,3650.331807902829,3
28.89530162466592,3.271378418109184,3349.6844421508586,3
27.067500430445463,3.353502971542614,3807.2340276544055,3
29.07134908752627,3.237083672348894,4429.738993529865,3
29.923531958960563,3.311021042145963,3885.462449327349,3
25.6297775122788,3.2613194560611154,3707.2967465933143,3
28.640159268422334,3.2712046389844898,3167.0928306583583,3
29.60528841143194,3.3158248898231544,3486.917102393985,3
29.258436891808067,3.4081234290732976,3605.152808699673,3
25.416690544049043,3.3322540349420335,4368.195815765607,3
24.707891571698738,3.365856814810601,3832.1742408341483,3
27.6934023087974,3.2074581436622145,4053.5513128579632,3
25.381838382124425,3.3804526963783856,3957.6879453226024,3
32.15889548101075,3.367478532137767,4405.9582904638855,3
29.625875766209948,3.397367583609588,3177.652283003666,3
24.439967453972823,3.2482935789815643,3657.461392353526,3
26.815338569045327,3.23385450484046,3370.632755689398,3
28.833836933949186,3.2763223360065097,4442.001720225777,3
29.473097227227964,3.2839140489299883,3119.6228969223844,3
30.898539414480325,3.258640845056112,3736.7528439569305,3
31.887963538243852,3.2329807654673424,3411.725354002192,3
25.345871530407596,3.259869892386035,3690.7828990059297,3
28.812452568175058,3.408438257883113,3902.2945871291486,3
25.17131058414996,3.1912339259521314,3106.5657019955825,3
27.126811569604605,3.188167082428281,3986.515459427791,3
26.52693342233075,3.1836097683685454,4414.662761845304,3
27.34116714648806,3.3542987489615155,3144.5719505808624,3
31.136888821298324,3.298823355901653,3543.455198069835,3
27.75315924723032,3.3790900517951266,4024.0433246076595,3
31.868417523276637,3.3617464834986395,3885.796209191217,3
28.416280046569874,3.3732868208190423,3511.5242762525595,3
26.345837773612875,3.3573829420487344,3731.6159787511174,3
30.973737227945136,3.406301059131694,4243.2573118455,3
24.563828642801,3.3069842206305395,3184.869593844784,3
31.304901800399847,3.3060165971197697,3434.1411389374794,3
29.91208611177345,3.255972774503222,3989.583878531187,3
29.738050096043633,3.2568266165552293,4024.8214565025073,3
28.091610149678818,3.3284003528085155,3643.2905757853227,3
31.135730823030162,3.3655837174042236,4111.2299905701575,3
27.68018530205185,3.286439939528744,4371.445462100089,3
30.471259282190555,3.2170314325035667,3254.9910968558765,3
28.030698971452935,3.338481530249396,3801.5022793614694,3
31.451694588604255,3.2319947658739006,4039.732371428732,3
26.483955059312972,3.3300203164579036,4207.655021142229,3
26.84614433805394,3.2665591366775097,3158.7343808487994,3
27.244706343622788,3.3872675633889466,4335.119622168574,3
25.776951932141674,3.2600637799073664,4087.953158303757,3
29.477368578863693,3.3500277557156783,3990.381699513852,3
28.28134577678441,3.2270174019208286,3734.2423402214845,3
25.38252577167936,3.3115351477726693,3426.9069345091166,3
30.921157282439108,3.3458688689763636,3821.970584563451,3
24.84498721854395,3.2991194471057814,3311.044819926472,3
31.691583651346324,3.3929966607143176,3924.070750888383,3
27.557798156043543,3.245758144205701,3055.1810866589494,3
25.03986958330486,3.245308604170033,3941.615955038998,3
30.83822055191548,3.3498936228482767,4249.75937799383,3
29.870249236268737,3.357918174814263,3487.627161227686,3
27.03385676010692,3.4413839900227132,3845.113619181348,3
29.01354522919352,3.241465265998646,3140.6905867127557,3
31.26231684592441,3.3082212841312244,3608.8480736035062,3
27.8177795360346,3.350062254175576,4020.4936030442514,3
29.494823795395874,3.370526117599637,3396.4914305173606,3
28.64514131135523,3.2619430315295355,3527.569280114014,3
28.90743771676413,3.2341572661790683,4170.918076905297,3
26.00493795827118,3.2755041401373886,3994.1751313516615,3
26.622277671984058,3.39452428423056,4385.257157833431,3
26.296364610545673,3.297421811921257,3489.364599581201,3
24.811359054848015,3.2070729190345957,3770.150785197445,3
30.617824421427656,3.3010654345956993,3123.878961681849,3
28.981068910032942,3.319191426140091,4267.006100704845,3
25.333021174105177,3.2283651901439634,4026.0314060577475,3
26.613855834059184,3.3500770839559526,3428.1950817478546,3
29.59821299334222,3.2124237208345874,3155.0239116035214,3
27.37048825895117,3.380526493143549,3892.266069527524,3
26.576891816382258,3.2593866755147256,3671.757947624678,3
27.249756573059706,3.3344267941500947,3440.9119678762404,3
25.132553701083292,3.2995993441500104,3578.3188528872693,3
29.008709044380016,3.200842619178714,4045.849263002393,3
29.895738060442888,3.2175789397463745,4318.259473458722,3
25.57593194591368,3.2940177798600256,3162.3088206906896,3
31.356358788940074,3.3662710695142177,3426.4501567673233,3
24.077100150397293,3.2516460036082258,3835.8299426341337,3
30.83051636708918,3.2599218000418837,4287.679674534089,3
25.435375439491445,3.284426087971497,4174.981846207244,3
27.16807292176497,3.315501571895161,3953.641316732229,3
24.482416301962743,3.197122013523941,3281.4719310037385,3
32.247623100134184,3.3136841384885827,3125.605757182216,3
23.50220807308343,3.2777925744255434,3592.287667863876,3
29.23291224250075,3.256053228331889,3544.382724298267,3
30.746539591747393,3.232226356648931,3920.206655023725,3
25.80775787035744,3.3443869435790625,3964.8291233639106,3
29.94099070287688,3.3380709567127322,4084.9220882207915,3
27.04380056434508,3.3024692579235904,4306.297809566717,3
24.431759284647644,3.216171621359404,3513.480979012533,3
30.92279759327927,3.235580824705856,4190.313592017875,3
24.94694613869897,3.409140913591579,3743.3963027901227,3
29.679053618541367,3.3787819073142544,4212.1459111511695,3
28.399345121784844,3.2595329557152737,3221.036508046486,3
25.51057492787256,3.3922399029159225,3813.9189448019506,3
25.40360634567168,3.282525549277758,3377.465800533235,3
31.40395699820857,3.419757287215383,3843.25597077785,3
31.38531698188902,3.2005397713332644,4334.216267203907,3
29.950204868456293,3.2961181712601655,3467.948120380342,3
26.62183734382516,3.2688095434605655,4265.362196643021,3
25.003479490222976,3.2415102032126826,3177.8259770872273,3
32.79010589903008,3.3700016906670744,4379.916277937383,3
24.851122890411602,3.2294210574357107,4407.213117245226,3
28.113578697227766,3.2153656992190753,3668.8985820883113,3
26.57667369115269,3.4166530930964094,4275.723612049391,3
25.2986433355728,3.38635939796604,4279.969111077807,3
32.33909448491787,3.2501950956805814,3520.4493680371606,3
28.478094379172536,3.278167904720451,4067.5602035644465,3
27.916634346943734,3.3090184101541533,4365.964748933985,3
31.785239090016788,3.325225866205073,3997.5064580854532,3
31.854037032136404,3.2905195832539484,3999.6231662185937,3
29.245749983983576,3.187646705999895,4029.6674940956145,3
28.780593035439175,3.230963126667496,3346.0818485094123,3
28.125410425537282,3.271349524705274,3879.2564311052606,3
31.26474352888204,3.2780272032855016,4026.0038447826228,3
30.81405977502078,3.37859753062649,3166.8029960161007,3
31.17693038120936,3.393215515696549,3119.997905921025,3
27.931523634720683,3.267786840610215,4089.6176360913596,3
23.249857783511192,3.381047120130049,3836.0563932679333,3
28.311564327354567,3.2402072003094804,3340.1152374058997,3
25.024280054146452,3.3728768741640485,3822.164357226259,3
30.718525723778473,3.418287232865357,3459.2315712496197,3
28.488401607666802,3.212316403260532,4212.508998511446,3
24.652587536928458,3.3023228295039924,3798.106389485823,3
30.30735105384446,3.2990180815772447,3043.0698001080937,3
29.05360665978334,3.2945634665691568,3685.022958628817,3
26.227432429724637,3.3177026944865595,3622.2934929711223,3
25.523738208126154,3.37090411045129,3328.2001621744225,3
30.33930314553822,3.277130363420309,3656.4802590065137,3
24.81797781453312,3.3334140796551845,4280.510665426316,3
25.549139026316766,3.3651941161155787,3464.712843374332,3
30.231282030135095,3.383933026852089,3193.5418599061936,3
26.384058419627877,3.3207050521152013,3249.39662355902,3
28.812806781031288,3.2306433708872064,3919.919430556664,3
26.90178980448619,3.286476511622185,3821.8979057505517,3
26.611252937832976,3.3212239226492306,3506.5562204790194,3
24.746783902938276,3.2974903345544657,3410.480440354573,3
25.827544514561524,3.374339703414814,4165.836332056338,3
31.260915005221733,3.3202347160196672,3612.8913884123417,3
26.081350755856516,3.266976461200778,3201.070430449027,3
26.316369961584023,3.217766951148204,4153.758551964211,3
24.922062505627675,3.3629098852032957,3715.426794013551,3
25.17093237711899,3.318730890576746,4292.08437997467,3
27.972135977479862,3.227332808252885,4498.276933439552,3
25.508578801362262,3.3024046860116596,3776.4798882445607,3
29.201248210102413,3.3974783071661387,3294.0219743988573,3
25.846617130614927,3.2968233554331374,4435.734624082492,3
24.842492980224947,3.2323280408946853,4185.687000131898,3
28.36330019386164,3.2217942299684457,3597.35283828353,3
30.864363094836413,3.2714874408232055,4136.7964200596225,3
27.097901157994265,3.3153236085868842,3951.4436723966833,3
28.514976631635715,3.373615178242557,3408.589103506739,3
32.36594746832425,3.2822556269664087,3567.21963393813,3
25.73301399366552,3.3077634765592308,3876.939154469844,3
25.56108066037464,3.2881500432143222,3863.9067102562203,3
27.998389042112265,3.222547377957368,4191.653392323314,3
23.095490362442195,3.172731295601023,4461.384072813403,3
27.611249002894485,3.377710636602268,4341.640618013484,3
27.3776359792498,3.190565773696546,3507.708903927292,3
23.643225784442066,3.328544839845425,3857.148261029494,3
29.635877688459892,3.3355899003574865,3255.354712596564,3
30.41342478333681,3.396166763383729,4012.8161812583617,3
28.304218151342628,3.3087085152530307,3597.3369386894415,3
29.04076857496277,3.325683713142013,3977.3857436624694,3
25.021962439661028,3.3559951008259308,3411.511163173731,3
28.554118946219504,3.28903185142522,4281.0700545359205,3
26.221435098978674,3.3094042915921182,3924.9779174402147,3
28.350179844623025,3.263554933482759,4484.412080162947,3
28.778847470857496,3.190184136811061,4063.3080501727077,3
32.23139509900266,3.3683713379958937,4259.567550127549,3
29.298067117148413,3.197400014467154,3122.7717273225844,3
27.91258904570574,3.374984842096166,4060.9743779566656,3
24.471763150168783,3.378763913700264,4442.6663962818075,3
26.208275076227363,3.3407978491409818,3483.5347186745407,3
29.569443563172033,3.2553337419503605,3297.447723888579,3
27.761065448920927,3.3440885476196573,4270.886342664614,3
24.542003277964813,3.3236093340304156,3084.273381067135,3
29.27258593134334,3.293056264908271,4335.494132089277,3
29.465543209349754,3.3003982722026595,4029.2073698232603,3
31.13899555154708,3.3539817424387857,4307.133627390058,3
30.178225642920676,3.330268661261008,3089.0306392211974,3
25.338815555891394,3.381584561461184,3589.6255498815935,3
30.162039164319467,3.410701411108119,4036.0228649761284,3
27.193295306436795,3.3011962509060124,3137.3630127212195,3
30.83888033278348,3.218300804322494,4379.525860418097,3
27.467412214879978,3.2340186700267646,3410.5423624990103,3
32.46526896119761,3.383465328723437,3834.3950431748112,3
28.765280610615203,3.182679495089366,3990.791312592267,3
27.516831629606884,3.232551169769808,3684.991240350772,3
28.538245226278466,3.3865300309987303,4342.516244476857,3
30.321348698255324,3.299337428448776,4325.275069271423,3
30.03208749433949,3.276008878835985,3820.8197416022217,3
26.749285769210267,3.27957900465893,4127.205227400277,3
27.20127635706986,3.2636311211433093,3656.0107806825954,3
25.910181374444306,3.4035446473378084,3767.9873359232024,3
31.157957088896328,3.303883332339157,3198.8453210392618,3
29.452546756980183,3.2619090467386833,3452.304070484884,3
27.1987730133122,3.3145033003247852,3947.6967149492543,3
25.060474792688705,3.324090409255428,3632.8530727422753,3
25.33644855534161,3.2282430858539763,3117.237810055445,3
24.94936343071745,3.257728010646712,3217.887175648777,3
30.722405362235875,3.3263237774902783,3491.68556900598,3
28.785060318258253,3.2538503615380057,4409.783291587572,3
29.134430269740502,3.294071546363635,4385.481715270479,3
29.587412748283064,3.22936239866767,4078.2485009808956,3
25.524070324489927,3.2093227977988805,3410.3548020459543,3
24.994006659069136,3.2094212800438098,3388.639197177576,3
26.589672672541894,3.2473018002714853,3880.454316338522,3
28.23129053923366,3.29913428963005,4101.962463594055,3
29.348055878540382,3.34283131439369,3796.358394712885,3
28.942576904598823,3.235367867687085,3495.080918537303,3
28.748893168695396,3.1967176025636137,3143.8953244937697,3
23.5094172107343,3.2781425897610705,4035.09128464944,3
27.971158048830397,3.355954920063404,3797.5595804131653,3
31.416629846079488,3.334159231234087,3932.1574907208137,3
27.68772794526549,3.3082015631178026,3610.0722286499263,3
26.345962471378755,3.3056420868748244,3389.856826776967,3
28.37143693606405,3.3332597029126205,3551.102144771774,3
31.064605788552242,3.2764383680980633,4141.62775344475,3
29.437977817357538,3.2281756427783272,4069.3156815907514,3
30.1272572459308,3.3652167250540423,4237.064582327331,3
27.317699955228445,3.408431348976398,3470.9464510758885,3
24.99550159533148,3.2077013082469525,3667.6889298393116,3
24.401027886906313,3.372534759949173,3132.4287480761127,3
30.248409099232568,3.254209966305747,3349.318439522298,3
29.532088948546697,3.390769265681534,4128.788871586026,3
24.09331372083038,3.2906439010502937,3268.1655819920265,3
28.624435137836784,3.3802106489332684,3546.5047294022693,3
28.840259389831935,3.35096856000728,4412.669481839357,3
24.896588876831068,3.2393231649944285,3596.3108812247333,3
25.6136049904813,3.2504378137769154,3576.0468093740224,3
30.413377639058666,3.3887741178096644,3537.968196834761,3
26.673679489269112,3.350552445018786,3551.928789477708,3
30.798936092272296,3.3778339232509866,4472.346444754694,3
28.259403966623292,3.3276571285371013,3721.3764207329177,3
25.691838908891736,3.3196067960294737,3178.807425252511,3
24.903254071072872,3.2474302732321196,4448.231534279418,3
27.749533035962468,3.1982509749260584,4127.131132696961,3
25.813289930078344,3.3973350504603244,3906.8424372938252,3
30.17111308261148,3.263564720456287,4442.59615499106,3
28.967657619050257,3.3462733535923923,3231.410566791772,3
29.750030571973756,3.1892409347449195,3458.727644454124,3
24.669368660847603,3.272357077473949,4287.958486239135,3
29.25055939844021,3.3272643505278787,4421.835647029334,3
28.61659533311497,3.370281897530452,4118.202543793367,3
25.85544824076439,3.2386331552369376,3401.0988716618976,3
30.331475957487687,3.327365679475202,4297.344963578364,3
29.80367589690339,3.2560828052507373,4124.706755917876,3
29.966902479259794,3.432641827585418,3280.565527876082,3
28.514198577548278,3.2466021371464966,4204.107234599031,3
29.07666552849739,3.2650667487409617,4106.04790419546,3
26.385563324748453,3.2204165888410308,3429.8931952552366,3
29.813876116789846,3.367619213549138,3134.1246591672457,3
27.42080484890935,3.3776676358816315,3284.249890651563,3
28.742247643594013,3.3639783038042164,3851.08618046321,3
25.321759805643726,3.2517473245592305,3487.2184427576394,3
28.75645283750308,3.3737946627453637,4108.000164991683,3
29.131313328034615,3.245052385696788,4393.059391761411,3
26.89309256156028,3.401341051026435,3372.6440379014125,3
28.006304472789232,3.188587772959272,3741.7080294120988,3
24.214391044872045,3.33511628579274,3377.149105120981,3
28.13595119949625,3.381783615782441,3304.695726826537,3
25.325642222882557,3.208640422415956,3494.020859203671,3
26.974462169751284,3.28113983910748,3702.461659606102,3
27.713153585555606,3.2028048517071066,3666.597591587118,3
32.194918255092325,3.419404380274957,4319.1724616540305,3
31.714823172142623,3.2015527380810522,3369.0892993191997,3
26.395403008189472,3.2818506547989212,3138.177332675127,3
23.890954113474248,3.3424469560664107,3200.664874390647,3
26.871497442095762,3.3836790974548183,3296.84912143911,3
24.60518141653714,3.3388345971281472,4031.4370192387446,3
31.0384632890484,3.382493028254154,3541.0315932282765,3
24.865883016853715,3.362914896606169,3759.9448497848334,3
31.620838604636443,3.2841209761583587,4237.748268515937,3
28.653655086022447,3.3656014619866412,3545.3484767222917,3
30.50442949378367,3.295643539007156,3542.569483607325,3
27.401974718978533,3.3100689215160344,3117.6008566857804,3
30.42653271085224,3.265218252557171,3410.5216386148095,3
28.526887198218752,3.341096115485071,3173.155188072103,3
27.84920039611598,3.290693706815419,4038.212921799517,3
28.65479747316253,3.2344717071009246,3444.069699503563,3
30.75698867305227,3.2156326177077195,3992.6434271873445,3
31.03942499724027,3.404287360683726,3100.016001994702,3
29.226906431196145,3.260164837252733,4174.949598288184,3
29.33402096670941,3.1902928529952677,4174.3964454731295,3
24.970447117773123,3.2702050603175277,3116.032716690145,3
24.552466065902724,3.3288615086471824,3885.427102732215,3
26.510035216849356,3.3014754978509133,3745.608871847752,3
31.69335054284266,3.2640350991256493,3331.5960420531005,3
26.887100199194418,3.3858671309284567,4193.956306668035,3
26.99915829158272,3.238646121975247,3983.9087280163753,3
31.265001877588155,3.275540381107382,3556.1560237496956,3
29.10442657235051,3.254232803296788,4284.771816527273,3
30.749692287603743,3.3479592338254807,4392.374198368272,3
25.2254214826306,3.4111951788062207,3263.532200944196,3
29.188837255717424,3.2644705973595944,3825.435523317494,3
25.90568208894605,3.304990162296956,3953.482186437308,3
31.9864682753275,3.3501351652089877,3724.7311445840464,3
25.139208278427617,3.397209407175803,4455.7915340772215,3
27.78195738780883,3.348087476144443,4369.2058202237085,3
29.311068121072694,3.211178059886906,3425.714687260258,3
31.509603623913346,3.3156815498518215,3680.8763613621577,3
30.44098248739397,3.2221826158137357,3086.070912123759,3
29.678852611931017,3.2933625110036977,3140.0677810023085,3
30.831089453643784,3.355198996323275,3355.1352028713472,3
29.740637233619115,3.240339195737129,3566.3830383556797,3
24.575496321475455,3.2799167506741616,4463.266524462925,3
25.385034061001384,3.3133559702203876,3537.1873005644165,3
29.651778912927444,3.3833660089009308,3727.3813103600455,3
30.476455388501677,3.3057253396789683,3257.97541151933,3
25.768842578677695,3.3437124140217684,4326.819040230733,3
29.709755445589664,3.2768330693520156,3106.0819059859527,3
26.02158420324652,3.356978373301439,3764.357522763127,3
24.775305119445374,3.3397895206141754,3789.9887093531706,3
27.001153973169977,3.1936928371266933,4041.1337266916903,3
29.18885059656921,3.256618230708853,3119.191917712656,3
29.541468966396437,3.2274780741228226,4182.117896223581,3
23.677869263975996,3.3200048605388233,4341.344118780023,3
30.268466715977944,3.32365535237305,3136.085661853329,3
30.080098828075503,3.196155713590511,3943.112963715982,3
26.756564125113737,3.3163235776830358,4468.197130553089,3
29.75039398143053,3.3424477074267136,3795.8102542231286,3
28.279832793840058,3.3856661154891428,3930.452754360859,3
25.84720482700959,3.3584917683198796,4219.159580263238,3
27.80957828997934,3.3652819551719997,3911.220690169803,3
31.339196309763203,3.311521800993843,4328.026086169092,3
29.19434681694291,3.3452207399113285,3711.4611397032527,3
29.15378095750809,3.295459690600009,3737.320925904968,3
24.256770542257424,3.2343105539026253,4109.351386913126,3
28.693698272411698,3.3738638148765565,3982.6929564151574,3
29.882675577392302,3.409845005973429,3743.598311274698,3
29.60937754192003,3.340859059890245,3615.1493894301825,3
30.787862662297066,3.4152454694360697,3894.9689568001663,3
28.593585156825615,3.3003096961039646,4216.5045553936125,3
31.22843405512372,3.3286840984314043,3250.45022863395,3
29.075941649758906,3.2046984695442298,3372.6902655374315,3
31.36959732603433,3.2784061501981445,3744.820241560205,3
28.358948736986935,3.271650471699997,4199.714267644911,3
26.759089450731114,3.337817527642593,3982.18063374435,3
29.8632951166581,3.2717536655021546,3817.5249427661556,3
28.729640702203657,3.300626682479242,3098.718758024965,3
24.606417181534745,3.325598457140864,4182.919743946791,3
27.376630583932357,3.2303875901188355,4184.583251494599,3
29.76467921678119,3.3787064412473993,3396.599001479536,3
29.328701807655275,3.3714468215536257,3891.012889805475,3
25.56322142832585,3.2506935404964357,3941.201776716518,3
26.63518602808476,3.309344974187063,3433.562968557472,3
31.95022627738468,3.263290336917715,3505.186573738607,3
27.345303195525776,3.2561763364506735,3042.044896433269,3
24.11552444574459,3.2272975037789986,3784.883633144708,3
27.247353587181056,3.337349169393407,4027.8374440329567,3
26.45211802959782,3.341283419340964,3422.0738301952447,3
26.329574269870122,3.281479567327122,3865.148052688082,3
27.226223922199438,3.3727407825897053,4310.739009812445,3
26.267354256508675,3.3339409912132494,4508.6364307121485,3
25.68165291538918,3.208973159028086,3205.4940995890256,3
24.869908933484247,3.3192673050744914,4306.646782947214,3
25.367258888273543,3.36044898295171,3821.133950427122,3
24.56588516748262,3.314483330788181,3093.441114804906,3
28.543646493177565,3.3481452093975355,3530.0722746688916,3
26.945056406785742,3.27606615366096,4355.237041435859,3
29.32258028197106,3.3282333667943753,4034.198415126843,3
25.291059241759484,3.245397571903823,3698.6112440898987,3
26.863290759546103,3.1720743353993455,3486.234259196729,3
24.34246159402333,3.3583746268355763,3859.2430579697884,3
27.362549356694892,3.2795274067595073,3240.754820880479,3
31.035755665208,3.350404079030406,4271.414832377719,3
30.748831406840768,3.3465734109707426,3693.6774726538865,3
24.2289573676001,3.2388362428568405,3480.920066780863,3
29.03660600294572,3.246789404714811,3360.055079238691,3
25.372864774032816,3.3261210108658936,3946.8016255308407,3
28.046217285965067,3.260566493381944,3325.9355966717044,3
25.13197731012303,3.354207087444703,4033.5462757831774,3
23.715481724648832,3.2377474947930063,3915.7930697443207,3
25.341220427685943,3.2865817311664927,4433.617526307398,3
32.04059751147654,3.3705687987919704,3206.2927618424055,3
30.52819875595584,3.251358036986186,3222.397212226013,3
30.694334820971793,3.300983688257308,3933.316182089075,3
31.537129615948754,3.249493492944139,3221.9298285271066,3
26.343819687424958,3.3283119684058398,4371.48339203039,3
29.9507901204649,3.3906380463674646,3906.632093815236,3
26.265932485258027,3.2490659503914068,4486.132625329486,3
26.095766983334677,3.3476782883229457,3628.4381120471066,3
26.933715134984606,3.2371005801878665,3378.4656169858813,3
29.499279929535597,3.2137775397976243,3753.6362120289245,3
31.711114085980455,3.2939293275011026,4132.489508811057,3
24.482313679479706,3.203112694901728,4064.3361454426536,3
31.559601326684298,3.3974011431803257,3411.7183893313418,3
29.046599776701246,3.261987163328203,3457.059554595604,3
29.741167311748324,3.2848893336392946,3202.3470624332267,3
26.530361809244006,3.2982316018786078,4433.550465849061,3
24.030696923704042,3.2143060273707995,3576.0650954077546,3
26.91047909000452,3.323955130508853,3532.9582147424553,3
26.116570238235237,3.3343922030084503,3775.100579736865,3
24.17011218083985,3.261598583294758,4395.212426826764,3
24.229716358369256,3.3001517597696464,3418.3514292003288,3
27.256183466121986,3.215812558062739,3961.1803692509784,3
29.212222803972182,3.2904740125169876,4151.924549094849,3
26.64190769429402,3.278756611966121,3151.0794126980445,3
29.90911402974122,3.3562178452260056,3733.0685130854754,3
25.336922038629847,3.3152308034722675,3434.65982458721,3
24.165951141322726,3.333635322995598,3108.468481901272,3
25.93101313330943,3.333442641757046,3488.6851338409097,3
30.856117989416436,3.265333726877359,3382.47710721712,3
26.15458882949875,3.260692053917131,3480.7874370985032,3
26.120135383036803,3.263514986010035,3337.0561806125907,3
29.649379728394734,3.296890104205441,3518.7556083464215,3
31.43053226636184,3.2163298306234815,3347.749969894678,3
30.447906961103357,3.302833730392488,4250.703911327179,3
29.043116553649387,3.3909430880998728,4106.566386732036,3
26.85326736678215,3.2915940604358838,3475.595432516457,3
23.881656806257055,3.351944303441891,3654.9550284338925,3
28.050825779973078,3.323728857366802,3297.7713540816494,3
30.757669214296712,3.1799515161492,4428.6617032054155,3
24.307860906935062,3.2908209224879346,3482.5331547275196,3
30.307826654213336,3.2412411793915394,4284.655945986592,3
26.476389785790385,3.3298248090221305,3997.143591880113,3
30.88154119956322,3.315158425509548,4000.4086462577834,3
31.139355569491265,3.3114288076163443,3072.6990968744653,3
25.909055214052383,3.3974507939176166,4112.606595109626,3
30.996452329449244,3.31996363459019,4431.691049313994,3
30.333779883536195,3.2403926594370205,4346.433655805065,3
27.78083013004659,3.2722821654739827,3222.709016200596,3
28.039662673987454,3.382014215007101,3186.3784381383907,3
29.728864861591358,3.2505253790074473,4383.829305072002,3
28.929195302900514,3.302640735666357,3143.9862248294444,3
29.72001969800039,3.2448460346947336,3631.0893398194703,3
26.752827536142625,3.281484086076679,3988.8155333622185,3
29.76497063002456,3.311227051222107,4430.948478004015,3
28.713098287766716,3.2313843906281177,3748.0543637660608,3
29.63320725934462,3.323203750462479,3883.008688867493,3
27.255052484380933,3.2600536862147766,3662.4519906866335,3
24.88865595613136,3.3146543235398362,3653.7949037960198,3
32.84947128652572,3.3189954110945914,3148.862472610847,3
26.563535860983954,3.2802852965534424,3512.297508978182,3
28.275642128097964,3.3702699372657405,4109.569360414258,3
32.284789591419276,3.3980677380350723,3834.2502939520114,3
27.447542873717147,3.3578304524860965,4411.5101747298395,3
31.998828178837865,3.3278538727182623,4257.822852333078,3
30.79524666804292,3.393566069766205,3461.3602005432467,3
27.035939218633505,3.412084303014595,4284.657504655268,3
29.924449920407486,3.376480976726456,4117.799400094418,3
31.64454805944746,3.342872199967636,3664.090426481738,3
26.832546597235286,3.290182504204034,3929.08843271549,3
25.295818749411964,3.3248025675573922,3774.59269937376,3
30.83948292513152,3.284877749647003,3341.131971187203,3
26.121945046520548,3.284714033404639,4404.148219784624,3
28.126540164390097,3.30054003866759,4023.3930556126356,3
29.06038018998056,3.359953769705276,4499.193976387887,3
27.613132788418195,3.403539085720323,3094.5442707727275,3
30.000195529844813,3.3392909883861823,3846.837625454191,3
30.094771736301414,3.203790526531089,3209.189761333095,3
29.38589816182389,3.2163143284261317,4276.081411340626,3
26.34519079296377,3.3606542384673284,3900.529109319838,3
24.590227419471702,3.275347521275417,3357.8351350601333,3
25.14525415792756,3.4079783617561086,3322.6158527701355,3
30.543089622564846,3.3377264562391833,4266.786324326912,3
24.7101810006487,3.329190609117071,4213.8380841826165,3
27.193662078454146,3.3130092012572367,4497.799302406849,3
26.622648702965147,3.2553985623048516,3453.2062940286582,3
26.806100764478824,3.3933498582616135,3444.302465679559,3
30.703356231549353,3.342029416422101,3248.8875117190973,3
31.069121001951896,3.3318315475795988,3371.464264544909,3
24.60824423473313,3.421704835406719,3412.367267130595,3
28.043978753353052,3.3508410005408975,3722.9993713726053,3
27.078834446479465,3.3923158269339773,4347.954393619469,3
26.06676096044051,3.32290468336187,3642.5995435981577,3
23.585907205723778,3.356985498615054,3593.1118177498342,3
31.69110077000024,3.418839473649503,4337.740397647016,3
28.89123798667941,3.1984137893072724,3179.348101838177,3
24.949314784855197,3.268369306534713,3395.1829223103305,3
31.605030788157183,3.331507439965106,4387.239309187846,3
24.279375474840627,3.2317844631789914,3375.2396839781113,3
31.9229306968374,3.1881431558227327,3352.8167775009633,3
26.593647091865098,3.39645544853434,3824.377519159215,3
32.00767324600163,3.351290678443068,3824.9304865600534,3
27.21015129962596,3.285339726679043,4142.527071450821,3
24.99010564435231,3.294834716093871,4146.783464191926,3
28.230089099509183,3.305916142852101,4192.450821586984,3
24.715965880248543,3.3366675048398466,3383.0254233222586,3
30.214374751758033,3.2175383724062585,3589.906469859414,3
29.37386203970954,3.3308646504826336,3976.6070886651446,3
29.367916757640003,3.374292447581472,3592.8959729144954,3
29.45140311353041,3.23506557177276,3439.6311121448875,3
27.524258576322076,3.418594159238731,3503.814378729437,3
28.358575965622485,3.2734733331219164,4177.793377619186,3
24.099959051148854,3.296101082842136,3353.7656155047457,3
31.470077229462277,3.344687317279482,3615.631528361961,3
28.262214015209498,3.315531401442181,4432.768757118753,3
31.155189184139207,3.307177022130609,3566.4227863604874,3
24.59053962529497,3.218207146911015,4068.6428505366257,3
30.560561320267425,3.198734324776606,4452.121386170872,3
30.564506312257418,3.3984890608171514,3267.3061964777685,3
31.306731699581366,3.219009487922554,4075.5229778826238,3
30.54155781395108,3.271844163488154,3527.9071182733346,3
25.991066365375367,3.357320840994686,4007.5965587063993,3
26.922805217692968,3.1901110646278155,4239.904630245248,3
24.438164170539366,3.2296300905357636,3468.7228404257958,3
27.129285468670265,3.3939090881660006,3270.1212731789815,3
27.717458829879796,3.2599576223348077,4161.50320362973,3
30.660969035565763,3.2800061873071993,4098.0970970320695,3
30.34458761655094,3.3397829149938647,3061.5657374560465,3
25.737737058120345,3.2809534130737905,4271.6634171487285,3
32.13954022738892,3.353359766493366,4311.146609229294,3
24.386384096666582,3.3019232906935128,3218.545365299782,3
31.127347524804797,3.2193892576677143,3774.5760367833286,3
31.74930033819214,3.2982182689588293,4442.202081753341,3
23.296655542401584,3.3174674139726807,3579.3871887003365,3
27.80402432428605,3.19940429223161,3854.1253621292353,3
27.245080798485457,3.2356707981751325,3072.531276335138,3
32.733427814532284,3.4106452729237273,3626.528609228774,3
25.847263592172624,3.289975358134961,4330.91599901942,3
26.3480730532475,3.3033445269319106,3857.83527786906,3
25.2278210567175,3.2947603535446035,3392.251189738063,3
26.47031252433387,3.2795328748491737,3790.5309758186713,3
29.069202257915254,3.1944274511998065,3264.432078513804,3
24.94390341697591,3.2437957797652515,3165.9433457268215,3
24.329533594146245,3.2644407295142623,3559.0087540676227,3
26.298809487107537,3.404337822874269,4323.87082057908,3
24.691164977435655,3.2006908007276715,3265.4491055811172,3
24.550667609611164,3.2913321094986854,4280.020898706387,3
27.147436241715614,3.2492901382654753,4002.351808278406,3
29.47131652994082,3.3520617212842714,4341.3712717916305,3
28.81927110991677,3.2776534473977623,4154.8760039623485,3
28.444983087787392,3.387011989659072,4381.65668908926,3
29.67926801478608,3.2936892386135286,4213.217571684658,3
27.528401523510624,3.228350671463059,3966.64034280204,3
28.44682860014484,3.23617232694117,3807.120738066119,3
29.313625615650608,3.2375224011311996,3461.744238333118,3
29.67467553910833,3.2559127471306883,3215.0115369425225,3
30.984702753274092,3.364926337355037,3248.640161185229,3
28.84914672104468,3.237301640569751,3939.3271743939777,3
25.567268544548813,3.242552929079595,4337.883299436115,3
26.507892678556406,3.3778493500772515,4351.854292450606,3
27.619164508824845,3.3338188344609927,3211.0443237584245,3
29.071537791766968,3.3952391048870942,4210.993564720986,3
28.512622568950853,3.3743158398183146,3793.236198230794,3
31.26970020442249,3.293159935981356,3346.5280010922193,3
25.834191104735968,3.3906776065273903,3823.8179471106946,3
30.138910962515553,3.349567812215729,3670.4356742010646,3
24.060047669297397,3.3242823302924416,3528.0867528298722,3
23.844273537750396,3.389922543018643,4273.338336446891,3
30.040005392230487,3.355291496245512,4161.121668946578,3
26.593685551226216,3.265295415557832,3954.53218696745,3
28.19990192034702,3.269697050791407,4501.401663117959,3
28.141467979540906,3.249717120698904,3797.370827310691,3
27.232919679129694,3.2900190676666505,3647.0387818868917,3
26.86556420685425,3.21117625930215,4339.884448792489,3
27.95856082241461,3.3509899296819703,3835.927980967455,3
30.481358762709544,3.248375779217361,3379.4455784970824,3
28.964653235246903,3.341255572998437,3979.544556828018,3
29.675974637968686,3.182787141844533,4325.751862834302,3
31.39544629528814,3.1960348510958023,3079.904811266587,3
32.07113811793888,3.214494124672383,3747.4309970134304,3
29.211349842312778,3.2760454865093416,3706.352060578986,3
27.43780524444633,3.390925447072649,4403.6295286265295,3
29.421017050443517,3.2890485916990033,3500.8703668455087,3
31.391136120355384,3.3686259564665155,4119.676218135222,3
25.22248231598253,3.2556463088552072,3138.169142970434,3
31.028655689847202,3.289359585207174,3765.6995548935447,3
29.8475789287598,3.32041192472316,3814.9737031069662,3
28.24968851403185,3.251838294323443,3377.883916165699,3
29.80432717173769,3.281646089115263,4093.731358447307,3
25.415150396271653,3.2691151292954603,3074.8896687993747,3
28.719637295501293,3.321791219751313,4195.8074508993295,3
25.501852598546296,3.349790604480825,3232.3126638745343,3
30.174349257520444,3.357787792639293,4195.406913041407,3
28.20090192556372,3.344766878137834,4113.638474361062,3
25.689008802438707,3.3891175025799924,3216.0427169233158,3
25.280316705167817,3.298904000784636,3941.8099213937567,3
26.93362275187028,3.220705409113028,3419.5734540008034,3
25.710691759758138,3.1984876407350895,4251.14447359505,3
27.496068441159515,3.2065338367420244,3266.563661035795,3
30.85074946855309,3.3608864195239643,4348.278644598374,3
28.36081596276136,3.2880846848296748,3083.3316815805374,3
29.197976798635985,3.298498650469828,4245.15795153711,3
24.441762434432558,3.2389329502932704,4225.242527043709,3
29.02876145967535,3.31258427560264,4436.789308971162,3
27.662028056147513,3.27726813911414,3389.3750534574474,3
27.044855593673542,3.2781861358252797,3302.9671728167436,3
24.501942065334823,3.3640407768977445,4362.7117233635945,3
26.958372918571296,3.3695261551852442,3521.734026909971,3
29.299491697315325,3.233345125330111,3195.3148740099505,3
24.64057679138229,3.259834490313744,4246.769614890079,3
25.02045547117775,3.3235694766670405,3626.1668089283557,3
27.791119753079975,3.268595126641224,3911.83701485693,3
24.79501059301085,3.3281916992160476,3647.394962211884,3
24.266404759761777,3.251456514258035,4160.456482051566,3
30.121325506964926,3.251429114252461,3521.0629307804156,3
27.9597707329231,3.2329714465823653,4186.673726898802,3
31.632752839468964,3.2677080336676187,3679.1277445537185,3
30.073082573315748,3.3213730109598187,3138.617722826377,3
26.76771190923725,3.3650127803235406,4109.040635183739,3
24.638623389708073,3.308817563724097,4428.591268727058,3
26.55936797824861,3.2761250651047056,3171.0711180104013,3
27.202718097547866,3.402705161311399,3199.1319149179103,3
31.535636523135608,3.405267237064021,4247.224343466915,3
30.26054994381653,3.2471667457039937,3681.880321540587,3
25.115236898021696,3.248380703705187,4263.517864777607,3
26.92828829958523,3.317603318293536,3531.9739254122424,3
27.450591822472422,3.3299408787462914,3841.5804413695932,3
27.444732779879192,3.2579569843499763,3091.5539869417153,3
25.613067616206006,3.273979877839659,4290.491132179642,3
29.10711805013878,3.347490913945944,3386.314123562,3
26.48115328901487,3.311160927831139,3752.2687843651875,3
25.150601771667674,3.2526752189540495,3234.4014662439745,3
28.55624049966794,3.216625833550394,3803.8567539454843,3
29.639063967448497,3.3338353496875364,4178.1446847420075,3
24.70022154329211,3.28239491894186,4093.9724226052663,3
24.504111345701123,3.3923497244728273,4278.352355685668,3
24.324318575196056,3.266903061634227,3902.872372519436,3
29.13718481048733,3.313922661176474,3125.751961303626,3
25.365504407807727,3.2598468527236433,3471.187081673602,3
26.904441150135586,3.262455949382161,3601.622610094326,3
24.685988384788125,3.37173990545216,3223.220290829063,3
24.684738403703154,3.1922226329991945,3192.971321168265,3
31.1427758908349,3.3139484703155713,3596.8336593935287,3
26.74777543123778,3.341229040862146,4140.288834858486,3
26.881402477449047,3.3290500487759864,3533.617223818861,3
27.360159510447126,3.3444793479451245,3000.3836084341337,3
29.345653629412052,3.3002483675224163,4109.674216910324,3
32.03863642585442,3.213085044653153,3191.6987311702737,3
29.901510185083325,3.1713525751020217,4060.4629971216436,3
26.340475274512745,3.280432254693824,3089.8087144535507,3
27.711521617218946,3.421125409786268,4186.028643964465,3
29.47311130006729,3.3060267727260917,4317.477120024271,3
31.46538954067258,3.258268425329947,4230.238456461384,3
30.57308186350361,3.2248759763810506,3550.335161278882,3
29.092103351684813,3.3531365855015385,3347.505628444683,3
25.50910458266167,3.3449262627826353,4434.37979792363,3
25.21801110399107,3.289433693190015,4134.572397421671,3
25.033327480242672,3.2692935477529126,3356.739140018578,3
29.220066576519027,3.323048087031142,4488.053916364577,3
30.40211878480281,3.3287636983310325,4366.044661110818,3
29.359239280450012,3.3203684138222327,3618.03886439795,3
24.008293198106685,3.3478325134361477,3371.783320396627,3
27.331844481688105,3.3810338208703654,3519.82434865768,3
28.95513541128218,3.210432885360155,3315.6001337987773,3
30.938191892797313,3.3906963750613186,3593.5858436569174,3
26.54109933859236,3.301310726209018,3195.7713133359252,3
29.090497517207307,3.296918550412315,4367.030743969276,3
30.301569334515587,3.298428831044649,4417.732289361838,3
28.928956296265465,3.327975892152886,4409.990263849948,3
29.31820979118069,3.2557253377413873,3778.434223782723,3
31.17104331918257,3.3836322914348096,4116.073180686974,3
24.498925734691895,3.374967485659572,3605.206545076649,3
26.254277360230805,3.2886174853352967,3230.1608739823955,3
27.124505936947696,3.320993095327829,3662.721646613552,3
30.72130825637796,3.2599153762745106,3401.220582476948,3
29.86941368218481,3.3640878646121006,4232.0116164618485,3
24.036982268827387,3.310642791293835,4391.606744633044,3
24.892920502979607,3.1969512486562706,4222.078648020896,3
26.523831575015713,3.3358662514995863,3235.4398246244696,3
24.503148245625834,3.222251138464695,3225.3714509139922,3
25.180089844820767,3.3006769801068145,3674.361474903092,3
26.294985288115654,3.316267159586897,3856.0391851783475,3
32.11423225224874,3.3116476224491262,3275.609402814246,3
25.46348515789037,3.3950512935032555,3534.6827397575144,3
29.79485379668294,3.314037347951571,4109.097657751287,3
28.421939493524913,3.295576267808538,4224.2915520335355,3
29.39806222335323,3.348373902825269,3229.879830392608,3
29.338524033482344,3.3409002897705706,3624.211344728729,3
27.015602355798983,3.3189587483023044,3874.3784087217564,3
24.132024306963658,3.320809031526648,3682.7089655247523,3
26.611663583470033,3.332784949291846,4013.4962426213847,3
28.86002630538835,3.3953659823190843,3768.3782475892426,3
28.933360614095204,3.193702045060668,3463.0465279128935,3
25.323417562154116,3.35171831336573,3361.7876724418807,3
25.24529552725079,3.368228515705188,3629.330052341351,3
27.8781290459114,3.2385376163114397,4478.007586212142,3
28.052083414660558,3.308036420753805,3744.461270818103,3
27.670174177914067,3.2269505811023462,4202.676679052721,3
26.02121515764332,3.298384227142485,3203.479966217145,3
29.903638846431708,3.2837304957602687,3381.003692644877,3
24.7694315671835,3.255635815280519,4096.16966663552,3
27.744253750350115,3.354949933150435,3296.668283878434,3
24.090697027240793,3.220645704609936,4215.662603182451,3
27.96295406312268,3.32517174255914,4487.820366938796,3
27.59948596804063,3.3835884428240632,4241.016228119775,3
31.373953601939817,3.3652989521168046,3876.5367190815177,3
24.212076756652046,3.358738452406549,3502.661494895643,3
29.574069914812206,3.210425368113931,3746.7906734565586,3
25.707556440435546,3.343584267293701,3433.84327214512,3
24.66222273738296,3.2342042036979337,3248.9121825708726,3
26.451005289417953,3.203386278591731,3301.6335998720906,3
31.034435743560444,3.197194089384196,3650.57953598655,3
24.669988461251336,3.285539414161736,3611.2604654228912,3
26.068192267452535,3.317821213032425,3365.028211735572,3
26.61342608501182,3.39850237568398,3482.892669100052,3
26.13532403696312,3.34780993429255,3381.424169999761,3
29.725317385256915,3.2947729479408614,3136.0346356352666,3
26.467625284309076,3.246553318698514,3157.328209332657,3
24.5261680475396,3.3150503417934227,4153.526992586703,3
30.422919303815462,3.193287082312134,3649.5591175716654,3
24.91667961665523,3.339033341155657,3695.7121996200276,3
26.352376756753742,3.3312364083816584,4043.2970979550923,3
30.896163431889683,3.3810335102067754,3194.086767271855,3
32.21986149536025,3.335850533838379,3852.230171052811,3
25.56323153777217,3.2138634632027916,3363.508940220102,3
32.71024034851756,3.351577846004506,3267.798105550559,3
31.58585262804865,3.2530939713094558,4292.879094407681,3
31.822266740832042,3.3810322464280724,4072.388188229169,3
31.084012152610423,3.2911549819225683,4358.161542496987,3
25.881269659724,3.3132171317474928,4321.854803191652,3
28.50368899747014,3.2153188565010127,3595.3710192156886,3
27.463556503223785,3.2809208170013098,3070.8891885421817,3
25.156916845982582,3.2029212152791096,3952.5223941074632,3
23.687706821922006,3.18581168154844,3959.219073175624,3
28.59747567137322,3.261218218428806,3433.415135585422,3
30.07593566977857,3.394049501439621,4235.120974520551,3
31.399790098254957,3.273767310897143,3602.049681271311,3
32.07024228617609,3.235329014086831,3994.772013628346,3
28.695603206035234,3.3172825044505614,3378.106559239866,3
30.928126988548378,3.3482751752380318,3135.682077432291,3
31.14024930684741,3.3775674816408223,4012.7518949713267,3
26.80890536484075,3.3867112170256504,3775.592383352672,3
29.904930689221747,3.285584614767659,4307.466957793977,3
29.002272727995724,3.239304429070271,4085.4854419094254,3
30.04509285085469,3.3723779232352165,3945.3728811828737,3
28.937255687845322,3.232609109785696,4485.859622664798,3
29.220288670028065,3.2369885468378516,4160.587700299372,3
29.50468975623553,3.3512161239782587,3286.7909824133117,3
32.168943665492606,3.237515602459233,3364.671044609974,3
29.907707053356013,3.273853167872625,4378.165869822616,3
24.414695684131758,3.1979432625671977,3625.618362243061,3
28.823550279383547,3.2351456711950077,3300.7215272503463,3
26.638856959613967,3.390459365526508,3591.6092015827685,3
27.294460838334114,3.3017834474399326,3591.531189687739,3
27.637681519149837,3.317940213720173,3870.6160582381185,3
27.113514409868383,3.3335711756188204,3754.9645689795366,3
27.759928374807522,3.319322805372295,4054.5342216349327,3
26.28326967450362,3.2466092432277502,3818.815124932507,3
28.652103307080342,3.347694948668512,3519.732501644356,3
26.725167526586155,3.3097758419349472,4251.99007705329,3
28.83014710793691,3.40236440386037,4315.046890896799,3
29.577883578251775,3.262347804889885,3246.9179377121272,3
30.97993613134333,3.2636302360629212,3571.3839372846924,3
24.498412527285947,3.3157712407596875,3115.3987025360616,3
31.64783711750093,3.2854992607740936,3730.260684975762,3
27.299159749018877,3.223142302719527,3450.1565372819323,3
29.903587066911953,3.242425844255992,3999.7986606577365,3
24.592052828334047,3.348552355628555,4249.118996674452,3
25.39410750716212,3.371801990542962,4458.52364893965,3
28.774927925821085,3.271653327979297,4413.282001292334,3
30.795759828474917,3.350467445637702,3532.716370464801,3
31.23826589469054,3.2496734423555815,4168.8835457256455,3
31.139299857106845,3.3685753738951334,3379.1617536742915,3
27.934236086723676,3.3035028226894605,3898.9525456309098,3
31.74001342903974,3.3697095244290947,3969.362459758174,3
24.952994921942906,3.352591212577321,4041.8602902289545,3
24.559795151005073,3.2185277272744885,3984.514050459121,3
29.840516665660218,3.2152810833247694,3460.2962811206444,3
28.3946910894473,3.3716729920992328,4412.316267146145,3
26.26322163464542,3.370661511573109,3552.284837385276,3
31.634721308258396,3.4032760370738133,3115.976797931027,3
29.2447310133009,3.322332877325281,3320.8948891774444,3
25.980193649245894,3.2270167619880374,3488.293436455914,3
25.259651539680213,3.2051261208442683,3774.907225915942,3
24.507694997559174,3.29064207780562,3699.3946636137857,3
27.100095094095515,3.228210468697841,4497.362569557904,3
28.04328795048754,3.3043107511234466,3025.4136156215345,3
31.24210103961534,3.406370830885756,3949.6815699973117,3
28.021671782523647,3.249026917647164,3366.677423960093,3
30.80797630959466,3.2897785019068633,4280.191124562053,3
27.67835061713402,3.37789072217898,3858.4989552508505,3
24.6763752180421,3.289808136975183,3912.479650293109,3
30.139024185908596,3.2986619808748143,3999.9982159234105,3
27.709223940057218,3.2230902837746886,3827.551557849885,3
25.839676676034184,3.3904162805376408,4011.247346799801,3
31.058374966390144,3.2470146687973656,3873.7884217387013,3
26.396009774008046,3.258464307059334,3454.960791696281,3
28.44565217055017,3.3157906639144215,3338.5118660527296,3
29.169616211801173,3.2176536318520736,3841.6600468831634,3
28.72676588613643,3.219023106622195,3846.0223277665273,3
23.97555296896304,3.3266627582563597,3393.2472494922577,3
29.317830016320084,3.2439741756598144,3399.718626151985,3
24.631700131707746,3.311975978141673,4169.897331154629,3
27.865638247808384,3.297295861157449,3414.6515408738524,3
30.068682783990845,3.3565818489635166,3322.391486413266,3
24.713670377045535,3.2897504042658765,3211.8066040572135,3
29.64286760142651,3.337750789624793,3215.709075328479,3
29.739338784464536,3.207908940388852,4329.625904675142,3
26.20231460116656,3.25496051081253,4309.926657350138,3
23.820285732032456,3.3555053752052313,3964.270915547566,3
24.573389251742174,3.197310474432048,4151.42278722941,3
25.03502135371867,3.326415249944703,3190.741033390444,3
32.02473222193886,3.379912950951771,4233.587481083007,3
25.00940625127946,3.3416190589257053,4008.7873451656565,3
25.574871524351735,3.3270880379845185,4164.335262798509,3
26.41810859567836,3.2055264431230768,4328.222276389891,3
26.60961410251784,3.18921138235641,3621.507348363931,3
27.546537380179398,3.2152936051356558,3305.8114216845142,3
29.310610184351752,3.2670648371716733,4058.9810760263895,3
26.279455982121664,3.2510713381092646,3904.45034983693,3
28.774262512094023,3.2190046021114527,3438.640292284475,3
28.524541144865964,3.32167910123265,4429.852214827499,3
24.16541223279548,3.4080352409439385,3438.3929654835692,3
25.348213108700488,3.2379018965791464,4345.678219440406,3
27.903188612699516,3.251163538633358,4365.7544107013655,3
31.036890571118654,3.285179236641449,3198.933166715625,3
29.035349895254637,3.369690358988713,4283.502631988353,3
26.12776632926969,3.2740772932562088,4078.6544252526646,3
26.71845989102559,3.2395619648257163,4067.185168284364,3
30.016118760124645,3.2475219414202843,3550.4273386638865,3
25.32132699299634,3.385388057053829,3733.4840593328868,3
25.268440985675845,3.329785334406394,3400.4602870022545,3
28.070290320175857,3.2463396624134733,3768.946939121325,3
30.367674786162166,3.399167229275403,4133.241684691873,3
25.62768679927842,3.272475284234334,4110.019737554829,3
31.15097338941853,3.344995493795199,3462.9065585104704,3
31.19413046306919,3.2494214658923473,3284.7334772352865,3
29.507357117527228,3.2782448803297175,4257.090510278338,3
25.589170240447526,3.3703099397033447,3893.223607300639,3
27.75897258534665,3.297683720968003,3405.2866024752802,3
28.23739375480185,3.3650362061386647,3771.1891893386105,3
31.416808693832866,3.353070525097096,4490.33079525602,3
30.756591647151925,3.359921398667852,3592.1178646749495,3
27.96158066314294,3.330697273538549,3864.383575532154,3
24.765351241985407,3.210738585575587,4420.645876327512,3
24.985922124285516,3.37430088763365,4061.3126224560033,3
25.11557346837029,3.3000047658259613,3832.326878397017,3
26.55676845252866,3.391551756372001,3321.3765666036543,3
26.72687646847887,3.344312400330384,3388.54259821611,3
29.34402216831602,3.2561618216869834,3435.9029225247655,3
30.178687087650335,3.4018627915579076,3962.73953926831,3
30.17722596438098,3.261396731478219,3601.6736368035617,3
29.967412988040138,3.340313140274378,4179.304474844668,3
28.24429626586689,3.363110757074058,4161.768495144353,3
26.162217808450258,3.3190375215134766,4214.924776904894,3
29.18698617837705,3.1947690290607134,3207.2815059136287,3
25.415261185088866,3.3459458810009055,4535.324442658688,3
24.61560581249403,3.189188346123243,3572.6362096647213,3
29.04819897141795,3.195685972392863,4390.298129665321,3
28.714023411332303,3.215952242639831,3667.3518083710183,3
24.805139397343638,3.255410258810288,4427.907211987465,3
27.204845371918488,3.2429777446486225,4286.617059136466,3
25.21447124140655,3.381067351265846,3098.3310619319973,3
27.305782785676904,3.270588702066892,3460.256501086843,3
28.502723470015262,3.348665356925273,3663.129747103308,3
29.82953228269418,3.3152254193796105,4167.25973482635,3
32.04783496541465,3.2318206108730956,3917.0398458964023,3
27.87808016597615,3.4243528466861104,3771.76539874564,3
28.542897619116854,3.236907355336834,4298.865549900149,3
24.557509733006157,3.2769770981836652,3396.142766249449,3
27.723328500553546,3.4220327294821997,4114.8892282511415,3
28.75016835272543,3.24802149854809,4299.932091227375,3
25.51632200435892,3.2671925100662462,4232.461864404184,3
27.429934888505258,3.386385926077096,4447.924225154214,3
33.24473622929752,3.3974656782301156,3266.370804072404,3
32.45972420130002,3.2265797038218014,3686.6765899046363,3
29.948028493580004,3.2615130735449083,3733.4480316017134,3
27.000340383130784,3.258702811288745,4125.981407234547,3
30.345202477064273,3.26801505622752,4272.179100103815,3
26.673815088618475,3.331039147326955,3871.928948812391,3
32.157718578601475,3.375392523233832,3088.2098350274,3
30.184075121414267,3.2997739267328416,3740.612827055672,3
27.1522278474322,3.2510400864087043,4325.92284535026,3
31.325927329575322,3.1891194354552463,4122.55099172862,3
24.351456258426296,3.266783971861543,4088.412584409121,3
26.78036314689166,3.3892551804244606,3191.615199870971,3
26.078837441094237,3.3510609325326164,4080.248232938842,3
28.85468054347484,3.415510540730914,3620.9533418385963,3
27.863232760913544,3.302406399615847,4155.4665740275395,3
29.76600108616138,3.378862428735146,3969.450634568846,3
26.654617236515623,3.2208765819548097,3755.410741072584,3
32.54752635620421,3.388862134466069,3847.7683536379654,3
28.840395620355345,3.3165936886910856,4190.281759266029,3
25.245576352817338,3.3471914867517265,3178.5654569823337,3
29.702161878846944,3.3782928404986348,3923.508010035551,3
31.877293644906125,3.3139168291275016,3365.376030587683,3
29.726830068579456,3.3387446198974473,3966.9142091391113,3
26.012342559528648,3.3805468766090065,3101.5709610077115,3
25.724605072332047,3.3075465221366223,3658.2788167890612,3
27.86351384822456,3.324524730229221,3752.1115441006127,3
27.215650363321124,3.2601142537697574,3975.566058531647,3
27.541508002747097,3.3550069389208375,3134.107416834097,3
25.79082380669846,3.3069809757437065,3358.031455969059,3
24.573942083689378,3.3402761937315155,4099.330040617805,3
28.12828744754361,3.171586078614618,4457.866701365154,3
30.38576498696643,3.3527795176478867,4445.837319512163,3
30.901048728711245,3.287609547456527,3857.187165973789,3
27.244012031896354,3.4073050133153795,3220.251119175445,3
25.715372948357658,3.26502691556134,4396.133744884176,3
26.80895638111693,3.3277252851142727,4040.9857983054003,3
24.448146629439794,3.28176094370648,3208.4129057426776,3
27.407349569153947,3.349217883970647,3126.5497729810927,3
25.87361087902411,3.294532468323888,3061.7282661394024,3
24.001546927687706,3.217903936555113,3208.9790176820075,3
31.563921785566876,3.416042817493862,3138.754542922244,3
25.514964230756945,3.3804288164162646,3187.7802061967586,3
25.770084128804363,3.2733340772026103,3903.5919311416596,3
27.784155456542123,3.3184547424567326,4380.666308786833,3
26.390214386269022,3.2198626383969517,4183.621028209149,3
30.266247212912525,3.3313849953345325,4127.602434403353,3
32.02865254110404,3.311097256956565,3516.3600750575783,3
26.567664518915112,3.225574682151138,4367.322511462955,3
31.199714756367214,3.355151037398838,3920.2818616343975,3
25.426254588374967,3.250214586752823,4044.3129901833695,3
24.98756933299489,3.260912340470956,4201.97489675522,3
29.593434674458468,3.3892773856421803,3963.925803170323,3
31.461547887112793,3.3413740966875833,3326.3530436149695,3
25.182529041627614,3.2444569360434223,3705.773132696846,3
29.494043487458512,3.247502632769438,3054.8122215480007,3
25.731947077522218,3.394951886434125,3211.6632470845257,3
30.12328670450463,3.3513058064594623,3454.0529111017117,3
28.670139848372646,3.283330887752103,3120.4843265060085,3
26.652355465677516,3.2690668617721355,3081.306483119933,3
27.353589685842337,3.307177766239183,4214.355224190037,3
28.77380406099702,3.359395153764544,4459.027730752424,3
24.712550151907198,3.3736534109431244,3135.3658138898513,3
31.93923133508099,3.2740466767628327,3399.6117535658655,3
27.548587172562186,3.265324776327933,3488.6933385961293,3
29.257703286782128,3.3714555755680187,3721.853373967676,3
28.057278127400398,3.328975733130065,3387.1881446995476,3
24.471479945170756,3.3375024302920226,3307.364885019505,3
31.509601021175303,3.2437076809602234,4146.789883152172,3
29.508810456383657,3.2483419895423924,3710.765155422059,3
29.126826145703404,3.2264049630086897,4128.329484323405,3
27.326587844337933,3.2815541130967993,4278.704141372194,3
31.843637968959982,3.2891829989102197,4500.447754828299,3
30.601691184155605,3.2544579206979534,3430.1336877998683,3
29.201554623950866,3.3894919970555937,4177.835679554672,3
29.247142731022368,3.3434200694021707,3479.869351751794,3
23.84728398087305,3.333509313810794,3387.1254739682445,3
29.321795773037174,3.294939560748726,3114.65932987218,3
30.253845443911963,3.2753647095053635,3070.7606463003167,3
30.12388355112868,3.3128934041321374,3955.59168124198,3
27.251060099911737,3.3302832402198663,3235.9499287022554,3
27.42624634111803,3.1773095388420067,4219.852890302993,3
28.29036777876872,3.3033611395388593,3041.3900207759543,3
24.556885469672427,3.42021658555622,3604.3951675027142,3
28.10756808987937,3.2110898378989847,3095.583439500826,3
27.807629175584044,3.2370795619621107,4113.158374522658,3
28.08784547577608,3.210853842496178,4001.2091090422055,3
26.533666914108327,3.222498251643082,3309.384308327273,3
29.818674797822098,3.346558684009608,3220.988197427072,3
31.047806010198528,3.3408100878489537,4215.3084520863185,3
26.523570425419564,3.282639176730297,4455.873741039901,3
24.892338802528222,3.27438322977714,4521.87925761817,3
25.21994714348643,3.429532606082863,3734.380763743595,3
27.271695249853153,3.2483404958959583,4055.150310666227,3
30.4126130146907,3.3945355767297487,4292.241342810356,3
30.38373387267126,3.2744816495578135,4348.427968677006,3
28.402420603647776,3.3948824028427693,3247.4772777692,3
31.707914177236102,3.3140117658229564,3295.2192084360577,3
29.488340581575653,3.2153080901157827,4019.585956120791,3
28.757411859993788,3.2907565325191968,3178.9964693256798,3
27.34316294769771,3.344741847223238,3616.1909296436083,3
29.717944830247003,3.3321746488009305,3642.9761837528595,3
27.935057609674885,3.3553260117288133,3405.188882666023,3
23.705621197940225,3.3620182246087236,3981.7222722491756,3
26.265921097867018,3.205354755186809,3503.8717701778196,3
28.198270329906183,3.3669247314849535,4037.1588221018146,3
27.357413201028386,3.2317085162624233,3908.7022651395187,3
31.351331412069467,3.2340114343295476,3710.437673357922,3
26.384026964936595,3.2876415529901144,3635.8798437642527,3
24.502351066565087,3.290091553419328,3532.568677051528,3
28.527473721319673,3.2627398210359124,4416.72668869755,3
30.936227069544774,3.339701055282178,4042.3801226008477,3
27.01253161349971,3.3005020901558195,3822.265582135366,3
31.526094437551833,3.2368644262041033,3709.6158823130363,3
26.023745106887453,3.2486306453730114,3117.5793586014065,3
26.588492366242022,3.2902377870566633,4101.214880297908,3
29.134878190176543,3.3129111793962522,3514.1274924654676,3
29.64424160792088,3.293020103075005,4415.9659474442415,3
27.310054212399262,3.3189201375983344,3197.7653842669956,3
30.41076012114674,3.289833607806621,3508.9028565642675,3
28.24372777597043,3.389698832394065,3418.139960020317,3
29.35291753287642,3.3278511672314655,3507.9374914396476,3
30.591879722277035,3.191288281371733,3132.3444114883196,3
31.838576248924184,3.242999881465939,3396.0183913412857,3
27.386641356058913,3.253959746204606,3896.202001023631,3
31.357838877212448,3.368972389078863,4156.946003766445,3
30.8834424348371,3.213585176344235,4046.366751610876,3
30.83377722992779,3.2011743591835224,3749.340514504028,3
28.282008541479183,3.3826896439106386,3749.077532457026,3
31.912017732561985,3.374723675685459,4076.6781667194177,3
28.06221388126063,3.177816966489967,3413.814541709661,3
31.974223216869536,3.325014729241767,3377.8789804426,3
28.094570204442885,3.2855664075106,3653.116901784771,3
31.266852752874975,3.189103711907533,4114.053334184054,3
32.65616278280186,3.3207909575697605,4019.469997668824,3
31.076374727976187,3.2566054268663827,3986.304385487777,3
29.870396188420006,3.2430889319971725,4193.536505634662,3
25.003406316288004,3.33474710118346,3047.0227882405798,3
28.713504951326197,3.329715481681369,3797.7790005846464,3
23.88400564192414,3.2375780660323996,4060.655298205531,3
28.099776023166605,3.2708713515307624,3373.953647541786,3
29.78537122505033,3.251172700964776,3190.3850597750907,3
31.046329195998712,3.3046981373347184,4302.34839192942,3
27.12132296507582,3.222042012164534,4269.764454544291,3
25.603775000427326,3.2804816168465702,3032.248501992008,3
30.963459288185298,3.3681959695563646,3262.594136920161,3
24.786109531875,3.2493427428573867,3875.3399826634195,3
26.416332551892932,3.329868689513391,4236.090285456319,3
25.669195825103106,3.219151414613846,4270.779834289767,3
26.2784407591425,3.2263607274672124,4413.5147740055345,3
27.20664565154277,3.249055894285764,4168.2272077817615,3
24.538411220146774,3.35793017807206,4368.6726951460705,3
27.44419464227297,3.364199226106087,3216.380119816437,3
26.833856332273086,3.311112331437348,3343.425654899374,3
29.948970590630797,3.4069479819689565,3475.943918931093,3
24.47632451014928,3.2701730044441755,4509.487541423724,3
28.02317103318943,3.2440272227655127,3468.4080187277245,3
29.03104637943459,3.2371740644259757,4251.205946609054,3
28.972539100912915,3.2692020377820534,3336.19955102938,3
31.181260371675783,3.425340931246495,3468.227286912033,3
24.686365553687736,3.3867232050304956,3536.393824422572,3
29.75148903247494,3.2503438839414485,4009.275309589871,3
29.45878795331869,3.266555422430032,3739.482352927058,3
24.712417802244378,3.2800150510212256,3341.5604739908536,3
31.517352536390327,3.348911238819203,3364.795949816135,3
31.01420908348413,3.2546409188258263,4103.090054077943,3
27.67484430700188,3.319143171694715,3590.65663274119,3
29.531900800859898,3.337695748158293,4293.441705379982,3
31.417578873991864,3.2930288359786677,4085.566865828388,3
31.727411935986282,3.299691572545659,3382.2350881512566,3
30.16228230247634,3.3518028750764435,3848.2865762370934,3
31.374015112249754,3.189891822447986,4160.094734152971,3
25.71152937996861,3.3382738402520715,3212.3249396779506,3
31.40925499628554,3.230678818756952,3167.655749026815,3
26.57558614244611,3.267395052781627,3567.711440379711,3
28.658556169586976,3.318526387936717,3989.411582788503,3
31.740478148166687,3.247610314947335,3772.7342438821365,3
29.138733573076774,3.3013918116471785,3184.38559736862,3
32.256518758345074,3.3367647488879983,3503.3225008598333,3
29.829753222763937,3.371250392447775,4180.023006962724,3
27.613795580087082,3.1967197964970255,4295.645233280552,3
24.726540426070475,3.27923174639137,3821.073424544767,3
27.023370560875016,3.3868916811052276,4496.147171437166,3
31.576637176292927,3.3459398345379956,3452.4218926216245,3
31.71444705571012,3.402309362839844,3460.682270778717,3
27.388366521107837,3.371849347023604,4524.5794449747655,3
30.364131223741495,3.2622572594869275,3641.736403755742,3
27.28554839139504,3.3038207757154496,4477.953146430212,3
31.423017459534005,3.313587161147849,3280.390257545949,3
28.586703038910944,3.3127218240858847,3713.7608607986344,3
29.08040275268746,3.300858783698466,3613.2247154474244,3
28.695324129929244,3.2780523512374917,3170.0662527085146,3
30.50150128875233,3.248254517094351,3358.4915660947177,3
29.42672675583762,3.3325983711335065,3854.7872451000685,3
26.120470283716415,3.3853370195663346,3281.736640816111,3
31.3252665667969,3.2745692256766525,4463.385037552695,3
24.517958815944095,3.3440817679822503,3136.558359076655,3
29.188780778824267,3.2482065644494775,3331.059121754593,3
24.709535556571524,3.3521920977092887,3631.956624079096,3
25.403157637296367,3.2351337887078775,3718.907481478361,3
31.34064757788869,3.3735239055115906,4143.259452997217,3
24.56192920860159,3.347352010531729,3768.402148145564,3
30.624402297581682,3.2280604303046703,3540.8258840285453,3
31.55075115078577,3.3465302806089996,3669.722966175904,3
29.4234393021956,3.352122262523201,4159.921809674734,3
30.111797198998982,3.3794135658057782,3493.400974372098,3
28.286481617072845,3.2540740135465667,3728.397248266082,3
26.466201550493533,3.3063886486101524,3228.4873442200246,3
26.803590753659897,3.2814194480292174,4153.758259515068,3
24.48215698433043,3.3359417214080556,4418.007314728649,3
28.839386624998316,3.2163658482063027,3655.305703740443,3
28.029091572882823,3.1634271050472282,3320.806187125506,3
30.441402782872373,3.3689858013055733,3535.9839450705285,3
23.003546111293396,3.3712383365060767,3358.264353810376,3
29.79256586388658,3.32561106860704,4164.672200278789,3
30.445221669846813,3.193320192851161,4146.603329195931,3
29.089967179157874,3.364251252016432,3905.77583662652,3
25.23095799525334,3.254565160675069,3925.8854449212054,3
31.22808231553029,3.2795420124863806,3025.0404223523224,3
31.413433053682876,3.3009655357041394,4223.479030320486,3
29.82721400546459,3.2776017941707023,3519.69009704058,3
25.120378054473164,3.390708542026361,3225.265390770331,3
32.1659303162682,3.290094522769323,3417.4710314007602,3
30.72859117894086,3.3377011049137035,3118.3638955278248,3
27.004245519793006,3.364154791877876,3944.3998429821995,3
27.07863128387789,3.2350262282143185,4253.746816459558,3
23.76923525771269,3.374609031964587,3259.34746772737,3
24.41404527410816,3.2648504036228503,3781.793196132831,3
29.855751980049703,3.242320338335667,3938.231182765396,3
27.527374671016176,3.254528802055977,4274.361480057213,3
29.244503887865594,3.321458324990081,3289.779499453064,3
28.27536259958141,3.22085398529396,4117.138878088295,3
